id,escalated_property,escalated_holistic,A_Sentential,A_Normative,A_Referential,A_Process,A_Data,A_Human,A_Atomicity,B_Sentential,B_Normative,B_Referential,B_Process,B_Data,B_Human,B_Atomicity,M_Sentential,M_Normative,M_Referential,M_Process,M_Data,M_Human,M_Atomicity,A3_Completeness,A3_SelfSufficiency,A3_Atomicity3,M3_Completeness,M3_SelfSufficiency,M3_Atomicity3,Ah_Verdict,Mh_Verdict,A1_verdict,A2_verdict,A3_verdict,A4_verdict,A3_check_failed,A3_check_failures,A4_check_failed,A4_check_failures
1,0,0,Complete,Y,Complete,Independent,Independent,Independent,Atomic,Complete,Y,Complete,Independent,Independent,Independent,Atomic,Complete,Y,Complete,Independent,Independent,Independent,Atomic,Complete,Yes,Atomic,Complete,Yes,Atomic,Yes,Yes,Yes,Yes,Yes,Yes,0,,0,
2,0,0,Complete,Y,Complete,Independent,Independent,Independent,Atomic,Complete,Y,Complete,Independent,Independent,Independent,Atomic,Complete,Y,Complete,Independent,Independent,Independent,Atomic,Complete,Yes,Atomic,Complete,Yes,Atomic,Yes,Yes,Yes,Yes,Yes,Yes,0,,0,
3,1,0,Complete,P,Complete,Independent,Independent,Independent,Atomic,Complete,P,Incomplete,Dependent,Dependent,Dependent,,Complete,P,Incomplete,Independent,Independent,Dependent,,Incomplete,No,,Incomplete,No,,No,No,No,No,No,No,1,selfsuff_mismatch;LT4_gate,0,
4,0,0,Complete,Y,Incomplete,Independent,Dependent,Independent,,Complete,Y,Incomplete,Independent,Dependent,Independent,,Complete,Y,Incomplete,Independent,Dependent,Independent,,Incomplete,No,,Incomplete,No,,No,No,No,No,No,No,0,,0,
5,1,0,Incomplete,Compound,Incomplete,Independent,Independent,Independent,,Incomplete,Y,Complete,Independent,Independent,Independent,,Incomplete,Compound,Incomplete,Independent,Independent,Independent,,Incomplete,No,,Incomplete,No,,No,No,No,No,No,No,1,selfsuff_mismatch,1,selfsuff_mismatch
6,0,0,Complete,Y,Complete,Independent,Independent,Independent,Atomic,Complete,Y,Complete,Independent,Independent,Independent,Atomic,Complete,Y,Complete,Independent,Independent,Independent,Atomic,Complete,Yes,Compound,Complete,Yes,Atomic,Yes,Yes,Yes,Yes,Yes,Yes,1,holistic_vs_three;three_vs_seven,0,
7,0,0,Complete,Y,Incomplete,Dependent,Dependent,Dependent,,Complete,Y,Incomplete,Dependent,Dependent,Dependent,,Complete,Y,Incomplete,Dependent,Dependent,Dependent,,Incomplete,No,,Incomplete,No,,No,No,No,No,No,No,0,,0,
8,0,0,Complete,Y,Complete,Independent,Independent,Independent,Compound,Complete,Y,Complete,Independent,Independent,Independent,Compound,Complete,Y,Complete,Independent,Independent,Independent,Compound,Complete,Yes,Compound,Complete,Yes,Compound,Yes,Yes,No,No,No,No,1,holistic_vs_seven;holistic_vs_three,1,holistic_vs_seven;holistic_vs_three
9,0,0,Complete,Y,Complete,Independent,Independent,Independent,Atomic,Complete,Y,Complete,Independent,Independent,Independent,Atomic,Complete,Y,Complete,Independent,Independent,Independent,Atomic,Complete,Yes,Atomic,Complete,Yes,Atomic,Yes,Yes,Yes,Yes,Yes,Yes,0,,0,
10,1,0,Complete,Y,Complete,Independent,Independent,Independent,Compound,Complete,Y,Complete,Independent,Independent,Independent,Atomic,Complete,Y,Complete,Independent,Independent,Independent,Atomic,Complete,Yes,Atomic,Complete,Yes,Atomic,Yes,Yes,No,Yes,No,Yes,1,holistic_vs_seven;three_vs_seven,0,
11,0,0,Complete,Y,Complete,Independent,Independent,Independent,Atomic,Complete,Y,Complete,Independent,Independent,Independent,Atomic,Complete,Y,Complete,Independent,Independent,Independent,Atomic,Complete,Yes,Atomic,Complete,Yes,Atomic,Yes,Yes,Yes,Yes,Yes,Yes,0,,0,
12,0,0,Complete,Y,Incomplete,Dependent,Dependent,Dependent,,Complete,Y,Incomplete,Dependent,Dependent,Dependent,,Complete,Y,Incomplete,Dependent,Dependent,Dependent,,Incomplete,No,,Incomplete,No,,No,No,No,No,No,No,0,,0,
13,0,0,Complete,Y,Complete,Independent,Independent,Independent,Atomic,Complete,Y,Complete,Independent,Independent,Independent,Atomic,Complete,Y,Complete,Independent,Independent,Independent,Atomic,Complete,Yes,Atomic,Complete,Yes,Atomic,Yes,Yes,Yes,Yes,Yes,Yes,0,,0,
14,1,0,Complete,Y,Complete,Independent,Independent,Independent,Compound,Complete,Y,Complete,Independent,Independent,Dependent,Compound,Complete,Y,Complete,Independent,Independent,Dependent,Compound,Incomplete,No,,Incomplete,No,,No,No,No,No,No,No,1,completeness_mismatch;selfsuff_mismatch,1,completeness_mismatch;LT4_gate
15,0,0,Complete,Y,Complete,Independent,Independent,Independent,Compound,Complete,Y,Complete,Independent,Independent,Independent,Compound,Complete,Y,Complete,Independent,Independent,Independent,Compound,Complete,Yes,Compound,Complete,Yes,Compound,Yes,Yes,No,No,No,No,1,holistic_vs_seven;holistic_vs_three,1,holistic_vs_seven;holistic_vs_three
16,1,0,Complete,Y,Complete,Independent,Independent,Independent,Atomic,Complete,Y,Complete,Independent,Independent,Dependent,Atomic,Complete,Y,Complete,Independent,Independent,Dependent,Atomic,Incomplete,No,,Incomplete,No,,No,No,Yes,No,Yes,No,1,holistic_vs_seven;three_vs_seven;completeness_mismatch;selfsuff_mismatch,1,completeness_mismatch;LT4_gate
17,0,0,Complete,Y,Complete,Independent,Independent,Independent,Atomic,Complete,Y,Complete,Independent,Independent,Independent,Atomic,Complete,Y,Complete,Independent,Independent,Independent,Atomic,Complete,Yes,Atomic,Complete,Yes,Atomic,Yes,Yes,Yes,Yes,Yes,Yes,0,,0,
18,1,0,Complete,Y,Complete,Independent,Independent,Independent,Atomic,Complete,Y,Complete,Dependent,Independent,Independent,Atomic,Complete,Y,Complete,Independent,Independent,Independent,Atomic,Complete,Yes,Atomic,Complete,Yes,Atomic,Yes,Yes,Yes,Yes,Yes,Yes,0,,0,
19,0,0,Complete,Y,Complete,Independent,Independent,Independent,Compound,Complete,Y,Complete,Independent,Independent,Independent,Compound,Complete,Y,Complete,Independent,Independent,Independent,Compound,Complete,Yes,Compound,Complete,Yes,Compound,Yes,Yes,No,No,No,No,1,holistic_vs_seven;holistic_vs_three,1,holistic_vs_seven;holistic_vs_three
20,1,0,Complete,N,Incomplete,Dependent,Dependent,Dependent,,Complete,N,Incomplete,Independent,Dependent,Dependent,,Complete,N,Incomplete,Dependent,Dependent,Dependent,,Incomplete,No,,Incomplete,No,,No,No,No,No,No,No,0,,0,
21,0,0,Complete,Y,Complete,Independent,Independent,Independent,Compound,Complete,Y,Complete,Independent,Independent,Independent,Compound,Complete,Y,Complete,Independent,Independent,Independent,Compound,Complete,Yes,Compound,Complete,Yes,Compound,Yes,Yes,No,No,No,No,1,holistic_vs_seven;holistic_vs_three,1,holistic_vs_seven;holistic_vs_three
22,0,0,Complete,Y,Complete,Independent,Independent,Independent,Atomic,Complete,Y,Complete,Independent,Independent,Independent,Atomic,Complete,Y,Complete,Independent,Independent,Independent,Atomic,Complete,Yes,Atomic,Complete,Yes,Atomic,Yes,Yes,Yes,Yes,Yes,Yes,0,,0,
23,1,1,Complete,Compound,Complete,Independent,Independent,Independent,,Complete,Y,Complete,Independent,Independent,Dependent,Compound,Complete,Y,Complete,Independent,Independent,Dependent,Compound,Complete,No,,Complete,No,,Yes,No,No,No,No,No,1,holistic_vs_seven;holistic_vs_three;selfsuff_mismatch,1,LT4_gate
24,1,0,Complete,Y,Complete,Independent,Independent,Independent,Atomic,Complete,Compound,Complete,Independent,Independent,Dependent,Compound,Complete,Compound,Complete,Independent,Independent,Dependent,Compound,Complete,No,,Complete,No,,Yes,Yes,Yes,No,Yes,No,1,holistic_vs_three;three_vs_seven;selfsuff_mismatch,1,holistic_vs_seven;holistic_vs_three;LT4_gate
25,0,0,Incomplete,N,Incomplete,Independent,Independent,Independent,,Incomplete,N,Incomplete,Independent,Independent,Independent,,Incomplete,N,Incomplete,Independent,Independent,Independent,,Incomplete,No,,Incomplete,No,,No,No,No,No,No,No,1,selfsuff_mismatch,1,selfsuff_mismatch
26,0,0,Complete,Y,Complete,Independent,Independent,Independent,Atomic,Complete,Y,Complete,Independent,Independent,Independent,Atomic,Complete,Y,Complete,Independent,Independent,Independent,Atomic,Incomplete,No,,Incomplete,No,,No,No,Yes,Yes,Yes,Yes,1,holistic_vs_seven;three_vs_seven;completeness_mismatch;selfsuff_mismatch,1,holistic_vs_seven;three_vs_seven;completeness_mismatch;selfsuff_mismatch
27,0,0,Complete,Y,Incomplete,Independent,Dependent,Independent,,Complete,Y,Incomplete,Independent,Dependent,Independent,,Complete,Y,Incomplete,Independent,Dependent,Independent,,Complete,No,,Complete,No,,No,No,No,No,No,No,1,completeness_mismatch,1,completeness_mismatch
28,0,0,Complete,Y,Incomplete,Independent,Dependent,Independent,,Complete,Y,Incomplete,Independent,Dependent,Independent,,Complete,Y,Incomplete,Independent,Dependent,Independent,,Complete,No,,Complete,No,,No,No,No,No,No,No,1,completeness_mismatch,1,completeness_mismatch
29,0,0,Complete,Y,Complete,Dependent,Independent,Independent,Atomic,Complete,Y,Complete,Dependent,Independent,Independent,Atomic,Complete,Y,Complete,Dependent,Independent,Independent,Atomic,Complete,No,Atomic,Complete,No,Atomic,No,No,No,No,No,No,1,LT4_gate,1,LT4_gate
30,1,0,Complete,Y,Complete,Independent,Independent,Independent,Atomic,Complete,Y,Complete,Dependent,Dependent,Independent,Atomic,Complete,Y,Complete,Independent,Dependent,Independent,Atomic,Complete,No,Atomic,Complete,No,Atomic,No,No,Yes,No,Yes,No,1,holistic_vs_seven;three_vs_seven;selfsuff_mismatch,1,LT4_gate
31,0,0,Complete,Y,Complete,Dependent,Independent,Independent,Atomic,Complete,Y,Complete,Dependent,Independent,Independent,Atomic,Complete,Y,Complete,Dependent,Independent,Independent,Atomic,Complete,No,Atomic,Complete,No,Atomic,No,No,No,No,No,No,1,LT4_gate,1,LT4_gate
32,1,0,Complete,Y,Complete,Independent,Independent,Independent,Compound,Complete,Y,Incomplete,Independent,Dependent,Independent,,Complete,Y,Incomplete,Independent,Independent,Independent,,Complete,Yes,Compound,Complete,Yes,Compound,Yes,Yes,No,No,No,No,1,holistic_vs_seven;holistic_vs_three,1,holistic_vs_seven;holistic_vs_three;completeness_mismatch
33,1,0,Complete,N,Complete,Independent,Independent,Independent,,Complete,N,Incomplete,Independent,Dependent,Independent,,Complete,N,Complete,Independent,Independent,Independent,,Incomplete,No,,Incomplete,No,,No,No,No,No,No,No,1,selfsuff_mismatch,1,selfsuff_mismatch
34,1,1,Complete,Y,Complete,Independent,Independent,Independent,Atomic,Complete,Y,Incomplete,Independent,Dependent,Independent,,Complete,Y,Complete,Independent,Independent,Independent,Atomic,Complete,Yes,Atomic,Complete,Yes,Atomic,No,Yes,Yes,Yes,Yes,Yes,1,holistic_vs_seven;holistic_vs_three,0,
35,1,1,Complete,Y,Incomplete,Independent,Independent,Dependent,,Complete,Y,Incomplete,Independent,Dependent,Dependent,,Complete,Y,Incomplete,Independent,Independent,Dependent,,Complete,No,Atomic,Complete,Yes,Atomic,No,Yes,No,No,No,No,1,completeness_mismatch;LT4_gate,1,holistic_vs_seven;three_vs_seven;completeness_mismatch;selfsuff_mismatch
36,1,1,Complete,Y,Complete,Independent,Independent,Independent,Compound,Complete,Y,Incomplete,Independent,Dependent,Independent,,Complete,Y,Incomplete,Independent,Dependent,Independent,Atomic,Complete,Yes,Compound,Complete,Yes,Compound,No,Yes,No,No,No,No,0,,1,holistic_vs_seven;holistic_vs_three;completeness_mismatch;selfsuff_mismatch;LT4_gate
37,0,0,Incomplete,N,Incomplete,Independent,Independent,Independent,,Incomplete,N,Incomplete,Independent,Independent,Independent,,Incomplete,N,Incomplete,Independent,Independent,Independent,,Incomplete,No,,Incomplete,No,,No,No,No,No,No,No,1,selfsuff_mismatch,1,selfsuff_mismatch
38,0,0,Complete,Y,Incomplete,Dependent,Dependent,Dependent,,Complete,Y,Incomplete,Dependent,Dependent,Dependent,,Complete,Y,Incomplete,Dependent,Dependent,Dependent,,Incomplete,No,,Incomplete,No,,No,No,No,No,No,No,0,,0,
39,1,1,Complete,Compound,Incomplete,Independent,Dependent,Dependent,,Complete,Compound,Incomplete,Dependent,Dependent,Dependent,Compound,Complete,Compound,Incomplete,Dependent,Dependent,Dependent,Compound,Incomplete,No,,Incomplete,No,,Yes,No,No,No,No,No,1,holistic_vs_seven;holistic_vs_three,1,LT4_gate
40,0,0,Complete,Y,Complete,Independent,Independent,Independent,Compound,Complete,Y,Complete,Independent,Independent,Independent,Compound,Complete,Y,Complete,Independent,Independent,Independent,Compound,Complete,Yes,Compound,Complete,Yes,Compound,Yes,Yes,No,No,No,No,1,holistic_vs_seven;holistic_vs_three,1,holistic_vs_seven;holistic_vs_three
41,0,0,Complete,Y,Complete,Independent,Independent,Independent,Atomic,Complete,Y,Complete,Independent,Independent,Independent,Atomic,Complete,Y,Complete,Independent,Independent,Independent,Atomic,Complete,Yes,Atomic,Complete,Yes,Atomic,Yes,Yes,Yes,Yes,Yes,Yes,0,,0,
42,0,0,Complete,Y,Incomplete,Dependent,Dependent,Dependent,,Complete,Y,Incomplete,Dependent,Dependent,Dependent,,Complete,Y,Incomplete,Dependent,Dependent,Dependent,,Incomplete,No,,Incomplete,No,,No,No,No,No,No,No,0,,0,
43,1,0,Complete,Y,Complete,Independent,Independent,Independent,Compound,Complete,Compound,Complete,Independent,Independent,Independent,Compound,Complete,Y,Complete,Independent,Independent,Independent,Compound,Complete,Yes,Compound,Complete,Yes,Compound,Yes,Yes,No,No,No,No,1,holistic_vs_seven;holistic_vs_three,1,holistic_vs_seven;holistic_vs_three
44,1,1,Complete,Y,Incomplete,Independent,Dependent,Independent,,Complete,Y,Incomplete,Independent,Dependent,Dependent,,Complete,Y,Incomplete,Independent,Dependent,Dependent,,Complete,Yes,Compound,Complete,Yes,Compound,Yes,No,No,No,No,No,1,holistic_vs_seven;holistic_vs_three;completeness_mismatch;selfsuff_mismatch,1,completeness_mismatch;selfsuff_mismatch
45,1,0,Complete,Y,Complete,Independent,Independent,Independent,Compound,Complete,Y,Complete,Independent,Independent,Independent,Atomic,Complete,Y,Complete,Independent,Independent,Independent,Compound,Complete,Yes,Compound,Complete,Yes,Compound,Yes,Yes,No,No,No,No,1,holistic_vs_seven;holistic_vs_three,1,holistic_vs_seven;holistic_vs_three
46,0,0,Complete,Y,Complete,Independent,Independent,Independent,Atomic,Complete,Y,Complete,Independent,Independent,Independent,Atomic,Complete,Y,Complete,Independent,Independent,Independent,Atomic,Complete,Yes,Atomic,Complete,Yes,Atomic,Yes,Yes,Yes,Yes,Yes,Yes,0,,0,
47,0,0,Complete,Y,Complete,Independent,Independent,Independent,Atomic,Complete,Y,Complete,Independent,Independent,Independent,Atomic,Complete,Y,Complete,Independent,Independent,Independent,Atomic,Complete,Yes,Atomic,Complete,Yes,Atomic,Yes,Yes,Yes,Yes,Yes,Yes,0,,0,
48,0,0,Complete,Y,Complete,Independent,Independent,Independent,Atomic,Complete,Y,Complete,Independent,Independent,Independent,Atomic,Complete,Y,Complete,Independent,Independent,Independent,Atomic,Complete,Yes,Atomic,Complete,Yes,Atomic,Yes,Yes,Yes,Yes,Yes,Yes,0,,0,
49,0,0,Complete,Y,Complete,Dependent,Independent,Independent,Atomic,Complete,Y,Complete,Dependent,Independent,Independent,Atomic,Complete,Y,Complete,Dependent,Independent,Independent,Atomic,Complete,No,,Complete,No,,Yes,Yes,No,No,No,No,1,holistic_vs_seven;holistic_vs_three;LT4_gate,1,holistic_vs_seven;holistic_vs_three;LT4_gate
50,0,0,Complete,Y,Complete,Dependent,Independent,Independent,Atomic,Complete,Y,Complete,Dependent,Independent,Independent,Atomic,Complete,Y,Complete,Dependent,Independent,Independent,Atomic,Complete,No,,Complete,No,,Yes,Yes,No,No,No,No,1,holistic_vs_seven;holistic_vs_three;LT4_gate,1,holistic_vs_seven;holistic_vs_three;LT4_gate
51,0,0,Complete,Y,Complete,Independent,Independent,Independent,Atomic,Complete,Y,Complete,Independent,Independent,Independent,Atomic,Complete,Y,Complete,Independent,Independent,Independent,Atomic,Complete,Yes,Atomic,Complete,Yes,Atomic,Yes,Yes,Yes,Yes,Yes,Yes,0,,0,
52,1,0,Complete,Y,Incomplete,Dependent,Dependent,Independent,,Complete,Y,Complete,Dependent,Dependent,Independent,,Complete,Y,Complete,Dependent,Dependent,Independent,,Complete,No,,Complete,No,,No,No,No,No,No,No,1,completeness_mismatch,0,
53,0,0,Complete,Y,Complete,Dependent,Independent,Independent,Atomic,Complete,Y,Complete,Dependent,Independent,Independent,Atomic,Complete,Y,Complete,Dependent,Independent,Independent,Atomic,Complete,No,,Complete,No,,No,No,No,No,No,No,1,LT4_gate,1,LT4_gate
54,0,0,Complete,Y,Complete,Independent,Independent,Independent,Atomic,Complete,Y,Complete,Independent,Independent,Independent,Atomic,Complete,Y,Complete,Independent,Independent,Independent,Atomic,Complete,Yes,Atomic,Complete,Yes,Atomic,Yes,Yes,Yes,Yes,Yes,Yes,0,,0,
55,0,0,Complete,Y,Complete,Independent,Independent,Independent,Atomic,Complete,Y,Complete,Independent,Independent,Independent,Atomic,Complete,Y,Complete,Independent,Independent,Independent,Atomic,Complete,Yes,Atomic,Complete,Yes,Atomic,Yes,Yes,Yes,Yes,Yes,Yes,0,,0,
56,0,0,Complete,Y,Complete,Independent,Independent,Independent,Compound,Complete,Y,Complete,Independent,Independent,Independent,Compound,Complete,Y,Complete,Independent,Independent,Independent,Compound,Complete,Yes,Compound,Complete,Yes,Compound,Yes,Yes,No,No,No,No,1,holistic_vs_seven;holistic_vs_three,1,holistic_vs_seven;holistic_vs_three
57,1,0,Complete,Y,Complete,Independent,Independent,Independent,Compound,Complete,Y,Incomplete,Independent,Dependent,Independent,,Complete,Y,Incomplete,Independent,Dependent,Independent,,Complete,Yes,Compound,Complete,Yes,Compound,Yes,Yes,No,No,No,No,1,holistic_vs_seven;holistic_vs_three,1,holistic_vs_seven;holistic_vs_three;completeness_mismatch;selfsuff_mismatch
58,0,0,Complete,Y,Complete,Independent,Independent,Independent,Atomic,Complete,Y,Complete,Independent,Independent,Independent,Atomic,Complete,Y,Complete,Independent,Independent,Independent,Atomic,Complete,Yes,Atomic,Complete,Yes,Atomic,Yes,Yes,Yes,Yes,Yes,Yes,0,,0,
59,1,0,Complete,Y,Complete,Dependent,Independent,Independent,Compound,Complete,Compound,Complete,Dependent,Dependent,Independent,,Complete,Compound,Complete,Dependent,Independent,Independent,,Complete,No,,Complete,No,,Yes,Yes,No,No,No,No,1,holistic_vs_seven;holistic_vs_three;LT4_gate,1,holistic_vs_seven;holistic_vs_three
60,0,0,Complete,Y,Complete,Independent,Independent,Independent,Compound,Complete,Y,Complete,Independent,Independent,Independent,Compound,Complete,Y,Complete,Independent,Independent,Independent,Compound,Complete,Yes,Compound,Complete,Yes,Compound,Yes,Yes,No,No,No,No,1,holistic_vs_seven;holistic_vs_three,1,holistic_vs_seven;holistic_vs_three
61,0,0,Complete,Y,Incomplete,Independent,Dependent,Independent,,Complete,Y,Incomplete,Independent,Dependent,Independent,,Complete,Y,Incomplete,Independent,Dependent,Independent,,Incomplete,No,,Incomplete,No,,No,No,No,No,No,No,0,,0,
62,0,1,Complete,Y,Complete,Dependent,Independent,Independent,Atomic,Complete,Y,Complete,Dependent,Independent,Independent,Atomic,Complete,Y,Complete,Dependent,Independent,Independent,Atomic,Complete,No,,Complete,No,,Yes,No,No,No,No,No,1,holistic_vs_seven;holistic_vs_three;LT4_gate,1,LT4_gate
63,1,1,Complete,Y,Complete,Independent,Independent,Dependent,,Complete,Y,Complete,Independent,Dependent,Dependent,,Complete,Y,Complete,Independent,Independent,Dependent,,Complete,Yes,Atomic,Complete,Yes,Atomic,Yes,No,No,No,No,No,1,holistic_vs_seven;three_vs_seven;selfsuff_mismatch,1,holistic_vs_three;three_vs_seven;selfsuff_mismatch
64,1,0,Complete,Y,Complete,Dependent,Independent,Dependent,,Complete,Y,Incomplete,Dependent,Dependent,Independent,,Complete,Y,Incomplete,Dependent,Dependent,Dependent,,Complete,No,,Complete,No,,No,No,No,No,No,No,0,,1,completeness_mismatch
65,1,0,Complete,Y,Incomplete,Dependent,Dependent,Dependent,,Complete,Y,Incomplete,Dependent,Dependent,Independent,,Complete,Y,Incomplete,Dependent,Dependent,Independent,,Incomplete,No,,Incomplete,No,,No,No,No,No,No,No,0,,0,
66,0,0,Complete,Compound,Incomplete,Independent,Dependent,Independent,,Complete,Compound,Incomplete,Independent,Dependent,Independent,,Complete,Compound,Incomplete,Independent,Dependent,Independent,,Complete,No,,Complete,No,,No,No,No,No,No,No,1,completeness_mismatch,1,completeness_mismatch
67,1,0,Complete,Y,Complete,Dependent,Dependent,Dependent,,Complete,Y,Incomplete,Dependent,Dependent,Dependent,,Complete,Y,Incomplete,Dependent,Dependent,Dependent,,Complete,No,,Incomplete,No,,No,No,No,No,No,No,0,,0,
68,1,0,Complete,Compound,Incomplete,Dependent,Independent,Dependent,,Complete,Compound,Incomplete,Dependent,Dependent,Independent,,Complete,Compound,Incomplete,Dependent,Dependent,Dependent,,Complete,No,,Complete,No,,No,No,No,No,No,No,1,completeness_mismatch,1,completeness_mismatch
69,0,0,Complete,Y,Complete,Independent,Independent,Independent,Atomic,Complete,Y,Complete,Independent,Independent,Independent,Atomic,Complete,Y,Complete,Independent,Independent,Independent,Atomic,Complete,Yes,Atomic,Complete,Yes,Atomic,Yes,Yes,Yes,Yes,Yes,Yes,0,,0,
70,0,0,Complete,Y,Complete,Independent,Independent,Independent,Atomic,Complete,Y,Complete,Independent,Independent,Independent,Atomic,Complete,Y,Complete,Independent,Independent,Independent,Atomic,Complete,Yes,Atomic,Complete,Yes,Atomic,Yes,Yes,Yes,Yes,Yes,Yes,0,,0,
71,0,0,Complete,Y,Complete,Independent,Independent,Independent,Atomic,Complete,Y,Complete,Independent,Independent,Independent,Atomic,Complete,Y,Complete,Independent,Independent,Independent,Atomic,Complete,Yes,Atomic,Complete,Yes,Atomic,Yes,Yes,Yes,Yes,Yes,Yes,0,,0,
72,0,0,Complete,Y,Complete,Independent,Independent,Independent,Atomic,Complete,Y,Complete,Independent,Independent,Independent,Atomic,Complete,Y,Complete,Independent,Independent,Independent,Atomic,Complete,Yes,Atomic,Complete,Yes,Atomic,Yes,Yes,Yes,Yes,Yes,Yes,0,,0,
73,0,0,Complete,Compound,Complete,Independent,Independent,Independent,Compound,Complete,Compound,Complete,Independent,Independent,Independent,Compound,Complete,Compound,Complete,Independent,Independent,Independent,Compound,Complete,Yes,Compound,Complete,Yes,Compound,Yes,Yes,No,No,No,No,1,holistic_vs_seven;holistic_vs_three,1,holistic_vs_seven;holistic_vs_three
74,0,0,Complete,Y,Complete,Dependent,Independent,Independent,,Complete,Y,Complete,Dependent,Independent,Independent,,Complete,Y,Complete,Dependent,Independent,Independent,,Complete,No,,Complete,Yes,Atomic,Yes,Yes,No,No,No,No,1,holistic_vs_seven;holistic_vs_three,1,holistic_vs_seven;three_vs_seven;selfsuff_mismatch
75,1,0,Complete,Y,Complete,Independent,Independent,Independent,Atomic,Complete,Compound,Complete,Independent,Independent,Independent,Compound,Complete,Compound,Complete,Independent,Independent,Independent,Compound,Complete,Yes,Compound,Complete,Yes,Compound,Yes,Yes,Yes,No,Yes,No,1,holistic_vs_three;three_vs_seven,1,holistic_vs_seven;holistic_vs_three
76,0,0,Complete,Y,Complete,Independent,Independent,Independent,Atomic,Complete,Y,Complete,Independent,Independent,Independent,Atomic,Complete,Y,Complete,Independent,Independent,Independent,Atomic,Complete,Yes,Atomic,Complete,Yes,Atomic,Yes,Yes,Yes,Yes,Yes,Yes,0,,0,
77,0,0,Complete,Compound,Complete,Independent,Independent,Independent,Compound,Complete,Compound,Complete,Independent,Independent,Independent,Compound,Complete,Compound,Complete,Independent,Independent,Independent,Compound,Complete,No,,Complete,Yes,Compound,Yes,Yes,No,No,No,No,1,holistic_vs_seven;holistic_vs_three;selfsuff_mismatch,1,holistic_vs_seven;holistic_vs_three
78,0,0,Complete,Y,Complete,Independent,Independent,Independent,Atomic,Complete,Y,Complete,Independent,Independent,Independent,Atomic,Complete,Y,Complete,Independent,Independent,Independent,Atomic,Complete,Yes,Atomic,Complete,Yes,Atomic,Yes,Yes,Yes,Yes,Yes,Yes,0,,0,
79,0,0,Complete,Compound,Incomplete,Dependent,Dependent,Dependent,,Complete,Compound,Incomplete,Dependent,Dependent,Dependent,,Complete,Compound,Incomplete,Dependent,Dependent,Dependent,,Complete,No,,Complete,No,,No,No,No,No,No,No,1,completeness_mismatch,1,completeness_mismatch
80,0,0,Complete,Y,Complete,Independent,Independent,Independent,Atomic,Complete,Y,Complete,Independent,Independent,Independent,Atomic,Complete,Y,Complete,Independent,Independent,Independent,Atomic,Complete,Yes,Atomic,Complete,Yes,Atomic,Yes,Yes,Yes,Yes,Yes,Yes,0,,0,
81,0,0,Complete,Y,Complete,Independent,Independent,Independent,Compound,Complete,Y,Complete,Independent,Independent,Independent,Compound,Complete,Y,Complete,Independent,Independent,Independent,Compound,Complete,Yes,Compound,Complete,Yes,Compound,Yes,Yes,No,No,No,No,1,holistic_vs_seven;holistic_vs_three,1,holistic_vs_seven;holistic_vs_three
82,1,0,Complete,Y,Incomplete,Dependent,Dependent,Dependent,,Complete,Y,Incomplete,Independent,Dependent,Dependent,,Complete,Y,Incomplete,Dependent,Dependent,Dependent,,Complete,No,,Complete,No,,No,No,No,No,No,No,1,completeness_mismatch,1,completeness_mismatch
83,1,0,Complete,Y,Complete,Independent,Independent,Independent,Atomic,Complete,Y,Complete,Independent,Independent,Independent,Compound,Complete,Y,Complete,Independent,Independent,Independent,Atomic,Complete,Yes,Compound,Complete,Yes,Compound,Yes,Yes,Yes,Yes,Yes,Yes,1,holistic_vs_three;three_vs_seven,1,holistic_vs_three;three_vs_seven
84,1,0,Complete,P,Complete,Independent,Independent,Independent,,Complete,P,Incomplete,Independent,Independent,Independent,,Complete,P,Complete,Independent,Independent,Independent,,Incomplete,No,,Incomplete,No,,Yes,Yes,No,No,No,No,1,holistic_vs_seven;holistic_vs_three;selfsuff_mismatch,1,holistic_vs_seven;holistic_vs_three;selfsuff_mismatch
85,0,0,Complete,Y,Complete,Independent,Independent,Independent,Atomic,Complete,Y,Complete,Independent,Independent,Independent,Atomic,Complete,Y,Complete,Independent,Independent,Independent,Atomic,Complete,Yes,Atomic,Complete,Yes,Atomic,Yes,Yes,Yes,Yes,Yes,Yes,0,,0,
86,1,1,Complete,Y,Incomplete,Dependent,Dependent,Dependent,,Complete,Y,Complete,Dependent,Independent,Dependent,,Complete,Y,Complete,Dependent,Dependent,Dependent,,Complete,Yes,Atomic,Complete,Yes,Atomic,No,No,No,No,No,No,1,holistic_vs_three;three_vs_seven;completeness_mismatch;selfsuff_mismatch,1,holistic_vs_three;three_vs_seven;selfsuff_mismatch
87,1,0,Complete,Y,Complete,Independent,Independent,Independent,Atomic,Complete,Y,Incomplete,Independent,Dependent,Independent,,Complete,Y,Complete,Independent,Independent,Independent,Atomic,Incomplete,No,,Incomplete,No,,No,No,Yes,Yes,Yes,Yes,1,holistic_vs_seven;three_vs_seven;completeness_mismatch;selfsuff_mismatch,1,holistic_vs_seven;three_vs_seven;completeness_mismatch;selfsuff_mismatch
88,1,0,Complete,Y,Complete,Independent,Independent,Independent,Atomic,Complete,Y,Incomplete,Independent,Dependent,Independent,,Complete,Y,Complete,Independent,Independent,Independent,Atomic,Incomplete,No,,Incomplete,No,,No,No,Yes,Yes,Yes,Yes,1,holistic_vs_seven;three_vs_seven;completeness_mismatch;selfsuff_mismatch,1,holistic_vs_seven;three_vs_seven;completeness_mismatch;selfsuff_mismatch
89,1,0,Complete,Y,Complete,Independent,Independent,Independent,Atomic,Complete,N,Incomplete,Independent,Independent,Independent,,Complete,P,Complete,Independent,Independent,Independent,,Incomplete,No,,Incomplete,No,,No,No,Yes,No,Yes,No,1,holistic_vs_seven;three_vs_seven;completeness_mismatch;selfsuff_mismatch,1,selfsuff_mismatch
90,0,0,Complete,Y,Complete,Independent,Independent,Independent,Atomic,Complete,Y,Complete,Independent,Independent,Independent,Atomic,Complete,Y,Complete,Independent,Independent,Independent,Atomic,Complete,Yes,Atomic,Complete,Yes,Atomic,Yes,Yes,Yes,Yes,Yes,Yes,0,,0,
91,1,0,Complete,Y,Incomplete,Independent,Dependent,Independent,,Complete,Y,Complete,Independent,Independent,Independent,Atomic,Complete,Y,Incomplete,Independent,Independent,Independent,,Complete,Yes,Atomic,Complete,Yes,Atomic,No,No,No,No,No,No,1,holistic_vs_three;three_vs_seven;completeness_mismatch;selfsuff_mismatch,1,holistic_vs_three;three_vs_seven;completeness_mismatch
92,0,0,Complete,Y,Complete,Independent,Independent,Independent,Atomic,Complete,Y,Complete,Independent,Independent,Independent,Atomic,Complete,Y,Complete,Independent,Independent,Independent,Atomic,Complete,Yes,Atomic,Complete,Yes,Atomic,Yes,Yes,Yes,Yes,Yes,Yes,0,,0,
93,0,0,Complete,Y,Complete,Independent,Independent,Independent,Atomic,Complete,Y,Complete,Independent,Independent,Independent,Atomic,Complete,Y,Complete,Independent,Independent,Independent,Atomic,Complete,Yes,Atomic,Complete,Yes,Atomic,Yes,Yes,Yes,Yes,Yes,Yes,0,,0,
94,0,0,Complete,P,Complete,Independent,Independent,Independent,,Complete,P,Complete,Independent,Independent,Independent,,Complete,P,Complete,Independent,Independent,Independent,,Complete,Yes,Atomic,Complete,Yes,Atomic,Yes,Yes,No,No,No,No,1,holistic_vs_seven;three_vs_seven;completeness_mismatch,1,holistic_vs_seven;three_vs_seven;completeness_mismatch
95,1,0,Complete,Y,Incomplete,Dependent,Dependent,Independent,,Complete,P,Complete,Independent,Independent,Independent,,Complete,P,Incomplete,Independent,Independent,Independent,,Complete,Yes,Compound,Complete,Yes,Compound,No,No,No,No,No,No,1,completeness_mismatch;selfsuff_mismatch,1,completeness_mismatch
96,0,0,Complete,Y,Complete,Independent,Independent,Independent,Atomic,Complete,Y,Complete,Independent,Independent,Independent,Atomic,Complete,Y,Complete,Independent,Independent,Independent,Atomic,Complete,Yes,Atomic,Complete,Yes,Atomic,Yes,Yes,Yes,Yes,Yes,Yes,0,,0,
97,1,0,Complete,Y,Complete,Independent,Independent,Dependent,,Complete,Y,Complete,Dependent,Independent,Dependent,,Complete,Y,Complete,Independent,Independent,Dependent,,Complete,No,,Complete,No,,No,No,No,No,No,No,0,,0,
98,0,0,Incomplete,N,Incomplete,Independent,Independent,Independent,,Incomplete,N,Incomplete,Independent,Independent,Independent,,Incomplete,N,Incomplete,Independent,Independent,Independent,,Incomplete,No,,Incomplete,No,,No,No,No,No,No,No,1,selfsuff_mismatch,1,selfsuff_mismatch
99,1,0,Complete,Y,Complete,Independent,Independent,Independent,Atomic,Complete,P,Complete,Independent,Independent,Independent,,Complete,P,Complete,Independent,Independent,Independent,,Complete,Yes,Atomic,Complete,Yes,Atomic,Yes,Yes,Yes,No,Yes,No,0,,1,holistic_vs_seven;three_vs_seven;completeness_mismatch
100,0,0,Incomplete,N,Incomplete,Independent,Independent,Independent,,Incomplete,N,Incomplete,Independent,Independent,Independent,,Incomplete,N,Incomplete,Independent,Independent,Independent,,Incomplete,No,,Incomplete,No,,No,No,No,No,No,No,1,selfsuff_mismatch,1,selfsuff_mismatch
101,0,0,Complete,P,Complete,Independent,Independent,Independent,,Complete,P,Complete,Independent,Independent,Independent,,Complete,P,Complete,Independent,Independent,Independent,,Complete,Yes,Atomic,Complete,Yes,Atomic,Yes,Yes,No,No,No,No,1,holistic_vs_seven;three_vs_seven;completeness_mismatch,1,holistic_vs_seven;three_vs_seven;completeness_mismatch
102,1,0,Incomplete,Y,Incomplete,Independent,Independent,Independent,,Incomplete,N,Incomplete,Independent,Independent,Independent,,Incomplete,N,Incomplete,Independent,Independent,Independent,,Incomplete,No,,Incomplete,No,,No,No,No,No,No,No,1,selfsuff_mismatch,1,selfsuff_mismatch
103,0,0,Complete,Y,Complete,Independent,Independent,Independent,Atomic,Complete,Y,Complete,Independent,Independent,Independent,Atomic,Complete,Y,Complete,Independent,Independent,Independent,Atomic,Complete,Yes,Compound,Complete,Yes,Atomic,Yes,Yes,Yes,Yes,Yes,Yes,1,holistic_vs_three;three_vs_seven,0,
104,0,0,Complete,P,Complete,Independent,Independent,Independent,,Complete,P,Complete,Independent,Independent,Independent,,Complete,P,Complete,Independent,Independent,Independent,,Complete,Yes,Atomic,Complete,Yes,Atomic,Yes,Yes,No,No,No,No,1,holistic_vs_seven;three_vs_seven;completeness_mismatch,1,holistic_vs_seven;three_vs_seven;completeness_mismatch
105,0,0,Complete,Y,Complete,Independent,Independent,Independent,Atomic,Complete,Y,Complete,Independent,Independent,Independent,Atomic,Complete,Y,Complete,Independent,Independent,Independent,Atomic,Complete,Yes,Compound,Complete,Yes,Atomic,Yes,Yes,Yes,Yes,Yes,Yes,1,holistic_vs_three;three_vs_seven,0,
106,0,0,Complete,Y,Complete,Independent,Independent,Independent,Atomic,Complete,Y,Complete,Independent,Independent,Independent,Atomic,Complete,Y,Complete,Independent,Independent,Independent,Atomic,Complete,Yes,Atomic,Complete,Yes,Atomic,Yes,Yes,Yes,Yes,Yes,Yes,0,,0,
107,0,0,Complete,Y,Complete,Independent,Independent,Independent,Atomic,Complete,Y,Complete,Independent,Independent,Independent,Atomic,Complete,Y,Complete,Independent,Independent,Independent,Atomic,Complete,Yes,Atomic,Complete,Yes,Atomic,Yes,Yes,Yes,Yes,Yes,Yes,0,,0,
108,1,0,Complete,Y,Incomplete,Dependent,Dependent,Dependent,,Complete,Compound,Incomplete,Dependent,Dependent,Dependent,,Complete,Compound,Incomplete,Dependent,Dependent,Dependent,,Incomplete,No,,Incomplete,No,,No,No,No,No,No,No,0,,0,
109,0,0,Complete,Y,Complete,Independent,Independent,Independent,Atomic,Complete,Y,Complete,Independent,Independent,Independent,Atomic,Complete,Y,Complete,Independent,Independent,Independent,Atomic,Complete,Yes,Atomic,Complete,Yes,Atomic,Yes,Yes,Yes,Yes,Yes,Yes,0,,0,
110,0,0,Complete,Y,Complete,Independent,Independent,Independent,Atomic,Complete,Y,Complete,Independent,Independent,Independent,Atomic,Complete,Y,Complete,Independent,Independent,Independent,Atomic,Complete,Yes,Atomic,Complete,Yes,Atomic,Yes,Yes,Yes,Yes,Yes,Yes,0,,0,
111,0,0,Complete,Y,Incomplete,Dependent,Dependent,Dependent,,Complete,Y,Incomplete,Dependent,Dependent,Dependent,,Complete,Y,Incomplete,Dependent,Dependent,Dependent,,Incomplete,No,,Incomplete,No,,No,No,No,No,No,No,0,,0,
112,0,0,Complete,Y,Complete,Independent,Independent,Independent,Atomic,Complete,Y,Complete,Independent,Independent,Independent,Atomic,Complete,Y,Complete,Independent,Independent,Independent,Atomic,Complete,Yes,Atomic,Complete,Yes,Atomic,Yes,Yes,Yes,Yes,Yes,Yes,0,,0,
113,1,0,Complete,Y,Complete,Independent,Independent,Independent,Compound,Complete,Y,Complete,Independent,Independent,Independent,Atomic,Complete,Y,Complete,Independent,Independent,Independent,Atomic,Complete,Yes,Compound,Complete,Yes,Compound,Yes,Yes,No,Yes,No,Yes,1,holistic_vs_seven;holistic_vs_three,1,holistic_vs_three;three_vs_seven
114,0,0,Complete,Y,Complete,Independent,Independent,Independent,Atomic,Complete,Y,Complete,Independent,Independent,Independent,Atomic,Complete,Y,Complete,Independent,Independent,Independent,Atomic,Complete,Yes,Atomic,Complete,Yes,Atomic,Yes,Yes,Yes,Yes,Yes,Yes,0,,0,
115,0,0,Complete,Y,Complete,Independent,Independent,Independent,Atomic,Complete,Y,Complete,Independent,Independent,Independent,Atomic,Complete,Y,Complete,Independent,Independent,Independent,Atomic,Complete,Yes,Atomic,Complete,Yes,Atomic,Yes,Yes,Yes,Yes,Yes,Yes,0,,0,
116,1,0,Complete,Y,Complete,Independent,Independent,Independent,Compound,Complete,Y,Complete,Independent,Independent,Independent,Atomic,Complete,Y,Complete,Independent,Independent,Independent,Atomic,Complete,Yes,Atomic,Complete,Yes,Atomic,Yes,Yes,No,Yes,No,Yes,1,holistic_vs_seven;three_vs_seven,0,
117,0,1,Complete,Y,Complete,Independent,Independent,Independent,Atomic,Complete,Y,Complete,Independent,Independent,Independent,Atomic,Complete,Y,Complete,Independent,Independent,Independent,Atomic,Complete,Yes,Atomic,Complete,Yes,Atomic,No,Yes,Yes,Yes,Yes,Yes,1,holistic_vs_seven;holistic_vs_three,0,
118,0,0,Complete,Y,Complete,Independent,Independent,Independent,Atomic,Complete,Y,Complete,Independent,Independent,Independent,Atomic,Complete,Y,Complete,Independent,Independent,Independent,Atomic,Complete,Yes,Compound,Complete,Yes,Compound,Yes,Yes,Yes,Yes,Yes,Yes,1,holistic_vs_three;three_vs_seven,1,holistic_vs_three;three_vs_seven
119,1,1,Complete,Y,Complete,Dependent,Independent,Independent,Compound,Complete,Y,Incomplete,Dependent,Dependent,Independent,,Complete,Y,Complete,Dependent,Independent,Independent,Atomic,Complete,Yes,Compound,Complete,Yes,Compound,No,Yes,No,No,No,No,1,selfsuff_mismatch;LT4_gate,1,holistic_vs_seven;holistic_vs_three;selfsuff_mismatch;LT4_gate
120,0,0,Complete,Y,Complete,Dependent,Independent,Independent,Atomic,Complete,Y,Complete,Dependent,Independent,Independent,Atomic,Complete,Y,Complete,Dependent,Independent,Independent,Atomic,Complete,No,,Complete,No,,No,No,No,No,No,No,1,LT4_gate,1,LT4_gate
121,0,1,Complete,Y,Complete,Independent,Independent,Independent,Compound,Complete,Y,Complete,Independent,Independent,Independent,Compound,Complete,Y,Complete,Independent,Independent,Independent,Compound,Complete,Yes,Compound,Complete,Yes,Compound,Yes,Yes,No,No,No,No,1,holistic_vs_seven;holistic_vs_three,1,holistic_vs_seven;holistic_vs_three
122,1,0,Complete,Y,Complete,Independent,Independent,Independent,Atomic,Complete,Y,Incomplete,Independent,Dependent,Independent,,Complete,Y,Complete,Independent,Independent,Independent,Atomic,Complete,Yes,Atomic,Complete,Yes,Atomic,Yes,Yes,Yes,Yes,Yes,Yes,0,,0,
123,0,1,Complete,Y,Complete,Independent,Independent,Independent,Atomic,Complete,Y,Complete,Independent,Independent,Independent,Atomic,Complete,Y,Complete,Independent,Independent,Independent,Atomic,Incomplete,No,,Incomplete,No,,Yes,Yes,Yes,Yes,Yes,Yes,1,holistic_vs_three;three_vs_seven;completeness_mismatch;selfsuff_mismatch,1,holistic_vs_three;three_vs_seven;completeness_mismatch;selfsuff_mismatch
124,1,0,Complete,Y,Complete,Independent,Independent,Independent,Atomic,Complete,Y,Complete,Independent,Independent,Dependent,Atomic,Complete,Y,Complete,Independent,Independent,Independent,Atomic,Complete,Yes,Atomic,Complete,Yes,Atomic,Yes,Yes,Yes,Yes,Yes,Yes,0,,0,
125,0,0,Incomplete,N,Incomplete,Independent,Independent,Independent,,Incomplete,N,Incomplete,Independent,Independent,Independent,,Incomplete,N,Incomplete,Independent,Independent,Independent,,Incomplete,No,,Incomplete,No,,No,No,No,No,No,No,1,selfsuff_mismatch,1,selfsuff_mismatch
126,0,0,Complete,Y,Incomplete,Independent,Dependent,Dependent,,Complete,Y,Incomplete,Independent,Dependent,Dependent,,Complete,Y,Incomplete,Independent,Dependent,Dependent,,Incomplete,No,,Incomplete,No,,No,No,No,No,No,No,0,,0,
127,0,0,Complete,Y,Complete,Independent,Independent,Independent,Atomic,Complete,Y,Complete,Independent,Independent,Independent,Atomic,Complete,Y,Complete,Independent,Independent,Independent,Atomic,Complete,Yes,Compound,Complete,Yes,Compound,Yes,Yes,Yes,Yes,Yes,Yes,1,holistic_vs_three;three_vs_seven,1,holistic_vs_three;three_vs_seven
128,1,0,Complete,Y,Incomplete,Independent,Independent,Dependent,,Complete,Y,Complete,Independent,Independent,Independent,Atomic,Complete,Y,Complete,Independent,Independent,Independent,Atomic,Complete,Yes,Atomic,Complete,Yes,Atomic,Yes,Yes,No,Yes,No,Yes,1,holistic_vs_seven;three_vs_seven;completeness_mismatch;selfsuff_mismatch,0,
129,0,0,Complete,Y,Complete,Independent,Independent,Independent,Atomic,Complete,Y,Complete,Independent,Independent,Independent,Atomic,Complete,Y,Complete,Independent,Independent,Independent,Atomic,Complete,Yes,Atomic,Complete,Yes,Atomic,Yes,Yes,Yes,Yes,Yes,Yes,0,,0,
130,0,0,Complete,Y,Complete,Independent,Independent,Independent,Atomic,Complete,Y,Complete,Independent,Independent,Independent,Atomic,Complete,Y,Complete,Independent,Independent,Independent,Atomic,Complete,Yes,Compound,Complete,Yes,Atomic,Yes,Yes,Yes,Yes,Yes,Yes,1,holistic_vs_three;three_vs_seven,0,
131,0,0,Complete,Y,Complete,Independent,Independent,Independent,Atomic,Complete,Y,Complete,Independent,Independent,Independent,Atomic,Complete,Y,Complete,Independent,Independent,Independent,Atomic,Complete,Yes,Atomic,Complete,Yes,Atomic,Yes,Yes,Yes,Yes,Yes,Yes,0,,0,
132,0,0,Complete,Y,Complete,Independent,Independent,Independent,Atomic,Complete,Y,Complete,Independent,Independent,Independent,Atomic,Complete,Y,Complete,Independent,Independent,Independent,Atomic,Complete,Yes,Atomic,Complete,Yes,Atomic,Yes,Yes,Yes,Yes,Yes,Yes,0,,0,
133,1,0,Complete,Y,Complete,Independent,Independent,Independent,Compound,Complete,Y,Complete,Independent,Independent,Independent,Atomic,Complete,Y,Complete,Independent,Independent,Independent,Compound,Complete,Yes,Compound,Complete,Yes,Compound,Yes,Yes,No,No,No,No,1,holistic_vs_seven;holistic_vs_three,1,holistic_vs_seven;holistic_vs_three
134,0,0,Complete,Y,Complete,Independent,Independent,Independent,Compound,Complete,Y,Complete,Independent,Independent,Independent,Compound,Complete,Y,Complete,Independent,Independent,Independent,Compound,Complete,Yes,Compound,Complete,Yes,Compound,Yes,Yes,No,No,No,No,1,holistic_vs_seven;holistic_vs_three,1,holistic_vs_seven;holistic_vs_three
135,0,0,Complete,Y,Complete,Independent,Independent,Independent,Atomic,Complete,Y,Complete,Independent,Independent,Independent,Atomic,Complete,Y,Complete,Independent,Independent,Independent,Atomic,Complete,Yes,Atomic,Complete,Yes,Atomic,Yes,Yes,Yes,Yes,Yes,Yes,0,,0,
136,0,0,Complete,Y,Complete,Independent,Independent,Independent,Atomic,Complete,Y,Complete,Independent,Independent,Independent,Atomic,Complete,Y,Complete,Independent,Independent,Independent,Atomic,Complete,Yes,Atomic,Complete,Yes,Atomic,Yes,Yes,Yes,Yes,Yes,Yes,0,,0,
137,1,0,Complete,Y,Complete,Independent,Independent,Independent,Atomic,Complete,P,Complete,Independent,Independent,Independent,,Complete,Y,Complete,Independent,Independent,Independent,Atomic,Complete,Yes,Atomic,Complete,Yes,Atomic,Yes,Yes,Yes,Yes,Yes,Yes,0,,0,
138,0,0,Complete,Y,Complete,Independent,Independent,Independent,Atomic,Complete,Y,Complete,Independent,Independent,Independent,Atomic,Complete,Y,Complete,Independent,Independent,Independent,Atomic,Complete,Yes,Compound,Complete,Yes,Atomic,Yes,Yes,Yes,Yes,Yes,Yes,1,holistic_vs_three;three_vs_seven,0,
139,0,0,Complete,Y,Complete,Independent,Independent,Independent,Compound,Complete,Y,Complete,Independent,Independent,Independent,Compound,Complete,Y,Complete,Independent,Independent,Independent,Compound,Complete,Yes,Compound,Complete,Yes,Compound,Yes,Yes,No,No,No,No,1,holistic_vs_seven;holistic_vs_three,1,holistic_vs_seven;holistic_vs_three
140,1,0,Complete,Y,Incomplete,Dependent,Dependent,Dependent,,Complete,Y,Complete,Independent,Dependent,Dependent,,Complete,Y,Complete,Dependent,Dependent,Dependent,,Incomplete,No,,Incomplete,No,,No,No,No,No,No,No,0,,1,completeness_mismatch
141,0,0,Complete,Y,Complete,Independent,Independent,Independent,Compound,Complete,Y,Complete,Independent,Independent,Independent,Compound,Complete,Y,Complete,Independent,Independent,Independent,Compound,Complete,Yes,Compound,Complete,Yes,Compound,Yes,Yes,No,No,No,No,1,holistic_vs_seven;holistic_vs_three,1,holistic_vs_seven;holistic_vs_three
142,1,1,Complete,Y,Complete,Independent,Independent,Independent,Compound,Complete,Y,Complete,Independent,Independent,Dependent,,Complete,Y,Complete,Independent,Independent,Independent,Atomic,Complete,Yes,Atomic,Complete,Yes,Atomic,No,Yes,No,Yes,No,Yes,1,holistic_vs_three;three_vs_seven,0,
143,0,0,Complete,Y,Complete,Independent,Independent,Independent,Atomic,Complete,Y,Complete,Independent,Independent,Independent,Atomic,Complete,Y,Complete,Independent,Independent,Independent,Atomic,Complete,Yes,Atomic,Complete,Yes,Atomic,Yes,Yes,Yes,Yes,Yes,Yes,0,,0,
144,0,0,Incomplete,N,Incomplete,Independent,Independent,Independent,,Incomplete,N,Incomplete,Independent,Independent,Independent,,Incomplete,N,Incomplete,Independent,Independent,Independent,,Incomplete,No,,Incomplete,No,,No,No,No,No,No,No,1,selfsuff_mismatch,1,selfsuff_mismatch
145,1,0,Complete,Y,Complete,Independent,Independent,Independent,Atomic,Complete,Y,Complete,Independent,Dependent,Independent,Atomic,Complete,Y,Complete,Independent,Independent,Independent,Atomic,Complete,Yes,Atomic,Complete,Yes,Atomic,Yes,Yes,Yes,Yes,Yes,Yes,0,,0,
146,0,0,Complete,Compound,Complete,Independent,Independent,Independent,Compound,Complete,Compound,Complete,Independent,Independent,Independent,Compound,Complete,Compound,Complete,Independent,Independent,Independent,Compound,Complete,Yes,Compound,Complete,Yes,Compound,Yes,Yes,No,No,No,No,1,holistic_vs_seven;holistic_vs_three,1,holistic_vs_seven;holistic_vs_three
147,1,0,Complete,Y,Complete,Independent,Independent,Independent,Atomic,Complete,Y,Complete,Independent,Dependent,Independent,Atomic,Complete,Y,Complete,Independent,Independent,Independent,Atomic,Complete,Yes,Atomic,Complete,Yes,Atomic,Yes,Yes,Yes,Yes,Yes,Yes,0,,0,
148,0,1,Complete,Y,Complete,Independent,Independent,Independent,Atomic,Complete,Y,Complete,Independent,Independent,Independent,Atomic,Complete,Y,Complete,Independent,Independent,Independent,Atomic,Incomplete,No,,Incomplete,No,,No,Yes,Yes,Yes,Yes,Yes,1,holistic_vs_seven;three_vs_seven;completeness_mismatch;selfsuff_mismatch,1,holistic_vs_three;three_vs_seven;completeness_mismatch;selfsuff_mismatch
149,1,0,Complete,Y,Complete,Dependent,Independent,Independent,Atomic,Complete,Y,Complete,Dependent,Independent,Dependent,,Complete,Y,Complete,Dependent,Independent,Dependent,Atomic,Complete,Yes,Atomic,Complete,Yes,Atomic,No,No,No,No,No,No,1,holistic_vs_three;three_vs_seven;selfsuff_mismatch;LT4_gate,1,holistic_vs_three;three_vs_seven;selfsuff_mismatch;LT4_gate
150,1,0,Complete,Y,Complete,Independent,Independent,Independent,Atomic,Complete,Y,Incomplete,Independent,Dependent,Independent,,Complete,Y,Complete,Independent,Independent,Independent,Atomic,Complete,Yes,Atomic,Complete,Yes,Atomic,Yes,Yes,Yes,Yes,Yes,Yes,0,,0,
151,1,0,Complete,Y,Complete,Independent,Independent,Independent,Atomic,Complete,Y,Complete,Independent,Dependent,Independent,Atomic,Complete,Y,Complete,Independent,Independent,Independent,Atomic,Complete,Yes,Atomic,Complete,Yes,Atomic,Yes,Yes,Yes,Yes,Yes,Yes,0,,0,
152,1,1,Complete,Y,Complete,Independent,Independent,Independent,Atomic,Complete,Y,Complete,Independent,Dependent,Dependent,,Complete,Y,Complete,Independent,Dependent,Dependent,,Complete,Yes,Compound,Complete,Yes,Compound,No,No,Yes,No,Yes,No,1,holistic_vs_seven;three_vs_seven,1,selfsuff_mismatch
153,1,0,Complete,Y,Complete,Independent,Independent,Independent,Atomic,Complete,Y,Complete,Independent,Dependent,Independent,Atomic,Complete,Y,Complete,Independent,Independent,Independent,Atomic,Complete,Yes,Atomic,Complete,Yes,Atomic,Yes,Yes,Yes,Yes,Yes,Yes,0,,0,
154,1,0,Complete,Y,Complete,Independent,Independent,Independent,Atomic,Complete,Y,Complete,Independent,Independent,Independent,Compound,Complete,Y,Complete,Independent,Independent,Independent,Compound,Complete,Yes,Atomic,Complete,Yes,Atomic,Yes,Yes,Yes,No,Yes,No,0,,1,holistic_vs_seven;three_vs_seven
155,1,0,Complete,Y,Complete,Dependent,Independent,Independent,Atomic,Complete,Y,Incomplete,Dependent,Dependent,Independent,,Complete,Y,Complete,Dependent,Dependent,Independent,Atomic,Complete,Yes,Atomic,Complete,No,,Yes,Yes,No,No,No,No,1,holistic_vs_seven;three_vs_seven;selfsuff_mismatch;LT4_gate,1,holistic_vs_seven;holistic_vs_three;LT4_gate
156,0,0,Complete,Y,Complete,Independent,Independent,Independent,Atomic,Complete,Y,Complete,Independent,Independent,Independent,Atomic,Complete,Y,Complete,Independent,Independent,Independent,Atomic,Complete,Yes,Atomic,Complete,Yes,Atomic,Yes,Yes,Yes,Yes,Yes,Yes,0,,0,
157,1,0,Complete,Y,Complete,Dependent,Dependent,Independent,Atomic,Complete,Y,Incomplete,Dependent,Dependent,Dependent,,Complete,Y,Incomplete,Dependent,Dependent,Dependent,,Complete,No,,Complete,No,,Yes,Yes,No,No,No,No,1,holistic_vs_seven;holistic_vs_three;LT4_gate,1,holistic_vs_seven;holistic_vs_three;completeness_mismatch
158,1,0,Complete,Y,Incomplete,Dependent,Dependent,Independent,,Complete,Y,Incomplete,Independent,Independent,Dependent,,Complete,Y,Incomplete,Dependent,Dependent,Dependent,,Complete,Yes,Atomic,Incomplete,No,,No,No,No,No,No,No,1,holistic_vs_three;three_vs_seven;completeness_mismatch;selfsuff_mismatch,0,
159,1,0,Complete,Y,Complete,Independent,Independent,Independent,Atomic,Complete,Y,Complete,Independent,Dependent,Dependent,,Complete,Y,Complete,Independent,Dependent,Dependent,,Complete,No,,Complete,No,,Yes,Yes,Yes,No,Yes,No,1,holistic_vs_three;three_vs_seven;selfsuff_mismatch,1,holistic_vs_seven;holistic_vs_three
160,1,0,Complete,Y,Complete,Independent,Independent,Independent,Atomic,Complete,Y,Complete,Independent,Dependent,Independent,Atomic,Complete,Y,Complete,Independent,Independent,Independent,Atomic,Complete,Yes,Compound,Complete,Yes,Atomic,Yes,Yes,Yes,Yes,Yes,Yes,1,holistic_vs_three;three_vs_seven,0,
161,0,0,Complete,Y,Complete,Independent,Independent,Independent,Atomic,Complete,Y,Complete,Independent,Independent,Independent,Atomic,Complete,Y,Complete,Independent,Independent,Independent,Atomic,Complete,Yes,Atomic,Complete,Yes,Atomic,Yes,Yes,Yes,Yes,Yes,Yes,0,,0,
162,0,0,Complete,Y,Incomplete,Independent,Dependent,Independent,,Complete,Y,Incomplete,Independent,Dependent,Independent,,Complete,Y,Incomplete,Independent,Dependent,Independent,,Incomplete,No,,Incomplete,No,,No,No,No,No,No,No,0,,0,
163,1,1,Complete,Y,Complete,Independent,Independent,Independent,Atomic,Complete,Y,Complete,Independent,Independent,Independent,Compound,Complete,Y,Complete,Independent,Independent,Independent,Compound,Complete,Yes,Compound,Complete,Yes,Compound,Yes,Yes,Yes,No,Yes,No,1,holistic_vs_three;three_vs_seven,1,holistic_vs_seven;holistic_vs_three
164,0,1,Complete,Y,Complete,Independent,Independent,Independent,Atomic,Complete,Y,Complete,Independent,Independent,Independent,Atomic,Complete,Y,Complete,Independent,Independent,Independent,Atomic,Complete,Yes,Atomic,Complete,No,,Yes,No,Yes,Yes,Yes,Yes,0,,1,holistic_vs_seven;three_vs_seven;selfsuff_mismatch
165,1,0,Complete,Y,Complete,Dependent,Independent,Independent,Atomic,Complete,Y,Incomplete,Dependent,Dependent,Dependent,,Complete,Y,Incomplete,Dependent,Dependent,Dependent,,Incomplete,No,,Incomplete,No,,No,No,No,No,No,No,1,completeness_mismatch;LT4_gate,0,
166,0,0,Complete,Y,Complete,Independent,Independent,Independent,Atomic,Complete,Y,Complete,Independent,Independent,Independent,Atomic,Complete,Y,Complete,Independent,Independent,Independent,Atomic,Complete,Yes,Atomic,Complete,Yes,Atomic,Yes,Yes,Yes,Yes,Yes,Yes,0,,0,
167,0,0,Complete,Y,Complete,Independent,Independent,Independent,Atomic,Complete,Y,Complete,Independent,Independent,Independent,Atomic,Complete,Y,Complete,Independent,Independent,Independent,Atomic,Complete,Yes,Atomic,Complete,Yes,Atomic,Yes,Yes,Yes,Yes,Yes,Yes,0,,0,
168,0,0,Complete,Y,Complete,Independent,Independent,Independent,Compound,Complete,Y,Complete,Independent,Independent,Independent,Compound,Complete,Y,Complete,Independent,Independent,Independent,Compound,Complete,Yes,Compound,Complete,Yes,Compound,Yes,Yes,No,No,No,No,1,holistic_vs_seven;holistic_vs_three,1,holistic_vs_seven;holistic_vs_three
169,0,0,Complete,Y,Incomplete,Independent,Dependent,Independent,,Complete,Y,Incomplete,Independent,Dependent,Independent,,Complete,Y,Incomplete,Independent,Dependent,Independent,,Incomplete,No,,Incomplete,No,,No,No,No,No,No,No,0,,0,
170,0,0,Complete,Y,Complete,Independent,Independent,Independent,Atomic,Complete,Y,Complete,Independent,Independent,Independent,Atomic,Complete,Y,Complete,Independent,Independent,Independent,Atomic,Complete,Yes,Atomic,Complete,Yes,Atomic,Yes,Yes,Yes,Yes,Yes,Yes,0,,0,
171,0,0,Complete,Y,Complete,Independent,Independent,Independent,Compound,Complete,Y,Complete,Independent,Independent,Independent,Compound,Complete,Y,Complete,Independent,Independent,Independent,Compound,Complete,Yes,Compound,Complete,Yes,Compound,Yes,Yes,No,No,No,No,1,holistic_vs_seven;holistic_vs_three,1,holistic_vs_seven;holistic_vs_three
172,0,0,Complete,Compound,Complete,Independent,Independent,Independent,Compound,Complete,Compound,Complete,Independent,Independent,Independent,Compound,Complete,Compound,Complete,Independent,Independent,Independent,Compound,Complete,Yes,Compound,Complete,Yes,Compound,Yes,Yes,No,No,No,No,1,holistic_vs_seven;holistic_vs_three,1,holistic_vs_seven;holistic_vs_three
173,0,0,Complete,Y,Complete,Independent,Independent,Independent,Compound,Complete,Y,Complete,Independent,Independent,Independent,Compound,Complete,Y,Complete,Independent,Independent,Independent,Compound,Complete,Yes,Compound,Complete,Yes,Compound,Yes,Yes,No,No,No,No,1,holistic_vs_seven;holistic_vs_three,1,holistic_vs_seven;holistic_vs_three
174,0,1,Complete,Y,Complete,Independent,Independent,Independent,Atomic,Complete,Y,Complete,Independent,Independent,Independent,Atomic,Complete,Y,Complete,Independent,Independent,Independent,Atomic,Complete,Yes,Compound,Complete,No,,No,No,Yes,Yes,Yes,Yes,1,holistic_vs_seven;three_vs_seven,1,holistic_vs_seven;three_vs_seven;selfsuff_mismatch
175,1,0,Complete,Y,Complete,Dependent,Dependent,Dependent,,Complete,Y,Incomplete,Dependent,Dependent,Dependent,,Complete,Y,Complete,Dependent,Dependent,Dependent,,Complete,No,,Complete,No,,No,No,No,No,No,No,0,,0,
176,0,0,Complete,Y,Complete,Independent,Independent,Independent,Atomic,Complete,Y,Complete,Independent,Independent,Independent,Atomic,Complete,Y,Complete,Independent,Independent,Independent,Atomic,Complete,Yes,Atomic,Complete,Yes,Atomic,Yes,Yes,Yes,Yes,Yes,Yes,0,,0,
177,0,0,Complete,Y,Complete,Independent,Independent,Independent,Atomic,Complete,Y,Complete,Independent,Independent,Independent,Atomic,Complete,Y,Complete,Independent,Independent,Independent,Atomic,Complete,Yes,Atomic,Complete,Yes,Atomic,Yes,Yes,Yes,Yes,Yes,Yes,0,,0,
178,1,0,Complete,Y,Complete,Independent,Independent,Dependent,Atomic,Complete,Y,Complete,Independent,Independent,Independent,Atomic,Complete,Y,Complete,Independent,Independent,Dependent,Atomic,Complete,Yes,Atomic,Complete,Yes,Atomic,Yes,Yes,No,No,No,No,1,holistic_vs_seven;three_vs_seven;selfsuff_mismatch;LT4_gate,1,holistic_vs_seven;three_vs_seven;selfsuff_mismatch;LT4_gate
179,0,0,Complete,P,Complete,Independent,Independent,Independent,,Complete,P,Complete,Independent,Independent,Independent,,Complete,P,Complete,Independent,Independent,Independent,,Complete,Yes,Atomic,Complete,Yes,Atomic,Yes,Yes,No,No,No,No,1,holistic_vs_seven;three_vs_seven;completeness_mismatch,1,holistic_vs_seven;three_vs_seven;completeness_mismatch
180,0,0,Incomplete,Y,Incomplete,Independent,Independent,Independent,,Incomplete,Y,Incomplete,Independent,Independent,Independent,,Incomplete,Y,Incomplete,Independent,Independent,Independent,,Incomplete,No,,Incomplete,No,,No,No,No,No,No,No,1,selfsuff_mismatch,1,selfsuff_mismatch
181,0,0,Complete,Y,Incomplete,Independent,Dependent,Independent,,Complete,Y,Incomplete,Independent,Dependent,Independent,,Complete,Y,Incomplete,Independent,Dependent,Independent,,Complete,Yes,Atomic,Complete,Yes,Atomic,No,No,No,No,No,No,1,holistic_vs_three;three_vs_seven;completeness_mismatch;selfsuff_mismatch,1,holistic_vs_three;three_vs_seven;completeness_mismatch;selfsuff_mismatch
182,0,0,Complete,Y,Incomplete,Independent,Dependent,Independent,,Complete,Y,Incomplete,Independent,Dependent,Independent,,Complete,Y,Incomplete,Independent,Dependent,Independent,,Complete,Yes,Compound,Complete,Yes,Atomic,No,No,No,No,No,No,1,completeness_mismatch;selfsuff_mismatch,1,holistic_vs_three;three_vs_seven;completeness_mismatch;selfsuff_mismatch
183,0,0,Complete,Y,Complete,Independent,Independent,Independent,Atomic,Complete,Y,Complete,Independent,Independent,Independent,Atomic,Complete,Y,Complete,Independent,Independent,Independent,Atomic,Complete,Yes,Atomic,Complete,Yes,Atomic,Yes,Yes,Yes,Yes,Yes,Yes,0,,0,
184,1,0,Complete,Y,Incomplete,Independent,Dependent,Independent,,Complete,Y,Complete,Independent,Independent,Independent,Atomic,Complete,Y,Complete,Independent,Independent,Independent,Atomic,Complete,Yes,Atomic,Complete,Yes,Atomic,Yes,Yes,No,Yes,No,Yes,1,holistic_vs_seven;three_vs_seven;completeness_mismatch;selfsuff_mismatch,0,
185,0,0,Complete,Y,Incomplete,Independent,Dependent,Independent,,Complete,Y,Incomplete,Independent,Dependent,Independent,,Complete,Y,Incomplete,Independent,Dependent,Independent,,Complete,Yes,Compound,Complete,Yes,Atomic,No,No,No,No,No,No,1,completeness_mismatch;selfsuff_mismatch,1,holistic_vs_three;three_vs_seven;completeness_mismatch;selfsuff_mismatch
186,0,0,Complete,Y,Complete,Independent,Independent,Independent,Atomic,Complete,Y,Complete,Independent,Independent,Independent,Atomic,Complete,Y,Complete,Independent,Independent,Independent,Atomic,Complete,Yes,Atomic,Complete,Yes,Atomic,Yes,Yes,Yes,Yes,Yes,Yes,0,,0,
187,1,0,Complete,Y,Incomplete,Dependent,Dependent,Independent,,Complete,Y,Complete,Dependent,Independent,Independent,,Complete,Y,Complete,Dependent,Dependent,Independent,,Incomplete,No,,Incomplete,No,,No,No,No,No,No,No,0,,1,completeness_mismatch
188,0,0,Complete,Y,Complete,Independent,Independent,Independent,Atomic,Complete,Y,Complete,Independent,Independent,Independent,Atomic,Complete,Y,Complete,Independent,Independent,Independent,Atomic,Complete,Yes,Compound,Complete,Yes,Compound,No,No,Yes,Yes,Yes,Yes,1,holistic_vs_seven;three_vs_seven,1,holistic_vs_seven;three_vs_seven
189,0,0,Complete,Y,Complete,Independent,Independent,Independent,Atomic,Complete,Y,Complete,Independent,Independent,Independent,Atomic,Complete,Y,Complete,Independent,Independent,Independent,Atomic,Complete,Yes,Atomic,Complete,Yes,Atomic,Yes,Yes,Yes,Yes,Yes,Yes,0,,0,
190,0,0,Complete,Y,Complete,Independent,Independent,Independent,Atomic,Complete,Y,Complete,Independent,Independent,Independent,Atomic,Complete,Y,Complete,Independent,Independent,Independent,Atomic,Complete,Yes,Atomic,Complete,Yes,Atomic,Yes,Yes,Yes,Yes,Yes,Yes,0,,0,
191,0,0,Complete,Y,Complete,Independent,Independent,Independent,Atomic,Complete,Y,Complete,Independent,Independent,Independent,Atomic,Complete,Y,Complete,Independent,Independent,Independent,Atomic,Complete,Yes,Compound,Complete,Yes,Atomic,Yes,Yes,Yes,Yes,Yes,Yes,1,holistic_vs_three;three_vs_seven,0,
192,0,0,Complete,Y,Incomplete,Independent,Dependent,Independent,,Complete,Y,Incomplete,Independent,Dependent,Independent,,Complete,Y,Incomplete,Independent,Dependent,Independent,,Incomplete,No,,Incomplete,No,,No,No,No,No,No,No,0,,0,
193,0,0,Complete,N,Complete,Independent,Independent,Independent,,Complete,N,Complete,Independent,Independent,Independent,,Complete,N,Complete,Independent,Independent,Independent,,Incomplete,No,,Incomplete,No,,No,No,No,No,No,No,1,selfsuff_mismatch,1,selfsuff_mismatch
194,1,0,Complete,Y,Incomplete,Independent,Dependent,Independent,,Complete,Y,Complete,Independent,Independent,Independent,Atomic,Complete,Y,Complete,Independent,Independent,Independent,Compound,Complete,Yes,Compound,Complete,Yes,Compound,Yes,Yes,No,No,No,No,1,holistic_vs_seven;holistic_vs_three;completeness_mismatch;selfsuff_mismatch,1,holistic_vs_seven;holistic_vs_three
195,0,0,Complete,Y,Complete,Independent,Independent,Independent,Compound,Complete,Y,Complete,Independent,Independent,Independent,Compound,Complete,Y,Complete,Independent,Independent,Independent,Compound,Complete,Yes,Compound,Complete,Yes,Compound,Yes,Yes,No,No,No,No,1,holistic_vs_seven;holistic_vs_three,1,holistic_vs_seven;holistic_vs_three
196,0,0,Complete,Y,Complete,Independent,Independent,Independent,Atomic,Complete,Y,Complete,Independent,Independent,Independent,Atomic,Complete,Y,Complete,Independent,Independent,Independent,Atomic,Complete,Yes,Atomic,Complete,Yes,Atomic,Yes,Yes,Yes,Yes,Yes,Yes,0,,0,
197,1,0,Complete,Y,Complete,Independent,Independent,Independent,Atomic,Complete,Compound,Complete,Independent,Independent,Independent,Compound,Complete,Y,Complete,Independent,Independent,Independent,Compound,Complete,Yes,Compound,Complete,Yes,Compound,Yes,Yes,Yes,No,Yes,No,1,holistic_vs_three;three_vs_seven,1,holistic_vs_seven;holistic_vs_three
198,0,0,Complete,Y,Incomplete,Dependent,Dependent,Dependent,,Complete,Y,Incomplete,Dependent,Dependent,Dependent,,Complete,Y,Incomplete,Dependent,Dependent,Dependent,,Incomplete,No,,Incomplete,No,,No,No,No,No,No,No,0,,0,
199,1,1,Complete,Y,Complete,Dependent,Independent,Independent,Atomic,Complete,Y,Complete,Independent,Independent,Independent,Atomic,Complete,Y,Complete,Dependent,Independent,Independent,Atomic,Complete,Yes,Atomic,Complete,Yes,Atomic,No,No,No,No,No,No,1,holistic_vs_three;three_vs_seven;selfsuff_mismatch;LT4_gate,1,holistic_vs_three;three_vs_seven;selfsuff_mismatch;LT4_gate
200,0,0,Complete,Y,Complete,Independent,Independent,Independent,Atomic,Complete,Y,Complete,Independent,Independent,Independent,Atomic,Complete,Y,Complete,Independent,Independent,Independent,Atomic,Complete,Yes,Atomic,Complete,Yes,Atomic,Yes,Yes,Yes,Yes,Yes,Yes,0,,0,
201,0,0,Complete,Y,Complete,Independent,Independent,Independent,Atomic,Complete,Y,Complete,Independent,Independent,Independent,Atomic,Complete,Y,Complete,Independent,Independent,Independent,Atomic,Complete,Yes,Atomic,Complete,Yes,Atomic,Yes,Yes,Yes,Yes,Yes,Yes,0,,0,
202,0,0,Complete,Y,Complete,Independent,Independent,Independent,Atomic,Complete,Y,Complete,Independent,Independent,Independent,Atomic,Complete,Y,Complete,Independent,Independent,Independent,Atomic,Complete,Yes,Atomic,Complete,Yes,Atomic,Yes,Yes,Yes,Yes,Yes,Yes,0,,0,
203,0,0,Complete,Y,Incomplete,Dependent,Dependent,Dependent,,Complete,Y,Incomplete,Dependent,Dependent,Dependent,,Complete,Y,Incomplete,Dependent,Dependent,Dependent,,Incomplete,No,,Incomplete,No,,No,No,No,No,No,No,0,,0,
204,1,0,Complete,P,Incomplete,Independent,Dependent,Dependent,,Complete,Y,Incomplete,Dependent,Dependent,Dependent,,Complete,Y,Incomplete,Independent,Dependent,Dependent,,Incomplete,No,,Incomplete,No,,No,No,No,No,No,No,0,,0,
205,0,0,Complete,Y,Incomplete,Dependent,Dependent,Dependent,,Complete,Y,Incomplete,Dependent,Dependent,Dependent,,Complete,Y,Incomplete,Dependent,Dependent,Dependent,,Incomplete,No,,Incomplete,No,,No,No,No,No,No,No,0,,0,
206,1,0,Complete,Y,Complete,Independent,Independent,Independent,Atomic,Complete,Y,Incomplete,Independent,Dependent,Independent,,Complete,Y,Incomplete,Independent,Dependent,Independent,,Complete,No,,Complete,No,,No,No,Yes,No,Yes,No,1,holistic_vs_seven;three_vs_seven;selfsuff_mismatch,1,completeness_mismatch
207,1,0,Complete,Y,Incomplete,Dependent,Dependent,Dependent,,Complete,Y,Incomplete,Independent,Dependent,Independent,Atomic,Complete,Y,Incomplete,Independent,Dependent,Independent,Atomic,Incomplete,No,,Incomplete,No,,No,No,No,No,No,No,0,,1,LT4_gate
208,0,0,Complete,Y,Complete,Independent,Independent,Independent,Atomic,Complete,Y,Complete,Independent,Independent,Independent,Atomic,Complete,Y,Complete,Independent,Independent,Independent,Atomic,Complete,Yes,Atomic,Complete,Yes,Atomic,Yes,Yes,Yes,Yes,Yes,Yes,0,,0,
209,0,0,Complete,Y,Complete,Independent,Independent,Independent,Compound,Complete,Y,Complete,Independent,Independent,Independent,Compound,Complete,Y,Complete,Independent,Independent,Independent,Compound,Complete,Yes,Compound,Complete,Yes,Compound,Yes,Yes,No,No,No,No,1,holistic_vs_seven;holistic_vs_three,1,holistic_vs_seven;holistic_vs_three
210,1,0,Complete,Y,Incomplete,Independent,Dependent,Independent,,Complete,Y,Complete,Independent,Independent,Independent,Atomic,Complete,Y,Incomplete,Independent,Dependent,Independent,,Complete,Yes,Atomic,Complete,Yes,Atomic,Yes,Yes,No,No,No,No,1,holistic_vs_seven;three_vs_seven;completeness_mismatch;selfsuff_mismatch,1,holistic_vs_seven;three_vs_seven;completeness_mismatch;selfsuff_mismatch
211,0,0,Complete,Y,Complete,Independent,Independent,Independent,Compound,Complete,Y,Complete,Independent,Independent,Independent,Compound,Complete,Y,Complete,Independent,Independent,Independent,Compound,Complete,No,,Complete,Yes,Compound,Yes,Yes,No,No,No,No,1,holistic_vs_seven;holistic_vs_three;selfsuff_mismatch,1,holistic_vs_seven;holistic_vs_three
212,1,0,Complete,Y,Complete,Dependent,Dependent,Independent,Atomic,Complete,Y,Complete,Dependent,Dependent,Independent,,Complete,Y,Complete,Dependent,Dependent,Independent,,Complete,No,Atomic,Complete,No,,No,No,No,No,No,No,1,LT4_gate,0,
213,0,0,Complete,Compound,Incomplete,Dependent,Dependent,Dependent,,Complete,Compound,Incomplete,Dependent,Dependent,Dependent,,Complete,Compound,Incomplete,Dependent,Dependent,Dependent,,Incomplete,No,,Incomplete,No,,No,No,No,No,No,No,0,,0,
214,0,0,Complete,Y,Complete,Independent,Independent,Independent,Atomic,Complete,Y,Complete,Independent,Independent,Independent,Atomic,Complete,Y,Complete,Independent,Independent,Independent,Atomic,Complete,Yes,Atomic,Complete,Yes,Atomic,Yes,Yes,Yes,Yes,Yes,Yes,0,,0,
215,1,1,Complete,Compound,Complete,Independent,Independent,Dependent,Compound,Complete,Compound,Complete,Independent,Independent,Dependent,,Complete,Compound,Complete,Independent,Independent,Dependent,Compound,Complete,Yes,Compound,Complete,Yes,Compound,Yes,No,No,No,No,No,1,holistic_vs_seven;holistic_vs_three;selfsuff_mismatch;LT4_gate,1,selfsuff_mismatch;LT4_gate
216,1,0,Complete,Y,Complete,Dependent,Dependent,Independent,Atomic,Complete,Y,Complete,Dependent,Dependent,Independent,,Complete,Y,Complete,Dependent,Dependent,Independent,,Complete,No,,Complete,No,,No,No,No,No,No,No,1,LT4_gate,0,
217,0,0,Complete,Y,Complete,Independent,Independent,Independent,Atomic,Complete,Y,Complete,Independent,Independent,Independent,Atomic,Complete,Y,Complete,Independent,Independent,Independent,Atomic,Complete,No,,Complete,Yes,Compound,Yes,Yes,Yes,Yes,Yes,Yes,1,holistic_vs_three;three_vs_seven;selfsuff_mismatch,1,holistic_vs_three;three_vs_seven
218,1,0,Complete,Y,Complete,Independent,Independent,Independent,Atomic,Complete,Y,Complete,Independent,Independent,Dependent,,Complete,Y,Complete,Independent,Independent,Independent,Atomic,Complete,No,Atomic,Complete,Yes,Atomic,Yes,Yes,Yes,Yes,Yes,Yes,1,holistic_vs_three;three_vs_seven;selfsuff_mismatch,0,
219,1,0,Complete,Y,Complete,Independent,Independent,Independent,Atomic,Complete,Y,Incomplete,Independent,Dependent,Independent,Atomic,Complete,Y,Incomplete,Independent,Dependent,Independent,Atomic,Complete,Yes,Atomic,Complete,Yes,Atomic,Yes,Yes,Yes,No,Yes,No,0,,1,holistic_vs_seven;three_vs_seven;completeness_mismatch;selfsuff_mismatch;LT4_gate
220,1,0,Complete,Compound,Incomplete,Dependent,Dependent,Independent,,Complete,Y,Complete,Independent,Independent,Independent,Compound,Complete,Compound,Complete,Independent,Independent,Independent,Compound,Complete,Yes,Compound,Complete,Yes,Compound,Yes,Yes,No,No,No,No,1,holistic_vs_seven;holistic_vs_three;completeness_mismatch;selfsuff_mismatch,1,holistic_vs_seven;holistic_vs_three
221,0,0,Complete,Y,Incomplete,Independent,Dependent,Dependent,,Complete,Y,Incomplete,Independent,Dependent,Dependent,,Complete,Y,Incomplete,Independent,Dependent,Dependent,,Complete,Yes,Atomic,Complete,Yes,Atomic,No,No,No,No,No,No,1,holistic_vs_three;three_vs_seven;completeness_mismatch;selfsuff_mismatch,1,holistic_vs_three;three_vs_seven;completeness_mismatch;selfsuff_mismatch
222,1,0,Complete,Y,Complete,Independent,Independent,Independent,Compound,Complete,Y,Complete,Independent,Independent,Independent,Atomic,Complete,Y,Complete,Independent,Independent,Independent,Atomic,Complete,Yes,Compound,Complete,Yes,Atomic,Yes,Yes,No,Yes,No,Yes,1,holistic_vs_seven;holistic_vs_three,0,
223,0,0,Complete,Y,Incomplete,Independent,Dependent,Independent,,Complete,Y,Incomplete,Independent,Dependent,Independent,,Complete,Y,Incomplete,Independent,Dependent,Independent,,Incomplete,No,,Incomplete,No,,No,No,No,No,No,No,0,,0,
224,1,1,Complete,Y,Complete,Independent,Independent,Independent,Compound,Complete,Compound,Complete,Independent,Independent,Independent,Compound,Complete,Compound,Complete,Independent,Independent,Independent,Compound,Complete,Yes,Atomic,Complete,Yes,Compound,No,Yes,No,No,No,No,1,holistic_vs_three;three_vs_seven,1,holistic_vs_seven;holistic_vs_three
225,1,0,Complete,Y,Complete,Independent,Independent,Independent,Atomic,Complete,Y,Complete,Independent,Independent,Independent,Compound,Complete,Y,Complete,Independent,Independent,Independent,Compound,Complete,Yes,Compound,Complete,Yes,Compound,Yes,Yes,Yes,No,Yes,No,1,holistic_vs_three;three_vs_seven,1,holistic_vs_seven;holistic_vs_three
226,1,0,Complete,Y,Complete,Independent,Independent,Independent,Atomic,Complete,Y,Incomplete,Independent,Dependent,Dependent,,Complete,Y,Incomplete,Independent,Dependent,Independent,,Complete,Yes,Atomic,Complete,Yes,Atomic,Yes,Yes,Yes,No,Yes,No,0,,1,holistic_vs_seven;three_vs_seven;completeness_mismatch;selfsuff_mismatch
227,1,0,Complete,Y,Complete,Independent,Independent,Independent,Atomic,Complete,Y,Incomplete,Independent,Dependent,Independent,,Complete,Y,Complete,Independent,Independent,Independent,Atomic,Complete,Yes,Atomic,Complete,Yes,Atomic,Yes,Yes,Yes,Yes,Yes,Yes,0,,0,
228,1,0,Complete,Y,Incomplete,Dependent,Dependent,Independent,,Complete,Y,Complete,Dependent,Dependent,Independent,Atomic,Complete,Y,Incomplete,Dependent,Dependent,Independent,,Incomplete,No,,Incomplete,No,,No,No,No,No,No,No,0,,0,
229,0,0,Complete,Y,Incomplete,Dependent,Dependent,Dependent,,Complete,Y,Incomplete,Dependent,Dependent,Dependent,,Complete,Y,Incomplete,Dependent,Dependent,Dependent,,Incomplete,No,,Incomplete,No,,No,No,No,No,No,No,0,,0,
230,1,0,Complete,Y,Complete,Independent,Independent,Independent,Atomic,Complete,Y,Complete,Independent,Independent,Independent,Compound,Complete,Y,Complete,Independent,Independent,Independent,Compound,Complete,Yes,Compound,Complete,Yes,Compound,Yes,Yes,Yes,No,Yes,No,1,holistic_vs_three;three_vs_seven,1,holistic_vs_seven;holistic_vs_three
231,0,0,Complete,Y,Complete,Independent,Independent,Independent,Atomic,Complete,Y,Complete,Independent,Independent,Independent,Atomic,Complete,Y,Complete,Independent,Independent,Independent,Atomic,Complete,Yes,Atomic,Complete,Yes,Atomic,Yes,Yes,Yes,Yes,Yes,Yes,0,,0,
232,0,0,Complete,Y,Complete,Independent,Independent,Independent,Compound,Complete,Y,Complete,Independent,Independent,Independent,Compound,Complete,Y,Complete,Independent,Independent,Independent,Compound,Complete,Yes,Compound,Complete,Yes,Compound,Yes,Yes,No,No,No,No,1,holistic_vs_seven;holistic_vs_three,1,holistic_vs_seven;holistic_vs_three
233,0,0,Complete,Y,Complete,Dependent,Independent,Independent,Atomic,Complete,Y,Complete,Dependent,Independent,Independent,Atomic,Complete,Y,Complete,Dependent,Independent,Independent,Atomic,Complete,Yes,Compound,Complete,Yes,Compound,No,No,No,No,No,No,1,selfsuff_mismatch;LT4_gate,1,selfsuff_mismatch;LT4_gate
234,1,0,Complete,Y,Complete,Independent,Independent,Independent,Atomic,Complete,Y,Incomplete,Independent,Independent,Independent,,Complete,Y,Complete,Independent,Independent,Independent,Atomic,Complete,Yes,Atomic,Complete,Yes,Atomic,Yes,Yes,Yes,Yes,Yes,Yes,0,,0,
235,1,0,Complete,Y,Incomplete,Independent,Dependent,Independent,,Complete,Y,Incomplete,Independent,Dependent,Dependent,,Complete,Y,Incomplete,Independent,Dependent,Independent,,Complete,Yes,Atomic,Complete,Yes,Atomic,No,No,No,No,No,No,1,holistic_vs_three;three_vs_seven;completeness_mismatch;selfsuff_mismatch,1,holistic_vs_three;three_vs_seven;completeness_mismatch;selfsuff_mismatch
236,1,0,Complete,Y,Incomplete,Independent,Dependent,Independent,,Complete,Y,Incomplete,Independent,Dependent,Dependent,,Complete,Y,Incomplete,Independent,Dependent,Independent,,Incomplete,No,,Incomplete,No,,No,No,No,No,No,No,0,,0,
237,0,0,Complete,N,Complete,Independent,Independent,Independent,,Complete,N,Complete,Independent,Independent,Independent,,Complete,N,Complete,Independent,Independent,Independent,,Complete,Yes,Atomic,Complete,Yes,Atomic,Yes,Yes,No,No,No,No,1,holistic_vs_seven;three_vs_seven;completeness_mismatch,1,holistic_vs_seven;three_vs_seven;completeness_mismatch
238,1,0,Complete,Y,Complete,Independent,Independent,Independent,Atomic,Complete,Y,Incomplete,Independent,Dependent,Dependent,,Complete,Y,Complete,Independent,Independent,Independent,Atomic,Incomplete,No,,Complete,Yes,Atomic,Yes,Yes,Yes,Yes,Yes,Yes,1,holistic_vs_three;three_vs_seven;completeness_mismatch;selfsuff_mismatch,0,
239,1,0,Complete,Y,Complete,Independent,Dependent,Independent,Atomic,Complete,Y,Complete,Independent,Independent,Independent,Atomic,Complete,Y,Complete,Independent,Independent,Independent,Atomic,Complete,Yes,Atomic,Complete,Yes,Atomic,Yes,Yes,No,Yes,No,Yes,1,holistic_vs_seven;three_vs_seven;selfsuff_mismatch;LT4_gate,0,
240,0,1,Complete,Y,Complete,Independent,Dependent,Independent,Atomic,Complete,Y,Complete,Independent,Dependent,Independent,Atomic,Complete,Y,Complete,Independent,Dependent,Independent,Atomic,Complete,Yes,Compound,Complete,Yes,Compound,No,Yes,No,No,No,No,1,selfsuff_mismatch;LT4_gate,1,holistic_vs_seven;holistic_vs_three;selfsuff_mismatch;LT4_gate
241,0,0,Complete,Y,Complete,Independent,Independent,Independent,Atomic,Complete,Y,Complete,Independent,Independent,Independent,Atomic,Complete,Y,Complete,Independent,Independent,Independent,Atomic,Complete,Yes,Atomic,Complete,Yes,Atomic,Yes,Yes,Yes,Yes,Yes,Yes,0,,0,
242,1,0,Complete,Y,Complete,Dependent,Dependent,Independent,Atomic,Complete,Y,Incomplete,Dependent,Dependent,Dependent,,Complete,Y,Incomplete,Dependent,Dependent,Independent,,Incomplete,No,,Incomplete,No,,No,No,No,No,No,No,1,completeness_mismatch;LT4_gate,0,
243,1,0,Complete,Y,Incomplete,Dependent,Dependent,Independent,,Complete,Y,Incomplete,Dependent,Dependent,Dependent,,Complete,Y,Incomplete,Dependent,Dependent,Independent,,Incomplete,No,,Incomplete,No,,No,No,No,No,No,No,0,,0,
244,1,0,Complete,Y,Complete,Dependent,Independent,Independent,Compound,Complete,Y,Complete,Independent,Independent,Independent,Atomic,Complete,Y,Complete,Independent,Independent,Independent,Atomic,Complete,Yes,Compound,Complete,Yes,Compound,No,No,No,Yes,No,Yes,1,selfsuff_mismatch;LT4_gate,1,holistic_vs_seven;three_vs_seven
245,1,0,Complete,Y,Complete,Dependent,Dependent,Independent,Atomic,Complete,Y,Complete,Dependent,Dependent,Dependent,Atomic,Complete,Y,Complete,Dependent,Dependent,Independent,Atomic,Complete,No,,Complete,No,,No,No,No,No,No,No,1,LT4_gate,1,LT4_gate
246,0,0,Complete,Y,Complete,Independent,Independent,Independent,Atomic,Complete,Y,Complete,Independent,Independent,Independent,Atomic,Complete,Y,Complete,Independent,Independent,Independent,Atomic,Complete,Yes,Atomic,Complete,Yes,Atomic,Yes,Yes,Yes,Yes,Yes,Yes,0,,0,
247,0,0,Complete,Y,Complete,Dependent,Dependent,Independent,Atomic,Complete,Y,Complete,Dependent,Dependent,Independent,Atomic,Complete,Y,Complete,Dependent,Dependent,Independent,Atomic,Complete,No,,Complete,No,,No,No,No,No,No,No,1,LT4_gate,1,LT4_gate
248,1,0,Incomplete,Y,Incomplete,Independent,Independent,Independent,,Incomplete,N,Incomplete,Independent,Independent,Independent,,Incomplete,Y,Incomplete,Independent,Independent,Independent,,Incomplete,No,,Incomplete,No,,No,No,No,No,No,No,1,selfsuff_mismatch,1,selfsuff_mismatch
249,1,0,Complete,Y,Complete,Dependent,Independent,Independent,Atomic,Complete,P,Complete,Independent,Independent,Independent,,Complete,Y,Complete,Independent,Independent,Independent,Atomic,Complete,Yes,Compound,Complete,Yes,Atomic,Yes,Yes,No,Yes,No,Yes,1,holistic_vs_seven;holistic_vs_three;selfsuff_mismatch;LT4_gate,0,
250,0,0,Complete,Y,Complete,Independent,Independent,Independent,Atomic,Complete,Y,Complete,Independent,Independent,Independent,Atomic,Complete,Y,Complete,Independent,Independent,Independent,Atomic,Complete,Yes,Atomic,Complete,Yes,Atomic,Yes,Yes,Yes,Yes,Yes,Yes,0,,0,
251,0,0,Complete,Y,Complete,Independent,Independent,Independent,Atomic,Complete,Y,Complete,Independent,Independent,Independent,Atomic,Complete,Y,Complete,Independent,Independent,Independent,Atomic,Complete,Yes,Atomic,Complete,Yes,Atomic,Yes,Yes,Yes,Yes,Yes,Yes,0,,0,
252,0,0,Complete,Y,Complete,Independent,Independent,Independent,Atomic,Complete,Y,Complete,Independent,Independent,Independent,Atomic,Complete,Y,Complete,Independent,Independent,Independent,Atomic,Complete,Yes,Atomic,Complete,Yes,Atomic,Yes,Yes,Yes,Yes,Yes,Yes,0,,0,
253,0,0,Complete,Y,Complete,Independent,Independent,Independent,Atomic,Complete,Y,Complete,Independent,Independent,Independent,Atomic,Complete,Y,Complete,Independent,Independent,Independent,Atomic,Complete,Yes,Atomic,Complete,Yes,Atomic,Yes,Yes,Yes,Yes,Yes,Yes,0,,0,
254,0,0,Complete,Y,Complete,Independent,Independent,Independent,Atomic,Complete,Y,Complete,Independent,Independent,Independent,Atomic,Complete,Y,Complete,Independent,Independent,Independent,Atomic,Complete,Yes,Atomic,Complete,Yes,Atomic,Yes,Yes,Yes,Yes,Yes,Yes,0,,0,
255,0,1,Complete,N,Complete,Independent,Independent,Independent,,Complete,N,Complete,Independent,Independent,Independent,,Complete,N,Complete,Independent,Independent,Independent,,Complete,Yes,Atomic,Complete,Yes,Atomic,No,Yes,No,No,No,No,1,holistic_vs_three;three_vs_seven;completeness_mismatch,1,holistic_vs_seven;three_vs_seven;completeness_mismatch
256,1,1,Complete,N,Complete,Independent,Dependent,Independent,,Complete,Y,Incomplete,Dependent,Dependent,Independent,,Complete,N,Complete,Independent,Dependent,Independent,,Complete,No,,Complete,No,,No,Yes,No,No,No,No,1,completeness_mismatch,1,holistic_vs_seven;holistic_vs_three;completeness_mismatch
257,0,0,Complete,N,Complete,Independent,Independent,Independent,,Complete,N,Complete,Independent,Independent,Independent,,Complete,N,Complete,Independent,Independent,Independent,,Complete,Yes,Atomic,Complete,Yes,Atomic,Yes,Yes,No,No,No,No,1,holistic_vs_seven;three_vs_seven;completeness_mismatch,1,holistic_vs_seven;three_vs_seven;completeness_mismatch
258,1,1,Complete,Y,Complete,Dependent,Independent,Independent,Atomic,Complete,Y,Complete,Dependent,Dependent,Dependent,Atomic,Complete,Y,Complete,Dependent,Independent,Independent,Atomic,Complete,No,,Complete,No,,Yes,Yes,No,No,No,No,1,holistic_vs_seven;holistic_vs_three;LT4_gate,1,holistic_vs_seven;holistic_vs_three;LT4_gate
259,0,0,Complete,Y,Incomplete,Independent,Dependent,Independent,,Complete,Y,Incomplete,Independent,Dependent,Independent,,Complete,Y,Incomplete,Independent,Dependent,Independent,,Incomplete,No,,Incomplete,No,,No,No,No,No,No,No,0,,0,
260,1,0,Complete,N,Incomplete,Independent,Dependent,Independent,,Complete,Y,Incomplete,Dependent,Dependent,Independent,,Complete,N,Incomplete,Independent,Dependent,Independent,,Complete,No,Atomic,Complete,No,,No,No,No,No,No,No,1,completeness_mismatch,1,completeness_mismatch
261,1,0,Complete,Y,Incomplete,Independent,Independent,Independent,,Complete,Y,Incomplete,Independent,Dependent,Independent,,Complete,Y,Incomplete,Independent,Dependent,Independent,,Complete,Yes,Compound,Complete,Yes,Compound,No,No,No,No,No,No,1,completeness_mismatch,1,completeness_mismatch;selfsuff_mismatch
262,1,0,Complete,Y,Incomplete,Independent,Independent,Independent,,Complete,Y,Incomplete,Independent,Dependent,Independent,,Complete,Y,Incomplete,Independent,Dependent,Independent,,Complete,Yes,Atomic,Complete,Yes,Atomic,No,No,No,No,No,No,1,holistic_vs_three;three_vs_seven;completeness_mismatch,1,holistic_vs_three;three_vs_seven;completeness_mismatch;selfsuff_mismatch
263,0,0,Complete,Y,Complete,Independent,Independent,Independent,Atomic,Complete,Y,Complete,Independent,Independent,Independent,Atomic,Complete,Y,Complete,Independent,Independent,Independent,Atomic,Complete,Yes,Compound,Complete,Yes,Atomic,Yes,Yes,Yes,Yes,Yes,Yes,1,holistic_vs_three;three_vs_seven,0,
264,1,0,Complete,Y,Incomplete,Dependent,Dependent,Independent,,Complete,Y,Incomplete,Independent,Dependent,Independent,,Complete,Y,Incomplete,Independent,Dependent,Independent,,Complete,Yes,Atomic,Complete,Yes,Atomic,No,No,No,No,No,No,1,holistic_vs_three;three_vs_seven;completeness_mismatch;selfsuff_mismatch,1,holistic_vs_three;three_vs_seven;completeness_mismatch;selfsuff_mismatch
265,1,0,Complete,Y,Complete,Dependent,Independent,Independent,Atomic,Complete,Y,Complete,Independent,Independent,Independent,Atomic,Complete,Y,Complete,Independent,Independent,Independent,Atomic,Complete,Yes,Atomic,Complete,Yes,Atomic,Yes,Yes,No,Yes,No,Yes,1,holistic_vs_seven;three_vs_seven;selfsuff_mismatch;LT4_gate,0,
266,1,0,Complete,Y,Complete,Dependent,Independent,Independent,Atomic,Complete,Y,Complete,Independent,Independent,Independent,Atomic,Complete,Y,Complete,Independent,Independent,Independent,Atomic,Complete,Yes,Atomic,Complete,Yes,Atomic,Yes,Yes,No,Yes,No,Yes,1,holistic_vs_seven;three_vs_seven;selfsuff_mismatch;LT4_gate,0,
267,1,0,Complete,Y,Complete,Dependent,Independent,Independent,Atomic,Complete,Y,Complete,Dependent,Independent,Independent,,Complete,Y,Complete,Dependent,Independent,Independent,Compound,Complete,Yes,Compound,Complete,Yes,Compound,No,No,No,No,No,No,1,selfsuff_mismatch;LT4_gate,1,selfsuff_mismatch;LT4_gate
268,1,0,Complete,Y,Complete,Dependent,Independent,Independent,Atomic,Complete,Y,Complete,Independent,Independent,Independent,Atomic,Complete,Y,Complete,Independent,Independent,Independent,Atomic,Complete,Yes,Atomic,Complete,Yes,Atomic,Yes,Yes,No,Yes,No,Yes,1,holistic_vs_seven;three_vs_seven;selfsuff_mismatch;LT4_gate,0,
269,1,0,Complete,Y,Complete,Dependent,Independent,Independent,Atomic,Complete,Y,Complete,Independent,Independent,Independent,Atomic,Complete,Y,Complete,Independent,Independent,Independent,Atomic,Complete,Yes,Atomic,Complete,Yes,Atomic,Yes,Yes,No,Yes,No,Yes,1,holistic_vs_seven;three_vs_seven;selfsuff_mismatch;LT4_gate,0,
270,1,0,Complete,Y,Complete,Dependent,Independent,Independent,Atomic,Complete,Y,Complete,Independent,Independent,Independent,Atomic,Complete,Y,Complete,Independent,Independent,Independent,Atomic,Complete,Yes,Compound,Complete,Yes,Compound,Yes,Yes,No,Yes,No,Yes,1,holistic_vs_seven;holistic_vs_three;selfsuff_mismatch;LT4_gate,1,holistic_vs_three;three_vs_seven
271,1,0,Complete,Y,Complete,Dependent,Independent,Independent,Atomic,Complete,Y,Complete,Independent,Independent,Independent,Atomic,Complete,Y,Complete,Independent,Independent,Independent,Atomic,Complete,Yes,Atomic,Complete,Yes,Atomic,Yes,Yes,No,Yes,No,Yes,1,holistic_vs_seven;three_vs_seven;selfsuff_mismatch;LT4_gate,0,
272,1,0,Complete,Y,Complete,Dependent,Independent,Independent,Atomic,Complete,Y,Complete,Independent,Independent,Independent,Atomic,Complete,Y,Complete,Independent,Independent,Independent,Atomic,Complete,Yes,Atomic,Complete,Yes,Atomic,Yes,Yes,No,Yes,No,Yes,1,holistic_vs_seven;three_vs_seven;selfsuff_mismatch;LT4_gate,0,
273,1,0,Complete,Y,Complete,Dependent,Independent,Independent,Atomic,Complete,Y,Complete,Independent,Independent,Independent,Atomic,Complete,Y,Complete,Independent,Independent,Independent,Atomic,Complete,Yes,Atomic,Complete,Yes,Atomic,Yes,Yes,No,Yes,No,Yes,1,holistic_vs_seven;three_vs_seven;selfsuff_mismatch;LT4_gate,0,
274,1,0,Complete,Y,Complete,Dependent,Independent,Dependent,,Complete,Y,Complete,Independent,Independent,Independent,Atomic,Complete,Y,Complete,Independent,Independent,Dependent,,Complete,Yes,Atomic,Complete,Yes,Atomic,Yes,Yes,No,No,No,No,1,holistic_vs_seven;three_vs_seven;selfsuff_mismatch,1,holistic_vs_seven;three_vs_seven;selfsuff_mismatch
275,1,0,Complete,Y,Complete,Dependent,Independent,Independent,Atomic,Complete,Y,Complete,Independent,Independent,Independent,Atomic,Complete,Y,Complete,Dependent,Independent,Independent,Atomic,Complete,Yes,Atomic,Complete,Yes,Atomic,Yes,Yes,No,No,No,No,1,holistic_vs_seven;three_vs_seven;selfsuff_mismatch;LT4_gate,1,holistic_vs_seven;three_vs_seven;selfsuff_mismatch;LT4_gate
276,1,0,Complete,Y,Complete,Dependent,Independent,Independent,Atomic,Complete,Y,Complete,Independent,Independent,Independent,Atomic,Complete,Y,Complete,Independent,Independent,Independent,Atomic,Complete,Yes,Atomic,Complete,Yes,Atomic,Yes,Yes,No,Yes,No,Yes,1,holistic_vs_seven;three_vs_seven;selfsuff_mismatch;LT4_gate,0,
277,0,0,Complete,Y,Complete,Independent,Independent,Independent,Atomic,Complete,Y,Complete,Independent,Independent,Independent,Atomic,Complete,Y,Complete,Independent,Independent,Independent,Atomic,Complete,Yes,Atomic,Complete,Yes,Atomic,Yes,Yes,Yes,Yes,Yes,Yes,0,,0,
278,1,0,Complete,Y,Complete,Dependent,Independent,Dependent,,Complete,Compound,Incomplete,Dependent,Independent,Independent,,Complete,Y,Complete,Dependent,Independent,Independent,,Complete,No,,Incomplete,No,,No,No,No,No,No,No,0,,1,completeness_mismatch
279,1,0,Complete,Y,Complete,Dependent,Independent,Independent,Atomic,Complete,Y,Complete,Independent,Independent,Independent,Atomic,Complete,Y,Complete,Independent,Independent,Independent,Atomic,Complete,Yes,Compound,Complete,Yes,Compound,Yes,Yes,No,Yes,No,Yes,1,holistic_vs_seven;holistic_vs_three;selfsuff_mismatch;LT4_gate,1,holistic_vs_three;three_vs_seven
280,0,0,Complete,Y,Incomplete,Dependent,Dependent,Independent,,Complete,Y,Incomplete,Dependent,Dependent,Independent,,Complete,Y,Incomplete,Dependent,Dependent,Independent,,Incomplete,No,,Incomplete,No,,No,No,No,No,No,No,0,,0,
281,0,0,Complete,Y,Complete,Independent,Independent,Independent,Atomic,Complete,Y,Complete,Independent,Independent,Independent,Atomic,Complete,Y,Complete,Independent,Independent,Independent,Atomic,Complete,Yes,Atomic,Complete,Yes,Atomic,Yes,Yes,Yes,Yes,Yes,Yes,0,,0,
282,0,0,Complete,Y,Complete,Independent,Independent,Independent,Atomic,Complete,Y,Complete,Independent,Independent,Independent,Atomic,Complete,Y,Complete,Independent,Independent,Independent,Atomic,Complete,Yes,Atomic,Complete,Yes,Atomic,Yes,Yes,Yes,Yes,Yes,Yes,0,,0,
283,0,0,Complete,Y,Complete,Independent,Independent,Independent,Atomic,Complete,Y,Complete,Independent,Independent,Independent,Atomic,Complete,Y,Complete,Independent,Independent,Independent,Atomic,Complete,Yes,Atomic,Complete,Yes,Atomic,Yes,Yes,Yes,Yes,Yes,Yes,0,,0,
284,0,0,Complete,Compound,Complete,Independent,Independent,Independent,Compound,Complete,Compound,Complete,Independent,Independent,Independent,Compound,Complete,Compound,Complete,Independent,Independent,Independent,Compound,Complete,Yes,Compound,Complete,Yes,Compound,Yes,Yes,No,No,No,No,1,holistic_vs_seven;holistic_vs_three,1,holistic_vs_seven;holistic_vs_three
285,0,0,Complete,Y,Complete,Independent,Independent,Independent,Atomic,Complete,Y,Complete,Independent,Independent,Independent,Atomic,Complete,Y,Complete,Independent,Independent,Independent,Atomic,Complete,Yes,Atomic,Complete,Yes,Atomic,Yes,Yes,Yes,Yes,Yes,Yes,0,,0,
286,0,0,Complete,Compound,Complete,Independent,Independent,Independent,Compound,Complete,Compound,Complete,Independent,Independent,Independent,Compound,Complete,Compound,Complete,Independent,Independent,Independent,Compound,Complete,Yes,Compound,Complete,Yes,Compound,Yes,Yes,No,No,No,No,1,holistic_vs_seven;holistic_vs_three,1,holistic_vs_seven;holistic_vs_three
287,1,0,Complete,Compound,Complete,Independent,Independent,Dependent,Compound,Complete,Compound,Complete,Independent,Independent,Independent,Compound,Complete,Compound,Complete,Independent,Independent,Independent,Compound,Complete,Yes,Compound,Complete,Yes,Compound,Yes,Yes,No,No,No,No,1,holistic_vs_seven;holistic_vs_three;selfsuff_mismatch;LT4_gate,1,holistic_vs_seven;holistic_vs_three
288,0,0,Complete,Y,Complete,Independent,Independent,Independent,Atomic,Complete,Y,Complete,Independent,Independent,Independent,Atomic,Complete,Y,Complete,Independent,Independent,Independent,Atomic,Complete,Yes,Atomic,Complete,Yes,Atomic,Yes,Yes,Yes,Yes,Yes,Yes,0,,0,
289,0,0,Complete,Compound,Complete,Independent,Independent,Independent,Compound,Complete,Compound,Complete,Independent,Independent,Independent,Compound,Complete,Compound,Complete,Independent,Independent,Independent,Compound,Complete,Yes,Compound,Complete,Yes,Compound,Yes,Yes,No,No,No,No,1,holistic_vs_seven;holistic_vs_three,1,holistic_vs_seven;holistic_vs_three
290,0,0,Complete,Y,Complete,Independent,Independent,Independent,Atomic,Complete,Y,Complete,Independent,Independent,Independent,Atomic,Complete,Y,Complete,Independent,Independent,Independent,Atomic,Complete,Yes,Atomic,Complete,Yes,Atomic,Yes,Yes,Yes,Yes,Yes,Yes,0,,0,
291,0,0,Complete,Y,Complete,Independent,Independent,Independent,Atomic,Complete,Y,Complete,Independent,Independent,Independent,Atomic,Complete,Y,Complete,Independent,Independent,Independent,Atomic,Complete,Yes,Atomic,Complete,Yes,Atomic,Yes,Yes,Yes,Yes,Yes,Yes,0,,0,
292,0,0,Complete,Y,Complete,Independent,Independent,Independent,Atomic,Complete,Y,Complete,Independent,Independent,Independent,Atomic,Complete,Y,Complete,Independent,Independent,Independent,Atomic,Complete,Yes,Atomic,Complete,Yes,Atomic,Yes,Yes,Yes,Yes,Yes,Yes,0,,0,
293,0,0,Complete,Y,Complete,Independent,Independent,Independent,Atomic,Complete,Y,Complete,Independent,Independent,Independent,Atomic,Complete,Y,Complete,Independent,Independent,Independent,Atomic,Complete,Yes,Atomic,Complete,Yes,Atomic,Yes,Yes,Yes,Yes,Yes,Yes,0,,0,
294,0,0,Complete,Y,Complete,Independent,Independent,Independent,Atomic,Complete,Y,Complete,Independent,Independent,Independent,Atomic,Complete,Y,Complete,Independent,Independent,Independent,Atomic,Complete,Yes,Atomic,Complete,Yes,Atomic,Yes,Yes,Yes,Yes,Yes,Yes,0,,0,
295,0,0,Complete,Y,Complete,Independent,Independent,Independent,Atomic,Complete,Y,Complete,Independent,Independent,Independent,Atomic,Complete,Y,Complete,Independent,Independent,Independent,Atomic,Complete,Yes,Atomic,Complete,Yes,Atomic,Yes,Yes,Yes,Yes,Yes,Yes,0,,0,
296,0,0,Complete,Y,Complete,Independent,Independent,Independent,Atomic,Complete,Y,Complete,Independent,Independent,Independent,Atomic,Complete,Y,Complete,Independent,Independent,Independent,Atomic,Complete,Yes,Atomic,Complete,Yes,Atomic,Yes,Yes,Yes,Yes,Yes,Yes,0,,0,
297,0,0,Complete,Y,Complete,Independent,Independent,Independent,Atomic,Complete,Y,Complete,Independent,Independent,Independent,Atomic,Complete,Y,Complete,Independent,Independent,Independent,Atomic,Complete,Yes,Atomic,Complete,Yes,Atomic,Yes,Yes,Yes,Yes,Yes,Yes,0,,0,
298,0,0,Complete,Y,Complete,Independent,Independent,Independent,Atomic,Complete,Y,Complete,Independent,Independent,Independent,Atomic,Complete,Y,Complete,Independent,Independent,Independent,Atomic,Complete,Yes,Atomic,Complete,Yes,Atomic,Yes,Yes,Yes,Yes,Yes,Yes,0,,0,
299,0,0,Complete,Compound,Complete,Independent,Independent,Independent,Compound,Complete,Compound,Complete,Independent,Independent,Independent,Compound,Complete,Compound,Complete,Independent,Independent,Independent,Compound,Complete,Yes,Compound,Complete,Yes,Compound,Yes,Yes,No,No,No,No,1,holistic_vs_seven;holistic_vs_three,1,holistic_vs_seven;holistic_vs_three
300,0,1,Complete,Compound,Complete,Independent,Independent,Independent,Compound,Complete,Compound,Complete,Independent,Independent,Independent,Compound,Complete,Compound,Complete,Independent,Independent,Independent,Compound,Complete,Yes,Compound,Complete,Yes,Compound,No,Yes,No,No,No,No,0,,1,holistic_vs_seven;holistic_vs_three
301,0,0,Complete,Y,Complete,Independent,Independent,Independent,Atomic,Complete,Y,Complete,Independent,Independent,Independent,Atomic,Complete,Y,Complete,Independent,Independent,Independent,Atomic,Complete,Yes,Atomic,Complete,Yes,Atomic,No,No,Yes,Yes,Yes,Yes,1,holistic_vs_seven;holistic_vs_three,1,holistic_vs_seven;holistic_vs_three
302,0,0,Complete,Y,Complete,Independent,Independent,Independent,Atomic,Complete,Y,Complete,Independent,Independent,Independent,Atomic,Complete,Y,Complete,Independent,Independent,Independent,Atomic,Complete,Yes,Atomic,Complete,Yes,Atomic,No,No,Yes,Yes,Yes,Yes,1,holistic_vs_seven;holistic_vs_three,1,holistic_vs_seven;holistic_vs_three
303,0,0,Complete,Y,Complete,Independent,Independent,Independent,Atomic,Complete,Y,Complete,Independent,Independent,Independent,Atomic,Complete,Y,Complete,Independent,Independent,Independent,Atomic,Complete,Yes,Atomic,Complete,Yes,Atomic,Yes,Yes,Yes,Yes,Yes,Yes,0,,0,
304,1,0,Complete,Y,Complete,Dependent,Independent,Dependent,,Complete,Y,Incomplete,Independent,Dependent,Independent,,Complete,Y,Complete,Dependent,Independent,Dependent,,Incomplete,No,,Incomplete,No,,No,No,No,No,No,No,1,completeness_mismatch,1,completeness_mismatch
305,1,0,Complete,Y,Complete,Dependent,Independent,Dependent,,Complete,Y,Incomplete,Independent,Dependent,Independent,,Complete,Y,Complete,Dependent,Independent,Dependent,,Incomplete,No,,Incomplete,No,,No,No,No,No,No,No,1,completeness_mismatch,1,completeness_mismatch
306,0,0,Complete,Y,Complete,Independent,Independent,Independent,Atomic,Complete,Y,Complete,Independent,Independent,Independent,Atomic,Complete,Y,Complete,Independent,Independent,Independent,Atomic,Complete,Yes,Atomic,Complete,Yes,Atomic,Yes,Yes,Yes,Yes,Yes,Yes,0,,0,
307,1,0,Complete,Y,Complete,Dependent,Independent,Dependent,,Complete,Y,Incomplete,Dependent,Dependent,Dependent,,Complete,Y,Complete,Dependent,Dependent,Dependent,,Incomplete,No,,Incomplete,No,,No,No,No,No,No,No,1,completeness_mismatch,1,completeness_mismatch
308,1,0,Complete,Y,Complete,Independent,Dependent,Independent,,Complete,Y,Incomplete,Independent,Dependent,Independent,,Complete,Y,Complete,Independent,Dependent,Independent,,Incomplete,No,,Incomplete,No,,No,No,No,No,No,No,1,completeness_mismatch,1,completeness_mismatch
309,1,0,Complete,Compound,Complete,Dependent,Independent,Independent,Compound,Complete,Y,Incomplete,Dependent,Dependent,Independent,,Complete,Y,Complete,Dependent,Independent,Independent,Atomic,Complete,No,,Complete,Yes,Compound,Yes,Yes,No,No,No,No,1,holistic_vs_seven;holistic_vs_three;LT4_gate,1,holistic_vs_seven;holistic_vs_three;selfsuff_mismatch;LT4_gate
310,1,1,Complete,Y,Complete,Dependent,Independent,Dependent,,Complete,Y,Incomplete,Independent,Dependent,Independent,,Complete,Y,Complete,Dependent,Independent,Independent,,Incomplete,No,,Incomplete,No,,Yes,No,No,No,No,No,1,holistic_vs_seven;holistic_vs_three;completeness_mismatch,1,completeness_mismatch
311,1,0,Complete,Y,Complete,Dependent,Independent,Dependent,,Complete,Y,Incomplete,Dependent,Dependent,Dependent,,Complete,Y,Complete,Dependent,Dependent,Dependent,,Incomplete,No,,Incomplete,No,,No,No,No,No,No,No,1,completeness_mismatch,1,completeness_mismatch
312,1,0,Complete,Y,Complete,Independent,Dependent,Independent,,Complete,Y,Incomplete,Independent,Dependent,Independent,,Complete,Y,Complete,Independent,Dependent,Independent,,Incomplete,No,,Incomplete,No,,No,No,No,No,No,No,1,completeness_mismatch,1,completeness_mismatch
313,1,1,Complete,Y,Incomplete,Independent,Independent,Independent,,Complete,Y,Incomplete,Independent,Dependent,Independent,,Complete,Y,Incomplete,Independent,Dependent,Independent,,Complete,Yes,Atomic,Complete,Yes,Atomic,No,No,No,No,No,No,1,holistic_vs_three;three_vs_seven;completeness_mismatch,1,holistic_vs_three;three_vs_seven;completeness_mismatch;selfsuff_mismatch
314,1,0,Complete,Y,Incomplete,Dependent,Dependent,Dependent,,Complete,Y,Incomplete,Independent,Dependent,Dependent,,Complete,Y,Incomplete,Independent,Dependent,Dependent,,Incomplete,No,,Complete,No,,No,No,No,No,No,No,0,,1,completeness_mismatch
315,0,0,Complete,Y,Complete,Independent,Independent,Independent,Atomic,Complete,Y,Complete,Independent,Independent,Independent,Atomic,Complete,Y,Complete,Independent,Independent,Independent,Atomic,Complete,Yes,Atomic,Complete,Yes,Atomic,No,No,Yes,Yes,Yes,Yes,1,holistic_vs_seven;holistic_vs_three,1,holistic_vs_seven;holistic_vs_three
316,0,0,Complete,Y,Complete,Independent,Independent,Dependent,,Complete,Y,Complete,Independent,Independent,Dependent,,Complete,Y,Complete,Independent,Independent,Dependent,,Incomplete,No,,Complete,No,,No,No,No,No,No,No,1,completeness_mismatch,0,
317,0,0,Complete,Y,Complete,Independent,Independent,Dependent,,Complete,Y,Complete,Independent,Independent,Dependent,,Complete,Y,Complete,Independent,Independent,Dependent,,Incomplete,No,,Complete,No,,No,No,No,No,No,No,1,completeness_mismatch,0,
318,1,0,Complete,Y,Complete,Independent,Independent,Independent,Atomic,Complete,Y,Incomplete,Independent,Dependent,Independent,,Complete,Y,Complete,Independent,Independent,Independent,Atomic,Complete,Yes,Atomic,Complete,Yes,Atomic,Yes,Yes,Yes,Yes,Yes,Yes,0,,0,
319,1,0,Complete,Y,Complete,Independent,Independent,Dependent,,Complete,Y,Incomplete,Independent,Dependent,Dependent,,Complete,Y,Complete,Independent,Independent,Dependent,,Incomplete,No,,Incomplete,No,,No,No,No,No,No,No,1,completeness_mismatch,1,completeness_mismatch
320,0,0,Complete,Y,Complete,Independent,Independent,Independent,Atomic,Complete,Y,Complete,Independent,Independent,Independent,Atomic,Complete,Y,Complete,Independent,Independent,Independent,Atomic,Incomplete,No,,Complete,No,,No,No,Yes,Yes,Yes,Yes,1,holistic_vs_seven;three_vs_seven;completeness_mismatch;selfsuff_mismatch,1,holistic_vs_seven;three_vs_seven;selfsuff_mismatch
321,0,0,Complete,Y,Incomplete,Independent,Dependent,Dependent,,Complete,Y,Incomplete,Independent,Dependent,Dependent,,Complete,Y,Incomplete,Independent,Dependent,Dependent,,Incomplete,No,,Incomplete,No,,No,No,No,No,No,No,0,,0,
322,0,0,Complete,Y,Incomplete,Independent,Dependent,Dependent,,Complete,Y,Incomplete,Independent,Dependent,Dependent,,Complete,Y,Incomplete,Independent,Dependent,Dependent,,Incomplete,No,,Incomplete,No,,No,No,No,No,No,No,0,,0,
323,0,0,Complete,N,Complete,Independent,Independent,Independent,,Complete,N,Complete,Independent,Independent,Independent,,Complete,N,Complete,Independent,Independent,Independent,,Complete,Yes,Atomic,Complete,Yes,Atomic,Yes,Yes,No,No,No,No,1,holistic_vs_seven;three_vs_seven;completeness_mismatch,1,holistic_vs_seven;three_vs_seven;completeness_mismatch
324,0,0,Complete,Y,Complete,Independent,Independent,Independent,Atomic,Complete,Y,Complete,Independent,Independent,Independent,Atomic,Complete,Y,Complete,Independent,Independent,Independent,Atomic,Complete,Yes,Atomic,Complete,Yes,Atomic,Yes,Yes,Yes,Yes,Yes,Yes,0,,0,
325,0,0,Complete,Y,Complete,Independent,Independent,Independent,Atomic,Complete,Y,Complete,Independent,Independent,Independent,Atomic,Complete,Y,Complete,Independent,Independent,Independent,Atomic,Incomplete,No,,Complete,Yes,Atomic,No,No,Yes,Yes,Yes,Yes,1,holistic_vs_seven;three_vs_seven;completeness_mismatch;selfsuff_mismatch,1,holistic_vs_seven;holistic_vs_three
326,1,0,Complete,Y,Incomplete,Independent,Dependent,Independent,,Complete,Y,Incomplete,Independent,Dependent,Dependent,,Complete,Y,Incomplete,Independent,Dependent,Independent,,Incomplete,No,,Incomplete,No,,No,No,No,No,No,No,0,,0,
327,0,0,Complete,Y,Incomplete,Independent,Dependent,Dependent,,Complete,Y,Incomplete,Independent,Dependent,Dependent,,Complete,Y,Incomplete,Independent,Dependent,Dependent,,Incomplete,No,,Complete,No,,No,No,No,No,No,No,0,,1,completeness_mismatch
328,0,0,Complete,Y,Complete,Independent,Independent,Independent,Compound,Complete,Y,Complete,Independent,Independent,Independent,Compound,Complete,Y,Complete,Independent,Independent,Independent,Compound,Complete,Yes,Compound,Complete,Yes,Compound,Yes,Yes,No,No,No,No,1,holistic_vs_seven;holistic_vs_three,1,holistic_vs_seven;holistic_vs_three
329,0,1,Complete,Y,Complete,Independent,Independent,Independent,Compound,Complete,Y,Complete,Independent,Independent,Independent,Compound,Complete,Y,Complete,Independent,Independent,Independent,Compound,Incomplete,No,,Complete,Yes,Compound,No,Yes,No,No,No,No,1,completeness_mismatch;selfsuff_mismatch,1,holistic_vs_seven;holistic_vs_three
330,1,0,Complete,Y,Incomplete,Independent,Dependent,Independent,,Complete,Y,Complete,Independent,Independent,Independent,Compound,Complete,Y,Complete,Independent,Independent,Independent,Compound,Complete,Yes,Atomic,Complete,Yes,Atomic,Yes,Yes,No,No,No,No,1,holistic_vs_seven;three_vs_seven;completeness_mismatch;selfsuff_mismatch,1,holistic_vs_seven;three_vs_seven
331,1,0,Complete,Y,Incomplete,Independent,Dependent,Independent,,Complete,Y,Complete,Independent,Independent,Independent,Atomic,Complete,Y,Complete,Independent,Independent,Independent,Atomic,Complete,Yes,Atomic,Complete,Yes,Atomic,Yes,Yes,No,Yes,No,Yes,1,holistic_vs_seven;three_vs_seven;completeness_mismatch;selfsuff_mismatch,0,
332,0,0,Complete,Y,Complete,Independent,Independent,Independent,Atomic,Complete,Y,Complete,Independent,Independent,Independent,Atomic,Complete,Y,Complete,Independent,Independent,Independent,Atomic,Complete,Yes,Atomic,Complete,Yes,Atomic,Yes,Yes,Yes,Yes,Yes,Yes,0,,0,
333,0,0,Complete,Y,Complete,Independent,Independent,Independent,Atomic,Complete,Y,Complete,Independent,Independent,Independent,Atomic,Complete,Y,Complete,Independent,Independent,Independent,Atomic,Complete,Yes,Atomic,Complete,Yes,Atomic,Yes,Yes,Yes,Yes,Yes,Yes,0,,0,
334,0,0,Complete,Y,Complete,Independent,Independent,Independent,Atomic,Complete,Y,Complete,Independent,Independent,Independent,Atomic,Complete,Y,Complete,Independent,Independent,Independent,Atomic,Complete,Yes,Atomic,Complete,Yes,Atomic,Yes,Yes,Yes,Yes,Yes,Yes,0,,0,
335,0,0,Complete,Y,Complete,Independent,Independent,Independent,Atomic,Complete,Y,Complete,Independent,Independent,Independent,Atomic,Complete,Y,Complete,Independent,Independent,Independent,Atomic,Incomplete,No,,Complete,Yes,Atomic,Yes,Yes,Yes,Yes,Yes,Yes,1,holistic_vs_three;three_vs_seven;completeness_mismatch;selfsuff_mismatch,0,
336,0,0,Complete,Y,Complete,Independent,Independent,Independent,Atomic,Complete,Y,Complete,Independent,Independent,Independent,Atomic,Complete,Y,Complete,Independent,Independent,Independent,Atomic,Incomplete,No,,Complete,Yes,Atomic,Yes,Yes,Yes,Yes,Yes,Yes,1,holistic_vs_three;three_vs_seven;completeness_mismatch;selfsuff_mismatch,0,
337,0,0,Complete,Y,Complete,Independent,Independent,Independent,Atomic,Complete,Y,Complete,Independent,Independent,Independent,Atomic,Complete,Y,Complete,Independent,Independent,Independent,Atomic,Complete,Yes,Atomic,Complete,Yes,Atomic,Yes,Yes,Yes,Yes,Yes,Yes,0,,0,
338,1,0,Complete,Y,Incomplete,Independent,Dependent,Independent,,Complete,Y,Complete,Independent,Independent,Independent,Atomic,Complete,Y,Complete,Independent,Independent,Independent,,Incomplete,No,,Complete,No,,Yes,Yes,No,No,No,No,1,holistic_vs_seven;holistic_vs_three,1,holistic_vs_seven;holistic_vs_three;selfsuff_mismatch
339,1,0,Complete,Y,Incomplete,Independent,Dependent,Independent,,Complete,Y,Complete,Independent,Independent,Independent,Atomic,Complete,Y,Complete,Independent,Independent,Independent,Atomic,Complete,Yes,Atomic,Complete,Yes,Atomic,Yes,Yes,No,Yes,No,Yes,1,holistic_vs_seven;three_vs_seven;completeness_mismatch;selfsuff_mismatch,0,
340,1,0,Complete,Y,Complete,Independent,Independent,Independent,Atomic,Complete,Y,Complete,Independent,Independent,Independent,Compound,Complete,Y,Complete,Independent,Independent,Independent,Atomic,Complete,Yes,Atomic,Complete,Yes,Atomic,Yes,Yes,Yes,Yes,Yes,Yes,0,,0,
341,0,0,Complete,Y,Complete,Independent,Independent,Independent,Atomic,Complete,Y,Complete,Independent,Independent,Independent,Atomic,Complete,Y,Complete,Independent,Independent,Independent,Atomic,Complete,Yes,Atomic,Complete,Yes,Atomic,Yes,Yes,Yes,Yes,Yes,Yes,0,,0,
342,0,0,Complete,Y,Complete,Independent,Independent,Independent,Atomic,Complete,Y,Complete,Independent,Independent,Independent,Atomic,Complete,Y,Complete,Independent,Independent,Independent,Atomic,Complete,Yes,Atomic,Complete,Yes,Atomic,Yes,Yes,Yes,Yes,Yes,Yes,0,,0,
343,0,0,Complete,Y,Complete,Independent,Independent,Independent,Atomic,Complete,Y,Complete,Independent,Independent,Independent,Atomic,Complete,Y,Complete,Independent,Independent,Independent,Atomic,Complete,Yes,Atomic,Complete,Yes,Atomic,Yes,Yes,Yes,Yes,Yes,Yes,0,,0,
344,1,0,Complete,Y,Incomplete,Independent,Independent,Dependent,,Complete,Y,Complete,Independent,Independent,Independent,Atomic,Complete,Y,Complete,Independent,Independent,Independent,Compound,Complete,Yes,Compound,Complete,Yes,Compound,Yes,Yes,No,No,No,No,1,holistic_vs_seven;holistic_vs_three;completeness_mismatch;selfsuff_mismatch,1,holistic_vs_seven;holistic_vs_three
345,0,0,Complete,Y,Complete,Independent,Independent,Independent,Atomic,Complete,Y,Complete,Independent,Independent,Independent,Atomic,Complete,Y,Complete,Independent,Independent,Independent,Atomic,Complete,Yes,Atomic,Complete,Yes,Atomic,Yes,Yes,Yes,Yes,Yes,Yes,0,,0,
346,0,0,Complete,Y,Complete,Independent,Independent,Independent,Atomic,Complete,Y,Complete,Independent,Independent,Independent,Atomic,Complete,Y,Complete,Independent,Independent,Independent,Atomic,Complete,Yes,Compound,Complete,Yes,Compound,Yes,Yes,Yes,Yes,Yes,Yes,1,holistic_vs_three;three_vs_seven,1,holistic_vs_three;three_vs_seven
347,0,0,Complete,Y,Complete,Independent,Independent,Independent,Compound,Complete,Y,Complete,Independent,Independent,Independent,Compound,Complete,Y,Complete,Independent,Independent,Independent,Compound,Complete,Yes,Compound,Complete,Yes,Compound,Yes,Yes,No,No,No,No,1,holistic_vs_seven;holistic_vs_three,1,holistic_vs_seven;holistic_vs_three
348,0,0,Complete,Y,Incomplete,Dependent,Dependent,Dependent,,Complete,Y,Incomplete,Dependent,Dependent,Dependent,,Complete,Y,Incomplete,Dependent,Dependent,Dependent,,Incomplete,No,,Incomplete,No,,No,No,No,No,No,No,0,,0,
349,0,0,Complete,Y,Incomplete,Dependent,Dependent,Dependent,,Complete,Y,Incomplete,Dependent,Dependent,Dependent,,Complete,Y,Incomplete,Dependent,Dependent,Dependent,,Complete,No,,Complete,No,,No,No,No,No,No,No,1,completeness_mismatch,1,completeness_mismatch
350,1,0,Complete,Y,Complete,Independent,Independent,Independent,Compound,Complete,Y,Complete,Independent,Independent,Independent,Atomic,Complete,Y,Complete,Independent,Independent,Independent,Atomic,Complete,Yes,Compound,Complete,Yes,Compound,Yes,Yes,No,Yes,No,Yes,1,holistic_vs_seven;holistic_vs_three,1,holistic_vs_three;three_vs_seven
351,0,0,Complete,Y,Complete,Independent,Independent,Independent,Compound,Complete,Y,Complete,Independent,Independent,Independent,Compound,Complete,Y,Complete,Independent,Independent,Independent,Compound,Complete,Yes,Compound,Complete,Yes,Compound,Yes,Yes,No,No,No,No,1,holistic_vs_seven;holistic_vs_three,1,holistic_vs_seven;holistic_vs_three
352,1,0,Complete,Y,Incomplete,Independent,Independent,Independent,,Complete,Y,Complete,Independent,Independent,Independent,Atomic,Complete,Y,Complete,Independent,Independent,Independent,Atomic,Complete,Yes,Atomic,Complete,Yes,Atomic,Yes,Yes,No,Yes,No,Yes,1,holistic_vs_seven;three_vs_seven;completeness_mismatch,0,
353,1,0,Complete,Y,Incomplete,Independent,Independent,Independent,,Complete,Y,Complete,Independent,Independent,Independent,Atomic,Complete,Y,Complete,Independent,Independent,Independent,Atomic,Complete,Yes,Atomic,Complete,Yes,Atomic,Yes,Yes,No,Yes,No,Yes,1,holistic_vs_seven;three_vs_seven;completeness_mismatch,0,
354,1,0,Complete,Y,Incomplete,Independent,Independent,Independent,,Complete,Y,Complete,Independent,Independent,Independent,Atomic,Complete,Y,Complete,Independent,Independent,Independent,Atomic,Complete,Yes,Atomic,Complete,Yes,Atomic,Yes,Yes,No,Yes,No,Yes,1,holistic_vs_seven;three_vs_seven;completeness_mismatch,0,
355,0,1,Complete,Y,Complete,Independent,Independent,Independent,Atomic,Complete,Y,Complete,Independent,Independent,Independent,Atomic,Complete,Y,Complete,Independent,Independent,Independent,Atomic,Complete,Yes,Atomic,Complete,Yes,Atomic,Yes,No,Yes,Yes,Yes,Yes,0,,1,holistic_vs_seven;holistic_vs_three
356,0,0,Complete,Y,Complete,Independent,Independent,Independent,Atomic,Complete,Y,Complete,Independent,Independent,Independent,Atomic,Complete,Y,Complete,Independent,Independent,Independent,Atomic,Complete,Yes,Atomic,Complete,Yes,Atomic,Yes,Yes,Yes,Yes,Yes,Yes,0,,0,
357,0,0,Complete,Y,Complete,Independent,Independent,Independent,Compound,Complete,Y,Complete,Independent,Independent,Independent,Compound,Complete,Y,Complete,Independent,Independent,Independent,Compound,Complete,Yes,Compound,Complete,Yes,Compound,Yes,Yes,No,No,No,No,1,holistic_vs_seven;holistic_vs_three,1,holistic_vs_seven;holistic_vs_three
358,1,0,Complete,Y,Complete,Independent,Independent,Dependent,,Complete,Y,Complete,Independent,Independent,Independent,Atomic,Complete,Y,Complete,Independent,Independent,Dependent,,Complete,Yes,Compound,Complete,Yes,Compound,Yes,Yes,No,No,No,No,1,holistic_vs_seven;holistic_vs_three;selfsuff_mismatch,1,holistic_vs_seven;holistic_vs_three;selfsuff_mismatch
359,0,0,Complete,Y,Complete,Independent,Independent,Independent,Atomic,Complete,Y,Complete,Independent,Independent,Independent,Atomic,Complete,Y,Complete,Independent,Independent,Independent,Atomic,Complete,Yes,Atomic,Complete,Yes,Atomic,Yes,Yes,Yes,Yes,Yes,Yes,0,,0,
360,0,0,Complete,Y,Complete,Independent,Independent,Independent,Compound,Complete,Y,Complete,Independent,Independent,Independent,Compound,Complete,Y,Complete,Independent,Independent,Independent,Compound,Complete,Yes,Compound,Complete,Yes,Compound,Yes,Yes,No,No,No,No,1,holistic_vs_seven;holistic_vs_three,1,holistic_vs_seven;holistic_vs_three
361,1,0,Complete,Y,Incomplete,Independent,Dependent,Independent,,Complete,Y,Complete,Independent,Independent,Independent,Atomic,Complete,Y,Complete,Independent,Dependent,Independent,,Complete,Yes,Atomic,Complete,Yes,Atomic,Yes,Yes,No,No,No,No,1,holistic_vs_seven;three_vs_seven;completeness_mismatch;selfsuff_mismatch,1,holistic_vs_seven;three_vs_seven;selfsuff_mismatch
362,0,0,Complete,Y,Complete,Independent,Independent,Independent,Atomic,Complete,Y,Complete,Independent,Independent,Independent,Atomic,Complete,Y,Complete,Independent,Independent,Independent,Atomic,Complete,Yes,Atomic,Complete,Yes,Atomic,No,No,Yes,Yes,Yes,Yes,1,holistic_vs_seven;holistic_vs_three,1,holistic_vs_seven;holistic_vs_three
363,0,0,Complete,Y,Complete,Independent,Independent,Independent,Atomic,Complete,Y,Complete,Independent,Independent,Independent,Atomic,Complete,Y,Complete,Independent,Independent,Independent,Atomic,Complete,Yes,Compound,Complete,Yes,Atomic,Yes,Yes,Yes,Yes,Yes,Yes,1,holistic_vs_three;three_vs_seven,0,
364,1,0,Complete,Y,Incomplete,Independent,Dependent,Dependent,,Complete,Y,Complete,Independent,Independent,Independent,Atomic,Complete,Y,Incomplete,Independent,Dependent,Independent,,Incomplete,No,,Incomplete,No,,Yes,Yes,No,No,No,No,1,holistic_vs_seven;holistic_vs_three,1,holistic_vs_seven;holistic_vs_three
365,0,0,Complete,Y,Complete,Independent,Independent,Independent,Atomic,Complete,Y,Complete,Independent,Independent,Independent,Atomic,Complete,Y,Complete,Independent,Independent,Independent,Atomic,Complete,Yes,Atomic,Complete,Yes,Atomic,Yes,Yes,Yes,Yes,Yes,Yes,0,,0,
366,0,0,Complete,Y,Complete,Independent,Independent,Independent,Atomic,Complete,Y,Complete,Independent,Independent,Independent,Atomic,Complete,Y,Complete,Independent,Independent,Independent,Atomic,Complete,Yes,Atomic,Complete,Yes,Atomic,Yes,Yes,Yes,Yes,Yes,Yes,0,,0,
367,0,0,Complete,Y,Complete,Independent,Independent,Independent,Atomic,Complete,Y,Complete,Independent,Independent,Independent,Atomic,Complete,Y,Complete,Independent,Independent,Independent,Atomic,Complete,Yes,Atomic,Complete,Yes,Atomic,Yes,Yes,Yes,Yes,Yes,Yes,0,,0,
368,0,0,Complete,Compound,Complete,Independent,Independent,Independent,Compound,Complete,Compound,Complete,Independent,Independent,Independent,Compound,Complete,Compound,Complete,Independent,Independent,Independent,Compound,Complete,Yes,Compound,Complete,Yes,Compound,Yes,Yes,No,No,No,No,1,holistic_vs_seven;holistic_vs_three,1,holistic_vs_seven;holistic_vs_three
369,1,0,Complete,Y,Incomplete,Dependent,Dependent,Dependent,,Complete,Y,Complete,Dependent,Dependent,Dependent,,Complete,Y,Complete,Dependent,Dependent,Dependent,,Incomplete,No,,Complete,No,,No,No,No,No,No,No,0,,0,
370,1,0,Complete,Y,Incomplete,Independent,Dependent,Independent,,Complete,Y,Complete,Independent,Independent,Independent,Atomic,Complete,Y,Complete,Independent,Independent,Independent,Compound,Complete,No,,Complete,No,,No,No,No,No,No,No,1,completeness_mismatch,1,selfsuff_mismatch
371,1,0,Complete,Y,Complete,Dependent,Independent,Independent,Atomic,Complete,Y,Complete,Independent,Independent,Independent,Atomic,Complete,Y,Complete,Dependent,Independent,Independent,Atomic,Complete,Yes,Atomic,Complete,Yes,Atomic,Yes,Yes,No,No,No,No,1,holistic_vs_seven;three_vs_seven;selfsuff_mismatch;LT4_gate,1,holistic_vs_seven;three_vs_seven;selfsuff_mismatch;LT4_gate
372,1,0,Complete,Y,Complete,Dependent,Independent,Independent,Atomic,Complete,Y,Complete,Independent,Independent,Independent,Atomic,Complete,Y,Complete,Independent,Independent,Independent,Atomic,Complete,Yes,Atomic,Complete,Yes,Atomic,Yes,Yes,No,Yes,No,Yes,1,holistic_vs_seven;three_vs_seven;selfsuff_mismatch;LT4_gate,0,
373,1,1,Complete,Y,Incomplete,Dependent,Dependent,Independent,,Complete,Y,Complete,Dependent,Dependent,Independent,,Complete,Y,Incomplete,Dependent,Dependent,Independent,,Complete,No,,Complete,No,,No,No,No,No,No,No,1,completeness_mismatch,1,completeness_mismatch
374,1,1,Complete,Y,Incomplete,Dependent,Dependent,Independent,,Complete,Y,Complete,Dependent,Dependent,Independent,,Complete,Y,Incomplete,Dependent,Dependent,Independent,,Complete,No,,Complete,No,,No,No,No,No,No,No,1,completeness_mismatch,1,completeness_mismatch
375,1,1,Complete,Y,Incomplete,Dependent,Dependent,Independent,,Complete,Y,Complete,Dependent,Dependent,Independent,,Complete,Y,Complete,Dependent,Dependent,Independent,,Complete,No,,Complete,No,,No,No,No,No,No,No,1,completeness_mismatch,0,
376,1,1,Complete,Y,Complete,Dependent,Independent,Independent,Atomic,Complete,Compound,Complete,Independent,Independent,Independent,Compound,Complete,Y,Complete,Independent,Independent,Independent,Atomic,Complete,Yes,Compound,Complete,No,,No,No,No,Yes,No,Yes,1,selfsuff_mismatch;LT4_gate,1,holistic_vs_seven;three_vs_seven;selfsuff_mismatch
377,0,0,Complete,Y,Complete,Independent,Independent,Independent,Atomic,Complete,Y,Complete,Independent,Independent,Independent,Atomic,Complete,Y,Complete,Independent,Independent,Independent,Atomic,Complete,Yes,Atomic,Complete,Yes,Atomic,Yes,Yes,Yes,Yes,Yes,Yes,0,,0,
378,0,0,Complete,Y,Complete,Independent,Independent,Independent,Atomic,Complete,Y,Complete,Independent,Independent,Independent,Atomic,Complete,Y,Complete,Independent,Independent,Independent,Atomic,Complete,Yes,Atomic,Complete,Yes,Atomic,Yes,Yes,Yes,Yes,Yes,Yes,0,,0,
379,0,0,Complete,Y,Complete,Independent,Independent,Independent,Atomic,Complete,Y,Complete,Independent,Independent,Independent,Atomic,Complete,Y,Complete,Independent,Independent,Independent,Atomic,Complete,Yes,Atomic,Complete,Yes,Atomic,Yes,Yes,Yes,Yes,Yes,Yes,0,,0,
380,1,0,Complete,Y,Incomplete,Independent,Dependent,Independent,,Complete,Y,Complete,Independent,Independent,Independent,Atomic,Complete,Y,Complete,Independent,Independent,Independent,Atomic,Complete,Yes,Atomic,Complete,No,,Yes,Yes,No,Yes,No,Yes,1,holistic_vs_seven;three_vs_seven;completeness_mismatch;selfsuff_mismatch,1,holistic_vs_three;three_vs_seven;selfsuff_mismatch
381,1,0,Complete,Y,Complete,Independent,Independent,Independent,Compound,Complete,Y,Complete,Independent,Independent,Independent,Atomic,Complete,Y,Complete,Independent,Independent,Independent,Compound,Complete,Yes,Compound,Complete,Yes,Compound,Yes,Yes,No,No,No,No,1,holistic_vs_seven;holistic_vs_three,1,holistic_vs_seven;holistic_vs_three
382,0,0,Complete,Y,Complete,Independent,Independent,Independent,Atomic,Complete,Y,Complete,Independent,Independent,Independent,Atomic,Complete,Y,Complete,Independent,Independent,Independent,Atomic,Complete,Yes,Atomic,Complete,Yes,Atomic,Yes,Yes,Yes,Yes,Yes,Yes,0,,0,
383,0,0,Complete,Y,Complete,Independent,Independent,Independent,Atomic,Complete,Y,Complete,Independent,Independent,Independent,Atomic,Complete,Y,Complete,Independent,Independent,Independent,Atomic,Complete,Yes,Atomic,Complete,Yes,Atomic,Yes,Yes,Yes,Yes,Yes,Yes,0,,0,
384,0,0,Complete,Y,Complete,Independent,Independent,Independent,Atomic,Complete,Y,Complete,Independent,Independent,Independent,Atomic,Complete,Y,Complete,Independent,Independent,Independent,Atomic,Complete,Yes,Compound,Complete,Yes,Atomic,Yes,Yes,Yes,Yes,Yes,Yes,1,holistic_vs_three;three_vs_seven,0,
385,0,0,Complete,Y,Complete,Independent,Independent,Independent,Atomic,Complete,Y,Complete,Independent,Independent,Independent,Atomic,Complete,Y,Complete,Independent,Independent,Independent,Atomic,Complete,Yes,Atomic,Complete,Yes,Atomic,Yes,Yes,Yes,Yes,Yes,Yes,0,,0,
386,0,0,Complete,Y,Complete,Independent,Independent,Independent,Atomic,Complete,Y,Complete,Independent,Independent,Independent,Atomic,Complete,Y,Complete,Independent,Independent,Independent,Atomic,Complete,Yes,Atomic,Complete,Yes,Atomic,Yes,Yes,Yes,Yes,Yes,Yes,0,,0,
387,0,0,Complete,Y,Complete,Dependent,Independent,Independent,Atomic,Complete,Y,Complete,Dependent,Independent,Independent,Atomic,Complete,Y,Complete,Dependent,Independent,Independent,Atomic,Complete,Yes,Atomic,Complete,Yes,Atomic,No,No,No,No,No,No,1,holistic_vs_three;three_vs_seven;selfsuff_mismatch;LT4_gate,1,holistic_vs_three;three_vs_seven;selfsuff_mismatch;LT4_gate
388,0,0,Complete,Y,Complete,Dependent,Independent,Independent,Atomic,Complete,Y,Complete,Dependent,Independent,Independent,Atomic,Complete,Y,Complete,Dependent,Independent,Independent,Atomic,Complete,Yes,Compound,Complete,Yes,Compound,No,No,No,No,No,No,1,selfsuff_mismatch;LT4_gate,1,selfsuff_mismatch;LT4_gate
389,0,0,Complete,Y,Complete,Independent,Independent,Independent,Atomic,Complete,Y,Complete,Independent,Independent,Independent,Atomic,Complete,Y,Complete,Independent,Independent,Independent,Atomic,Complete,Yes,Compound,Complete,Yes,Compound,Yes,Yes,Yes,Yes,Yes,Yes,1,holistic_vs_three;three_vs_seven,1,holistic_vs_three;three_vs_seven
390,1,0,Complete,Y,Complete,Independent,Independent,Dependent,,Complete,Y,Complete,Independent,Independent,Independent,Atomic,Complete,Y,Complete,Independent,Independent,Dependent,Atomic,Complete,Yes,Atomic,Complete,Yes,Atomic,Yes,Yes,No,No,No,No,1,holistic_vs_seven;three_vs_seven;selfsuff_mismatch,1,holistic_vs_seven;three_vs_seven;selfsuff_mismatch;LT4_gate
391,1,0,Complete,Y,Complete,Independent,Independent,Dependent,,Complete,Y,Complete,Independent,Independent,Independent,Atomic,Complete,Y,Complete,Independent,Independent,Independent,Atomic,Complete,Yes,Atomic,Complete,Yes,Compound,Yes,Yes,No,Yes,No,Yes,1,holistic_vs_seven;three_vs_seven;selfsuff_mismatch,1,holistic_vs_three;three_vs_seven
392,0,0,Complete,Y,Complete,Independent,Independent,Independent,Atomic,Complete,Y,Complete,Independent,Independent,Independent,Atomic,Complete,Y,Complete,Independent,Independent,Independent,Atomic,Complete,Yes,Atomic,Complete,Yes,Atomic,Yes,Yes,Yes,Yes,Yes,Yes,0,,0,
393,0,0,Complete,Y,Complete,Independent,Independent,Independent,Compound,Complete,Y,Complete,Independent,Independent,Independent,Compound,Complete,Y,Complete,Independent,Independent,Independent,Compound,Complete,Yes,Compound,Complete,Yes,Compound,Yes,Yes,No,No,No,No,1,holistic_vs_seven;holistic_vs_three,1,holistic_vs_seven;holistic_vs_three
394,0,0,Complete,Y,Complete,Independent,Independent,Independent,Atomic,Complete,Y,Complete,Independent,Independent,Independent,Atomic,Complete,Y,Complete,Independent,Independent,Independent,Atomic,Complete,Yes,Atomic,Complete,Yes,Atomic,Yes,Yes,Yes,Yes,Yes,Yes,0,,0,
395,1,0,Complete,Y,Complete,Independent,Dependent,Independent,,Complete,Y,Complete,Dependent,Dependent,Independent,Atomic,Complete,Y,Complete,Dependent,Dependent,Independent,,Incomplete,No,,Incomplete,No,,No,No,No,No,No,No,1,completeness_mismatch,1,completeness_mismatch
396,0,0,Complete,Y,Complete,Dependent,Independent,Independent,Atomic,Complete,Y,Complete,Dependent,Independent,Independent,Atomic,Complete,Y,Complete,Dependent,Independent,Independent,Atomic,Complete,Yes,Atomic,Complete,Yes,Atomic,Yes,Yes,No,No,No,No,1,holistic_vs_seven;three_vs_seven;selfsuff_mismatch;LT4_gate,1,holistic_vs_seven;three_vs_seven;selfsuff_mismatch;LT4_gate
397,1,0,Complete,Y,Complete,Dependent,Dependent,Independent,,Complete,Y,Complete,Dependent,Dependent,Independent,Atomic,Complete,Y,Complete,Dependent,Dependent,Independent,,Complete,No,,Complete,No,,No,No,No,No,No,No,0,,0,
398,1,0,Complete,Y,Complete,Independent,Dependent,Independent,Atomic,Complete,Y,Complete,Dependent,Dependent,Independent,Compound,Complete,Y,Complete,Dependent,Dependent,Independent,Atomic,Complete,No,,Complete,No,,No,No,No,No,No,No,1,LT4_gate,1,LT4_gate
399,1,0,Complete,Y,Complete,Independent,Dependent,Independent,Atomic,Complete,Y,Complete,Dependent,Dependent,Independent,Compound,Complete,Y,Complete,Dependent,Dependent,Independent,Atomic,Complete,No,,Complete,No,,No,No,No,No,No,No,1,LT4_gate,1,LT4_gate
400,1,0,Complete,Y,Complete,Dependent,Dependent,Independent,,Complete,Y,Complete,Dependent,Dependent,Independent,Compound,Complete,Y,Complete,Dependent,Dependent,Independent,Compound,Complete,No,,Complete,No,,No,No,No,No,No,No,0,,1,LT4_gate
401,0,0,Complete,Y,Incomplete,Dependent,Dependent,Independent,,Complete,Y,Incomplete,Dependent,Dependent,Independent,,Complete,Y,Incomplete,Dependent,Dependent,Independent,,Complete,No,,Complete,No,,No,No,No,No,No,No,1,completeness_mismatch,1,completeness_mismatch
402,1,1,Complete,Y,Complete,Independent,Independent,Independent,Atomic,Complete,Y,Incomplete,Independent,Independent,Independent,,Complete,Y,Incomplete,Independent,Independent,Independent,,Complete,Yes,Atomic,Complete,Yes,Atomic,Yes,Yes,Yes,No,Yes,No,0,,1,holistic_vs_seven;three_vs_seven;completeness_mismatch
403,1,0,Complete,Y,Complete,Independent,Independent,Independent,Atomic,Complete,Y,Complete,Dependent,Dependent,Independent,,Complete,Y,Complete,Independent,Independent,Independent,Atomic,Complete,No,,Complete,No,,No,No,Yes,Yes,Yes,Yes,1,holistic_vs_seven;three_vs_seven;selfsuff_mismatch,1,holistic_vs_seven;three_vs_seven;selfsuff_mismatch
404,0,0,Complete,Y,Incomplete,Dependent,Dependent,Dependent,,Complete,Y,Incomplete,Dependent,Dependent,Dependent,,Complete,Y,Incomplete,Dependent,Dependent,Dependent,,Complete,No,,Complete,No,,No,No,No,No,No,No,1,completeness_mismatch,1,completeness_mismatch
405,1,0,Complete,Y,Complete,Independent,Independent,Independent,Atomic,Complete,Y,Complete,Independent,Independent,Independent,,Complete,Y,Complete,Independent,Independent,Independent,Atomic,Complete,Yes,Atomic,Complete,Yes,Atomic,No,No,Yes,Yes,Yes,Yes,1,holistic_vs_seven;holistic_vs_three,1,holistic_vs_seven;holistic_vs_three
406,1,0,Complete,P,Complete,Independent,Dependent,Independent,,Complete,Y,Incomplete,Dependent,Dependent,Independent,,Complete,Y,Incomplete,Independent,Dependent,Independent,,Complete,Yes,Atomic,Complete,Yes,Atomic,No,No,No,No,No,No,1,holistic_vs_three;three_vs_seven;completeness_mismatch;selfsuff_mismatch,1,holistic_vs_three;three_vs_seven;completeness_mismatch;selfsuff_mismatch
407,1,0,Complete,Y,Incomplete,Dependent,Dependent,Dependent,,Complete,Y,Incomplete,Dependent,Dependent,Dependent,Compound,Complete,Y,Incomplete,Dependent,Dependent,Dependent,,Complete,No,,Complete,No,,No,No,No,No,No,No,1,completeness_mismatch,1,completeness_mismatch
408,1,0,Complete,Y,Complete,Independent,Independent,Independent,Atomic,Complete,Y,Complete,Independent,Independent,Independent,,Complete,Y,Complete,Independent,Independent,Independent,Atomic,Complete,Yes,Atomic,Complete,Yes,Atomic,Yes,Yes,Yes,Yes,Yes,Yes,0,,0,
409,1,0,Complete,Y,Complete,Dependent,Dependent,Independent,Atomic,Complete,Y,Complete,Dependent,Dependent,Independent,,Complete,Y,Complete,Dependent,Dependent,Independent,Atomic,Complete,No,,Complete,No,,No,No,No,No,No,No,1,LT4_gate,1,LT4_gate
410,0,0,Complete,Y,Complete,Independent,Independent,Independent,Atomic,Complete,Y,Complete,Independent,Independent,Independent,Atomic,Complete,Y,Complete,Independent,Independent,Independent,Atomic,Complete,Yes,Compound,Complete,Yes,Compound,Yes,Yes,Yes,Yes,Yes,Yes,1,holistic_vs_three;three_vs_seven,1,holistic_vs_three;three_vs_seven
411,1,0,Complete,Y,Incomplete,Dependent,Dependent,Independent,,Complete,Y,Incomplete,Independent,Dependent,Independent,,Complete,Y,Incomplete,Independent,Dependent,Independent,,Complete,Yes,Compound,Complete,No,,No,No,No,No,No,No,1,completeness_mismatch;selfsuff_mismatch,1,completeness_mismatch
412,0,0,Complete,Y,Complete,Independent,Independent,Independent,Atomic,Complete,Y,Complete,Independent,Independent,Independent,Atomic,Complete,Y,Complete,Independent,Independent,Independent,Atomic,Complete,Yes,Compound,Complete,Yes,Atomic,Yes,Yes,Yes,Yes,Yes,Yes,1,holistic_vs_three;three_vs_seven,0,
413,0,0,Complete,N,Complete,Independent,Independent,Independent,,Complete,N,Complete,Independent,Independent,Independent,,Complete,N,Complete,Independent,Independent,Independent,,Complete,Yes,Atomic,Complete,Yes,Atomic,Yes,Yes,No,No,No,No,1,holistic_vs_seven;three_vs_seven;completeness_mismatch,1,holistic_vs_seven;three_vs_seven;completeness_mismatch
414,1,0,Complete,Y,Complete,Independent,Independent,Independent,Atomic,Complete,N,Complete,Independent,Independent,Independent,,Complete,Y,Complete,Independent,Independent,Independent,Atomic,Complete,Yes,Atomic,Complete,Yes,Atomic,Yes,Yes,Yes,Yes,Yes,Yes,0,,0,
415,0,0,Complete,Y,Complete,Independent,Independent,Independent,Atomic,Complete,Y,Complete,Independent,Independent,Independent,Atomic,Complete,Y,Complete,Independent,Independent,Independent,Atomic,Complete,Yes,Atomic,Complete,Yes,Atomic,Yes,Yes,Yes,Yes,Yes,Yes,0,,0,
416,1,0,Complete,Y,Complete,Independent,Independent,Independent,Atomic,Complete,Y,Complete,Independent,Independent,Independent,,Complete,Y,Complete,Independent,Independent,Independent,Atomic,Complete,Yes,Atomic,Complete,Yes,Atomic,Yes,Yes,Yes,Yes,Yes,Yes,0,,0,
417,1,0,Complete,Y,Complete,Independent,Independent,Independent,Atomic,Complete,Y,Incomplete,Dependent,Dependent,Dependent,,Complete,Y,Complete,Dependent,Independent,Dependent,,Complete,Yes,Atomic,Complete,Yes,Atomic,Yes,Yes,Yes,No,Yes,No,0,,1,holistic_vs_seven;three_vs_seven;selfsuff_mismatch
418,1,0,Complete,Y,Incomplete,Independent,Dependent,Dependent,,Complete,Y,Complete,Independent,Independent,Independent,,Complete,Y,Complete,Independent,Independent,Dependent,,Complete,Yes,Atomic,Complete,Yes,Atomic,Yes,Yes,No,No,No,No,1,holistic_vs_seven;three_vs_seven;completeness_mismatch;selfsuff_mismatch,1,holistic_vs_seven;three_vs_seven;selfsuff_mismatch
419,1,1,Complete,Y,Incomplete,Dependent,Independent,Dependent,,Complete,Y,Incomplete,Independent,Independent,Dependent,Compound,Complete,Y,Incomplete,Independent,Independent,Dependent,Compound,Complete,Yes,Compound,Complete,Yes,Compound,Yes,Yes,No,No,No,No,1,holistic_vs_seven;holistic_vs_three;completeness_mismatch;selfsuff_mismatch,1,holistic_vs_seven;holistic_vs_three;completeness_mismatch;selfsuff_mismatch;LT4_gate
420,1,0,Complete,Y,Complete,Independent,Independent,Independent,Atomic,Complete,Y,Complete,Independent,Independent,Dependent,Atomic,Complete,Y,Complete,Independent,Independent,Independent,Atomic,Complete,Yes,Compound,Complete,Yes,Compound,Yes,Yes,Yes,Yes,Yes,Yes,1,holistic_vs_three;three_vs_seven,1,holistic_vs_three;three_vs_seven
421,0,0,Complete,Y,Complete,Independent,Independent,Independent,Atomic,Complete,Y,Complete,Independent,Independent,Independent,Atomic,Complete,Y,Complete,Independent,Independent,Independent,Atomic,Complete,Yes,Atomic,Complete,Yes,Atomic,Yes,Yes,Yes,Yes,Yes,Yes,0,,0,
422,0,0,Complete,Y,Complete,Independent,Independent,Independent,Atomic,Complete,Y,Complete,Independent,Independent,Independent,Atomic,Complete,Y,Complete,Independent,Independent,Independent,Atomic,Complete,Yes,Atomic,Complete,Yes,Atomic,Yes,Yes,Yes,Yes,Yes,Yes,0,,0,
423,1,0,Complete,Y,Complete,Dependent,Independent,Independent,Atomic,Complete,Y,Complete,Independent,Independent,Independent,Atomic,Complete,Y,Complete,Dependent,Independent,Independent,Atomic,Complete,No,,Complete,No,,No,No,No,No,No,No,1,LT4_gate,1,LT4_gate
424,0,0,Complete,Y,Complete,Independent,Independent,Independent,Atomic,Complete,Y,Complete,Independent,Independent,Independent,Atomic,Complete,Y,Complete,Independent,Independent,Independent,Atomic,Complete,Yes,Atomic,Complete,Yes,Atomic,Yes,Yes,Yes,Yes,Yes,Yes,0,,0,
425,0,0,Complete,Y,Complete,Independent,Independent,Independent,Atomic,Complete,Y,Complete,Independent,Independent,Independent,Atomic,Complete,Y,Complete,Independent,Independent,Independent,Atomic,Complete,Yes,Atomic,Complete,Yes,Atomic,Yes,Yes,Yes,Yes,Yes,Yes,0,,0,
426,1,1,Complete,Compound,Incomplete,Dependent,Dependent,Dependent,,Complete,Y,Complete,Dependent,Independent,Independent,,Complete,Y,Complete,Dependent,Independent,Independent,,Incomplete,No,,Complete,No,,No,No,No,No,No,No,0,,0,
427,1,1,Complete,Compound,Incomplete,Dependent,Dependent,Dependent,,Complete,Y,Complete,Dependent,Independent,Independent,,Complete,Y,Complete,Dependent,Independent,Independent,,Incomplete,No,,Complete,No,,No,No,No,No,No,No,0,,0,
428,1,0,Complete,Y,Complete,Independent,Independent,Independent,Atomic,Complete,Y,Complete,Independent,Independent,Independent,Compound,Complete,Y,Complete,Independent,Independent,Independent,Atomic,Complete,Yes,Compound,Complete,Yes,Atomic,Yes,Yes,Yes,Yes,Yes,Yes,1,holistic_vs_three;three_vs_seven,0,
429,1,0,Complete,Y,Complete,Dependent,Independent,Independent,Atomic,Complete,Y,Complete,Independent,Independent,Independent,Atomic,Complete,Y,Complete,Dependent,Independent,Independent,Atomic,Complete,Yes,Compound,Complete,Yes,Compound,Yes,Yes,No,No,No,No,1,holistic_vs_seven;holistic_vs_three;selfsuff_mismatch;LT4_gate,1,holistic_vs_seven;holistic_vs_three;selfsuff_mismatch;LT4_gate
430,0,0,Complete,Y,Complete,Independent,Independent,Independent,Atomic,Complete,Y,Complete,Independent,Independent,Independent,Atomic,Complete,Y,Complete,Independent,Independent,Independent,Atomic,Complete,Yes,Atomic,Complete,Yes,Atomic,Yes,Yes,Yes,Yes,Yes,Yes,0,,0,
431,0,0,Complete,Y,Complete,Independent,Independent,Independent,Atomic,Complete,Y,Complete,Independent,Independent,Independent,Atomic,Complete,Y,Complete,Independent,Independent,Independent,Atomic,Complete,Yes,Atomic,Complete,Yes,Atomic,Yes,Yes,Yes,Yes,Yes,Yes,0,,0,
432,0,0,Complete,Y,Complete,Independent,Independent,Independent,Atomic,Complete,Y,Complete,Independent,Independent,Independent,Atomic,Complete,Y,Complete,Independent,Independent,Independent,Atomic,Complete,Yes,Atomic,Complete,Yes,Atomic,Yes,Yes,Yes,Yes,Yes,Yes,0,,0,
433,0,0,Complete,Y,Complete,Independent,Independent,Independent,Atomic,Complete,Y,Complete,Independent,Independent,Independent,Atomic,Complete,Y,Complete,Independent,Independent,Independent,Atomic,Complete,Yes,Atomic,Complete,Yes,Atomic,Yes,Yes,Yes,Yes,Yes,Yes,0,,0,
434,0,0,Complete,Y,Complete,Independent,Independent,Independent,Atomic,Complete,Y,Complete,Independent,Independent,Independent,Atomic,Complete,Y,Complete,Independent,Independent,Independent,Atomic,Complete,Yes,Atomic,Complete,Yes,Atomic,Yes,Yes,Yes,Yes,Yes,Yes,0,,0,
435,0,0,Complete,Y,Complete,Independent,Independent,Independent,Atomic,Complete,Y,Complete,Independent,Independent,Independent,Atomic,Complete,Y,Complete,Independent,Independent,Independent,Atomic,Complete,Yes,Atomic,Complete,Yes,Atomic,Yes,Yes,Yes,Yes,Yes,Yes,0,,0,
436,1,0,Complete,Y,Incomplete,Dependent,Independent,Dependent,,Complete,Y,Complete,Independent,Independent,Independent,Atomic,Complete,Y,Complete,Independent,Independent,Dependent,,Complete,Yes,Atomic,Complete,Yes,Atomic,Yes,Yes,No,No,No,No,1,holistic_vs_seven;three_vs_seven;completeness_mismatch;selfsuff_mismatch,1,holistic_vs_seven;three_vs_seven;selfsuff_mismatch
437,1,0,Complete,Y,Incomplete,Dependent,Independent,Dependent,,Complete,Y,Complete,Independent,Independent,Independent,Atomic,Complete,Y,Complete,Independent,Independent,Independent,Atomic,Complete,Yes,Atomic,Complete,Yes,Atomic,Yes,Yes,No,Yes,No,Yes,1,holistic_vs_seven;three_vs_seven;completeness_mismatch;selfsuff_mismatch,0,
438,1,1,Complete,Compound,Complete,Dependent,Independent,Dependent,,Complete,Y,Complete,Dependent,Independent,Independent,,Complete,Y,Complete,Dependent,Independent,Independent,,Complete,Yes,Atomic,Complete,Yes,Atomic,No,No,No,No,No,No,1,holistic_vs_three;three_vs_seven;selfsuff_mismatch,1,holistic_vs_three;three_vs_seven;selfsuff_mismatch
439,0,1,Complete,Y,Complete,Independent,Independent,Independent,Atomic,Complete,Y,Complete,Independent,Independent,Independent,Atomic,Complete,Y,Complete,Independent,Independent,Independent,Atomic,Complete,Yes,Compound,Complete,Yes,Compound,No,No,Yes,Yes,Yes,Yes,1,holistic_vs_seven;three_vs_seven,1,holistic_vs_seven;three_vs_seven
440,0,0,Complete,Y,Complete,Independent,Independent,Independent,Compound,Complete,Y,Complete,Independent,Independent,Independent,Compound,Complete,Y,Complete,Independent,Independent,Independent,Compound,Complete,Yes,Compound,Complete,Yes,Compound,Yes,Yes,No,No,No,No,1,holistic_vs_seven;holistic_vs_three,1,holistic_vs_seven;holistic_vs_three
441,0,0,Complete,Y,Complete,Independent,Independent,Independent,Atomic,Complete,Y,Complete,Independent,Independent,Independent,Atomic,Complete,Y,Complete,Independent,Independent,Independent,Atomic,Complete,Yes,Atomic,Complete,Yes,Atomic,Yes,Yes,Yes,Yes,Yes,Yes,0,,0,
442,0,0,Complete,Y,Complete,Independent,Independent,Independent,Atomic,Complete,Y,Complete,Independent,Independent,Independent,Atomic,Complete,Y,Complete,Independent,Independent,Independent,Atomic,Complete,Yes,Atomic,Complete,Yes,Atomic,Yes,Yes,Yes,Yes,Yes,Yes,0,,0,
443,1,0,Complete,Y,Incomplete,Independent,Dependent,Dependent,,Complete,Y,Incomplete,Independent,Dependent,Independent,,Complete,Y,Incomplete,Independent,Dependent,Independent,,Incomplete,No,,Incomplete,No,,No,No,No,No,No,No,0,,0,
444,1,0,Complete,Y,Incomplete,Independent,Dependent,Dependent,,Complete,Y,Complete,Independent,Independent,Independent,Compound,Complete,Y,Complete,Independent,Independent,Independent,Compound,Complete,Yes,Compound,Complete,Yes,Compound,Yes,Yes,No,No,No,No,1,holistic_vs_seven;holistic_vs_three;completeness_mismatch;selfsuff_mismatch,1,holistic_vs_seven;holistic_vs_three
445,0,0,Complete,Y,Complete,Independent,Independent,Independent,Atomic,Complete,Y,Complete,Independent,Independent,Independent,Atomic,Complete,Y,Complete,Independent,Independent,Independent,Atomic,Complete,Yes,Atomic,Complete,Yes,Atomic,Yes,Yes,Yes,Yes,Yes,Yes,0,,0,
446,0,0,Complete,Y,Complete,Independent,Independent,Independent,Compound,Complete,Y,Complete,Independent,Independent,Independent,Compound,Complete,Y,Complete,Independent,Independent,Independent,Compound,Complete,Yes,Compound,Complete,Yes,Atomic,Yes,Yes,No,No,No,No,1,holistic_vs_seven;holistic_vs_three,1,holistic_vs_seven;three_vs_seven
447,0,0,Complete,Y,Complete,Independent,Independent,Independent,Atomic,Complete,Y,Complete,Independent,Independent,Independent,Atomic,Complete,Y,Complete,Independent,Independent,Independent,Atomic,Complete,Yes,Atomic,Complete,Yes,Atomic,Yes,Yes,Yes,Yes,Yes,Yes,0,,0,
448,0,0,Complete,Y,Incomplete,Independent,Dependent,Independent,,Complete,Y,Incomplete,Independent,Dependent,Independent,,Complete,Y,Incomplete,Independent,Dependent,Independent,,Incomplete,No,,Incomplete,No,,No,No,No,No,No,No,0,,0,
449,1,1,Complete,Y,Incomplete,Independent,Dependent,Independent,,Complete,Y,Complete,Independent,Independent,Independent,Atomic,Complete,Y,Incomplete,Independent,Dependent,Independent,,Incomplete,No,,Incomplete,No,,No,Yes,No,No,No,No,0,,1,holistic_vs_seven;holistic_vs_three
450,1,1,Complete,Y,Complete,Dependent,Independent,Independent,Atomic,Complete,Y,Incomplete,Dependent,Dependent,Independent,,Complete,Y,Incomplete,Dependent,Dependent,Independent,,Complete,No,,Complete,No,,Yes,Yes,No,No,No,No,1,holistic_vs_seven;holistic_vs_three;LT4_gate,1,holistic_vs_seven;holistic_vs_three;completeness_mismatch
451,0,0,Complete,Y,Complete,Independent,Independent,Independent,Atomic,Complete,Y,Complete,Independent,Independent,Independent,Atomic,Complete,Y,Complete,Independent,Independent,Independent,Atomic,Complete,Yes,Atomic,Complete,Yes,Atomic,Yes,Yes,Yes,Yes,Yes,Yes,0,,0,
452,1,1,Complete,Y,Complete,Dependent,Independent,Independent,Atomic,Complete,Y,Incomplete,Dependent,Dependent,Independent,,Complete,Y,Incomplete,Dependent,Dependent,Independent,,Complete,No,,Complete,No,,Yes,Yes,No,No,No,No,1,holistic_vs_seven;holistic_vs_three;LT4_gate,1,holistic_vs_seven;holistic_vs_three;completeness_mismatch
453,1,0,Complete,Y,Complete,Dependent,Independent,Dependent,,Complete,Y,Complete,Independent,Independent,Independent,Atomic,Complete,Y,Complete,Dependent,Independent,Independent,Atomic,Complete,No,,Complete,No,,Yes,Yes,No,No,No,No,1,holistic_vs_seven;holistic_vs_three,1,holistic_vs_seven;holistic_vs_three;LT4_gate
454,1,1,Complete,Y,Complete,Independent,Independent,Independent,Compound,Complete,Y,Complete,Independent,Dependent,Independent,Atomic,Complete,Y,Complete,Independent,Dependent,Independent,Atomic,Complete,No,,Complete,No,,Yes,No,No,No,No,No,1,holistic_vs_seven;holistic_vs_three;selfsuff_mismatch,1,LT4_gate
455,1,0,Complete,Y,Complete,Independent,Independent,Independent,Atomic,Complete,Y,Complete,Dependent,Independent,Independent,Atomic,Complete,Y,Complete,Independent,Independent,Independent,Atomic,Complete,Yes,Atomic,Complete,Yes,Atomic,Yes,Yes,Yes,Yes,Yes,Yes,0,,0,
456,1,0,Complete,Y,Complete,Dependent,Independent,Independent,Compound,Complete,Y,Complete,Dependent,Independent,Independent,Atomic,Complete,Y,Complete,Dependent,Independent,Independent,Atomic,Complete,No,,Complete,No,,No,No,No,No,No,No,1,LT4_gate,1,LT4_gate
457,1,0,Complete,Y,Incomplete,Dependent,Dependent,Independent,,Complete,Y,Complete,Independent,Dependent,Independent,Compound,Complete,Y,Incomplete,Dependent,Dependent,Independent,,Complete,No,,Complete,No,,Yes,Yes,No,No,No,No,1,holistic_vs_seven;holistic_vs_three;completeness_mismatch,1,holistic_vs_seven;holistic_vs_three;completeness_mismatch
458,0,0,Complete,Y,Complete,Independent,Independent,Independent,Atomic,Complete,Y,Complete,Independent,Independent,Independent,Atomic,Complete,Y,Complete,Independent,Independent,Independent,Atomic,Complete,Yes,Atomic,Complete,Yes,Atomic,Yes,Yes,Yes,Yes,Yes,Yes,0,,0,
459,0,0,Complete,Y,Complete,Independent,Independent,Independent,Atomic,Complete,Y,Complete,Independent,Independent,Independent,Atomic,Complete,Y,Complete,Independent,Independent,Independent,Atomic,Complete,Yes,Atomic,Complete,Yes,Atomic,Yes,Yes,Yes,Yes,Yes,Yes,0,,0,
460,0,0,Complete,Y,Complete,Independent,Independent,Independent,Atomic,Complete,Y,Complete,Independent,Independent,Independent,Atomic,Complete,Y,Complete,Independent,Independent,Independent,Atomic,Complete,Yes,Atomic,Complete,Yes,Atomic,Yes,Yes,Yes,Yes,Yes,Yes,0,,0,
461,1,0,Complete,Y,Complete,Independent,Independent,Independent,Atomic,Complete,Y,Complete,Independent,Independent,Independent,Compound,Complete,Y,Complete,Independent,Independent,Independent,Compound,Complete,Yes,Atomic,Complete,Yes,Atomic,Yes,Yes,Yes,No,Yes,No,0,,1,holistic_vs_seven;three_vs_seven
462,0,0,Complete,Y,Complete,Independent,Independent,Independent,Atomic,Complete,Y,Complete,Independent,Independent,Independent,Atomic,Complete,Y,Complete,Independent,Independent,Independent,Atomic,Complete,Yes,Atomic,Complete,Yes,Atomic,Yes,Yes,Yes,Yes,Yes,Yes,0,,0,
463,1,1,Complete,Y,Complete,Independent,Dependent,Independent,Atomic,Complete,Y,Complete,Independent,Dependent,Independent,,Complete,Y,Complete,Independent,Dependent,Independent,Atomic,Complete,No,,Complete,No,,No,Yes,No,No,No,No,1,LT4_gate,1,holistic_vs_seven;holistic_vs_three;LT4_gate
464,1,0,Incomplete,N,Complete,Independent,Independent,Independent,,Incomplete,N,Incomplete,Independent,Independent,Independent,,Incomplete,N,Complete,Independent,Independent,Independent,,Incomplete,No,,Incomplete,No,,No,No,No,No,No,No,1,selfsuff_mismatch,1,selfsuff_mismatch
465,0,0,Complete,Y,Incomplete,Independent,Dependent,Independent,,Complete,Y,Incomplete,Independent,Dependent,Independent,,Complete,Y,Incomplete,Independent,Dependent,Independent,,Incomplete,No,,Incomplete,No,,No,No,No,No,No,No,0,,0,
466,0,0,Complete,Y,Incomplete,Independent,Dependent,Independent,,Complete,Y,Incomplete,Independent,Dependent,Independent,,Complete,Y,Incomplete,Independent,Dependent,Independent,,Incomplete,No,,Incomplete,No,,No,No,No,No,No,No,0,,0,
467,0,0,Complete,Y,Incomplete,Independent,Dependent,Independent,,Complete,Y,Incomplete,Independent,Dependent,Independent,,Complete,Y,Incomplete,Independent,Dependent,Independent,,Incomplete,No,,Incomplete,No,,No,No,No,No,No,No,0,,0,
468,0,0,Complete,Y,Incomplete,Independent,Dependent,Independent,,Complete,Y,Incomplete,Independent,Dependent,Independent,,Complete,Y,Incomplete,Independent,Dependent,Independent,,Incomplete,No,,Incomplete,No,,No,No,No,No,No,No,0,,0,
469,0,0,Complete,Y,Incomplete,Independent,Dependent,Independent,,Complete,Y,Incomplete,Independent,Dependent,Independent,,Complete,Y,Incomplete,Independent,Dependent,Independent,,Incomplete,No,,Incomplete,No,,No,No,No,No,No,No,0,,0,
470,0,0,Complete,Y,Incomplete,Independent,Dependent,Independent,,Complete,Y,Incomplete,Independent,Dependent,Independent,,Complete,Y,Incomplete,Independent,Dependent,Independent,,Incomplete,No,,Incomplete,No,,No,No,No,No,No,No,0,,0,
471,0,0,Complete,Y,Incomplete,Independent,Dependent,Independent,,Complete,Y,Incomplete,Independent,Dependent,Independent,,Complete,Y,Incomplete,Independent,Dependent,Independent,,Incomplete,No,,Incomplete,No,,No,No,No,No,No,No,0,,0,
472,0,0,Complete,Y,Incomplete,Independent,Dependent,Independent,,Complete,Y,Incomplete,Independent,Dependent,Independent,,Complete,Y,Incomplete,Independent,Dependent,Independent,,Incomplete,No,,Incomplete,No,,No,No,No,No,No,No,0,,0,
473,1,0,Complete,Y,Incomplete,Dependent,Dependent,Independent,,Complete,Compound,Incomplete,Independent,Dependent,Independent,,Complete,Y,Incomplete,Dependent,Dependent,Independent,,Incomplete,No,,Incomplete,No,,No,No,No,No,No,No,0,,0,
474,0,0,Complete,Y,Incomplete,Independent,Dependent,Independent,,Complete,Y,Incomplete,Independent,Dependent,Independent,,Complete,Y,Incomplete,Independent,Dependent,Independent,,Incomplete,No,,Incomplete,No,,No,No,No,No,No,No,0,,0,
475,0,0,Complete,P,Complete,Independent,Independent,Independent,,Complete,P,Complete,Independent,Independent,Independent,,Complete,P,Complete,Independent,Independent,Independent,,Complete,Yes,Atomic,Complete,Yes,Atomic,Yes,Yes,No,No,No,No,1,holistic_vs_seven;three_vs_seven;completeness_mismatch,1,holistic_vs_seven;three_vs_seven;completeness_mismatch
476,0,0,Complete,Y,Incomplete,Independent,Dependent,Independent,,Complete,Y,Incomplete,Independent,Dependent,Independent,,Complete,Y,Incomplete,Independent,Dependent,Independent,,Incomplete,No,,Incomplete,No,,No,No,No,No,No,No,0,,0,
477,0,0,Complete,Y,Incomplete,Independent,Dependent,Independent,,Complete,Y,Incomplete,Independent,Dependent,Independent,,Complete,Y,Incomplete,Independent,Dependent,Independent,,Incomplete,No,,Incomplete,No,,No,No,No,No,No,No,0,,0,
478,0,0,Complete,Y,Incomplete,Independent,Dependent,Independent,,Complete,Y,Incomplete,Independent,Dependent,Independent,,Complete,Y,Incomplete,Independent,Dependent,Independent,,Incomplete,No,,Incomplete,No,,No,No,No,No,No,No,0,,0,
479,0,0,Complete,Y,Complete,Independent,Independent,Dependent,Atomic,Complete,Y,Complete,Independent,Independent,Dependent,Atomic,Complete,Y,Complete,Independent,Independent,Dependent,Atomic,Complete,Yes,Atomic,Complete,Yes,Atomic,Yes,Yes,No,No,No,No,1,holistic_vs_seven;three_vs_seven;selfsuff_mismatch;LT4_gate,1,holistic_vs_seven;three_vs_seven;selfsuff_mismatch;LT4_gate
480,1,0,Complete,Y,Incomplete,Independent,Dependent,Independent,,Complete,Y,Complete,Independent,Independent,Independent,Atomic,Complete,Y,Incomplete,Independent,Independent,Independent,Atomic,Complete,No,,Complete,No,,No,No,No,No,No,No,1,completeness_mismatch,1,completeness_mismatch;selfsuff_mismatch;LT4_gate
481,0,0,Complete,N,Complete,Independent,Independent,Independent,,Complete,N,Complete,Independent,Independent,Independent,,Complete,N,Complete,Independent,Independent,Independent,,Incomplete,No,,Incomplete,No,,No,No,No,No,No,No,1,selfsuff_mismatch,1,selfsuff_mismatch
482,1,0,Complete,Y,Incomplete,Independent,Dependent,Independent,,Complete,Y,Incomplete,Independent,Independent,Independent,,Complete,Y,Incomplete,Independent,Independent,Independent,,Incomplete,No,,Incomplete,No,,No,No,No,No,No,No,0,,1,selfsuff_mismatch
483,1,0,Complete,Y,Incomplete,Independent,Dependent,Independent,,Complete,Y,Incomplete,Independent,Independent,Independent,,Complete,Y,Incomplete,Independent,Independent,Independent,,Incomplete,No,,Incomplete,No,,No,No,No,No,No,No,0,,1,selfsuff_mismatch
484,1,0,Complete,Y,Complete,Independent,Independent,Independent,Atomic,Complete,P,Complete,Independent,Independent,Independent,,Complete,P,Complete,Independent,Independent,Independent,,Complete,Yes,Atomic,Complete,Yes,Atomic,Yes,Yes,Yes,No,Yes,No,0,,1,holistic_vs_seven;three_vs_seven;completeness_mismatch
485,0,0,Complete,N,Complete,Independent,Independent,Independent,,Complete,N,Complete,Independent,Independent,Independent,,Complete,N,Complete,Independent,Independent,Independent,,Incomplete,No,,Incomplete,No,,No,No,No,No,No,No,1,selfsuff_mismatch,1,selfsuff_mismatch
486,0,1,Complete,Y,Complete,Independent,Independent,Independent,Atomic,Complete,Y,Complete,Independent,Independent,Independent,Atomic,Complete,Y,Complete,Independent,Independent,Independent,Atomic,Complete,Yes,Atomic,Complete,Yes,Atomic,Yes,No,Yes,Yes,Yes,Yes,0,,1,holistic_vs_seven;holistic_vs_three
487,1,0,Complete,Compound,Incomplete,Independent,Dependent,Independent,,Complete,Y,Incomplete,Independent,Independent,Independent,,Complete,Y,Incomplete,Independent,Independent,Independent,,Incomplete,No,,Incomplete,No,,No,No,No,No,No,No,0,,1,selfsuff_mismatch
488,1,0,Complete,Y,Complete,Dependent,Dependent,Dependent,,Complete,Y,Incomplete,Dependent,Independent,Dependent,,Complete,Y,Complete,Dependent,Independent,Dependent,,Complete,No,,Complete,Yes,Atomic,No,No,No,No,No,No,0,,1,holistic_vs_three;three_vs_seven;selfsuff_mismatch
489,0,0,Complete,Y,Complete,Independent,Independent,Independent,Atomic,Complete,Y,Complete,Independent,Independent,Independent,Atomic,Complete,Y,Complete,Independent,Independent,Independent,Atomic,Complete,No,,Complete,No,,No,No,Yes,Yes,Yes,Yes,1,holistic_vs_seven;three_vs_seven;selfsuff_mismatch,1,holistic_vs_seven;three_vs_seven;selfsuff_mismatch
490,0,0,Complete,Y,Incomplete,Independent,Dependent,Independent,,Complete,Y,Incomplete,Independent,Dependent,Independent,,Complete,Y,Incomplete,Independent,Dependent,Independent,,Complete,No,,Complete,No,,No,No,No,No,No,No,1,completeness_mismatch,1,completeness_mismatch
491,1,0,Complete,Y,Incomplete,Independent,Dependent,Independent,,Complete,Y,Incomplete,Independent,Independent,Independent,,Complete,Y,Incomplete,Independent,Independent,Independent,,Incomplete,No,,Incomplete,No,,No,No,No,No,No,No,0,,1,selfsuff_mismatch
492,1,0,Complete,N,Complete,Independent,Independent,Independent,,Complete,N,Complete,Independent,Independent,Dependent,,Complete,N,Complete,Independent,Independent,Independent,,Incomplete,No,,Incomplete,No,,No,No,No,No,No,No,1,selfsuff_mismatch,1,selfsuff_mismatch
493,1,0,Complete,Compound,Incomplete,Independent,Dependent,Independent,,Complete,Y,Incomplete,Independent,Independent,Independent,,Complete,Y,Incomplete,Independent,Independent,Independent,,Incomplete,No,,Incomplete,No,,No,No,No,No,No,No,0,,1,selfsuff_mismatch
494,0,0,Complete,N,Complete,Independent,Independent,Independent,,Complete,N,Complete,Independent,Independent,Independent,,Complete,N,Complete,Independent,Independent,Independent,,Incomplete,No,,Incomplete,No,,No,No,No,No,No,No,1,selfsuff_mismatch,1,selfsuff_mismatch
495,0,0,Complete,N,Complete,Independent,Independent,Independent,,Complete,N,Complete,Independent,Independent,Independent,,Complete,N,Complete,Independent,Independent,Independent,,Complete,Yes,Atomic,Complete,Yes,Atomic,Yes,Yes,No,No,No,No,1,holistic_vs_seven;three_vs_seven;completeness_mismatch,1,holistic_vs_seven;three_vs_seven;completeness_mismatch
496,0,1,Complete,Y,Complete,Independent,Independent,Independent,Atomic,Complete,Y,Complete,Independent,Independent,Independent,Atomic,Complete,Y,Complete,Independent,Independent,Independent,Atomic,Complete,Yes,Atomic,Complete,Yes,Atomic,Yes,Yes,Yes,Yes,Yes,Yes,0,,0,
497,1,0,Complete,Y,Incomplete,Dependent,Dependent,Dependent,,Complete,Y,Incomplete,Independent,Dependent,Dependent,,Complete,Y,Incomplete,Independent,Dependent,Dependent,,Complete,No,,Incomplete,No,,No,No,No,No,No,No,1,completeness_mismatch,0,
498,0,1,Complete,Y,Complete,Independent,Independent,Independent,Atomic,Complete,Y,Complete,Independent,Independent,Independent,Atomic,Complete,Y,Complete,Independent,Independent,Independent,Atomic,Complete,Yes,Atomic,Complete,Yes,Atomic,Yes,Yes,Yes,Yes,Yes,Yes,0,,0,
499,0,0,Complete,N,Complete,Independent,Independent,Independent,,Complete,N,Complete,Independent,Independent,Independent,,Complete,N,Complete,Independent,Independent,Independent,,Complete,Yes,Atomic,Complete,Yes,Atomic,Yes,Yes,No,No,No,No,1,holistic_vs_seven;three_vs_seven;completeness_mismatch,1,holistic_vs_seven;three_vs_seven;completeness_mismatch
500,1,0,Complete,Y,Incomplete,Independent,Dependent,Independent,,Complete,Y,Incomplete,Independent,Independent,Independent,,Complete,Y,Incomplete,Independent,Independent,Independent,,Incomplete,No,,Incomplete,No,,No,No,No,No,No,No,0,,1,selfsuff_mismatch
501,0,0,Complete,Y,Incomplete,Dependent,Dependent,Dependent,,Complete,Y,Incomplete,Dependent,Dependent,Dependent,,Complete,Y,Incomplete,Dependent,Dependent,Dependent,,Incomplete,No,,Incomplete,No,,No,No,No,No,No,No,0,,0,
502,1,0,Incomplete,N,Incomplete,Independent,Independent,Independent,,Complete,N,Incomplete,Independent,Independent,Independent,,Complete,N,Incomplete,Independent,Independent,Independent,,Incomplete,No,,Incomplete,No,,No,No,No,No,No,No,1,selfsuff_mismatch,1,selfsuff_mismatch
503,0,0,Complete,N,Complete,Independent,Independent,Independent,,Complete,N,Complete,Independent,Independent,Independent,,Complete,N,Complete,Independent,Independent,Independent,,Complete,Yes,Compound,Complete,Yes,Compound,Yes,Yes,No,No,No,No,1,holistic_vs_seven;holistic_vs_three;completeness_mismatch,1,holistic_vs_seven;holistic_vs_three;completeness_mismatch
504,1,0,Incomplete,N,Incomplete,Independent,Independent,Independent,,Complete,N,Incomplete,Independent,Independent,Independent,,Complete,N,Incomplete,Independent,Independent,Independent,,Incomplete,No,,Incomplete,No,,No,No,No,No,No,No,1,selfsuff_mismatch,1,selfsuff_mismatch
505,0,0,Complete,Y,Incomplete,Dependent,Dependent,Dependent,,Complete,Y,Incomplete,Dependent,Dependent,Dependent,,Complete,Y,Incomplete,Dependent,Dependent,Dependent,,Incomplete,No,,Incomplete,No,,No,No,No,No,No,No,0,,0,
506,0,0,Complete,Compound,Incomplete,Dependent,Dependent,Dependent,,Complete,Compound,Incomplete,Dependent,Dependent,Dependent,,Complete,Compound,Incomplete,Dependent,Dependent,Dependent,,Incomplete,No,,Incomplete,No,,No,No,No,No,No,No,0,,0,
507,1,0,Complete,Compound,Complete,Dependent,Dependent,Dependent,Compound,Complete,Compound,Incomplete,Dependent,Dependent,Dependent,,Complete,Compound,Complete,Dependent,Dependent,Dependent,Compound,Incomplete,No,,Incomplete,No,,No,No,No,No,No,No,1,completeness_mismatch;LT4_gate,1,completeness_mismatch;LT4_gate
508,0,0,Complete,Y,Incomplete,Dependent,Dependent,Dependent,,Complete,Y,Incomplete,Dependent,Dependent,Dependent,,Complete,Y,Incomplete,Dependent,Dependent,Dependent,,Incomplete,No,,Complete,No,,No,No,No,No,No,No,0,,1,completeness_mismatch
509,1,0,Complete,Y,Incomplete,Independent,Dependent,Independent,,Complete,Y,Incomplete,Independent,Dependent,Independent,Atomic,Complete,Y,Incomplete,Independent,Dependent,Independent,,Incomplete,No,,Incomplete,No,,No,No,No,No,No,No,0,,0,
510,1,0,Complete,Y,Incomplete,Independent,Dependent,Independent,,Complete,Y,Incomplete,Independent,Dependent,Independent,Atomic,Complete,Y,Incomplete,Independent,Dependent,Independent,,Incomplete,No,,Incomplete,No,,No,No,No,No,No,No,0,,0,
511,1,0,Complete,Y,Incomplete,Independent,Dependent,Independent,,Complete,Y,Incomplete,Independent,Dependent,Independent,Atomic,Complete,Y,Incomplete,Independent,Dependent,Independent,,Incomplete,No,,Incomplete,No,,No,No,No,No,No,No,0,,0,
512,1,0,Complete,Y,Incomplete,Independent,Dependent,Independent,,Complete,Y,Incomplete,Independent,Dependent,Independent,Atomic,Complete,Y,Incomplete,Independent,Dependent,Independent,,Incomplete,No,,Incomplete,No,,No,No,No,No,No,No,0,,0,
513,1,0,Complete,Y,Incomplete,Independent,Dependent,Independent,,Complete,Y,Incomplete,Independent,Dependent,Independent,Atomic,Complete,Y,Incomplete,Independent,Dependent,Independent,,Incomplete,No,,Incomplete,No,,No,No,No,No,No,No,0,,0,
514,1,0,Complete,Y,Incomplete,Independent,Dependent,Independent,,Complete,Y,Incomplete,Independent,Dependent,Independent,Atomic,Complete,Y,Incomplete,Independent,Dependent,Independent,,Incomplete,No,,Incomplete,No,,No,No,No,No,No,No,0,,0,
515,1,0,Complete,Y,Incomplete,Independent,Dependent,Independent,,Complete,Y,Incomplete,Independent,Dependent,Independent,Atomic,Complete,Y,Incomplete,Independent,Dependent,Independent,,Incomplete,No,,Incomplete,No,,No,No,No,No,No,No,0,,0,
516,1,0,Complete,Y,Incomplete,Independent,Dependent,Independent,,Complete,Y,Incomplete,Independent,Dependent,Independent,Atomic,Complete,Y,Incomplete,Independent,Dependent,Independent,,Incomplete,No,,Incomplete,No,,No,No,No,No,No,No,0,,0,
517,1,0,Complete,Y,Incomplete,Independent,Dependent,Independent,,Complete,Y,Incomplete,Independent,Dependent,Independent,Atomic,Complete,Y,Incomplete,Independent,Dependent,Independent,,Incomplete,No,,Incomplete,No,,No,No,No,No,No,No,0,,0,
518,1,0,Complete,Y,Incomplete,Independent,Dependent,Independent,,Complete,Y,Incomplete,Independent,Dependent,Independent,Atomic,Complete,Y,Incomplete,Independent,Dependent,Independent,,Incomplete,No,,Incomplete,No,,No,No,No,No,No,No,0,,0,
519,1,0,Complete,Y,Incomplete,Independent,Dependent,Independent,,Complete,Y,Incomplete,Independent,Dependent,Independent,Compound,Complete,Y,Incomplete,Independent,Dependent,Independent,,Incomplete,No,,Incomplete,No,,No,No,No,No,No,No,0,,0,
520,1,0,Complete,Y,Incomplete,Dependent,Dependent,Independent,,Complete,Y,Incomplete,Dependent,Dependent,Independent,Atomic,Complete,Y,Incomplete,Dependent,Dependent,Independent,,Incomplete,No,,Incomplete,No,,No,No,No,No,No,No,0,,0,
521,0,0,Complete,Y,Incomplete,Independent,Dependent,Independent,,Complete,Y,Incomplete,Independent,Dependent,Independent,,Complete,Y,Incomplete,Independent,Dependent,Independent,,Incomplete,No,,Incomplete,No,,No,No,No,No,No,No,0,,0,
522,0,0,Complete,Y,Incomplete,Independent,Dependent,Independent,,Complete,Y,Incomplete,Independent,Dependent,Independent,,Complete,Y,Incomplete,Independent,Dependent,Independent,,Incomplete,No,,Incomplete,No,,No,No,No,No,No,No,0,,0,
523,0,0,Complete,P,Complete,Independent,Independent,Independent,Atomic,Complete,P,Complete,Independent,Independent,Independent,Atomic,Complete,P,Complete,Independent,Independent,Independent,Atomic,Complete,Yes,Atomic,Complete,Yes,Atomic,Yes,Yes,No,No,No,No,1,holistic_vs_seven;three_vs_seven;completeness_mismatch;LT4_gate,1,holistic_vs_seven;three_vs_seven;completeness_mismatch;LT4_gate
524,0,0,Complete,Y,Incomplete,Independent,Dependent,Independent,,Complete,Y,Incomplete,Independent,Dependent,Independent,,Complete,Y,Incomplete,Independent,Dependent,Independent,,Incomplete,No,,Incomplete,No,,No,No,No,No,No,No,0,,0,
525,0,0,Complete,Y,Incomplete,Independent,Dependent,Independent,,Complete,Y,Incomplete,Independent,Dependent,Independent,,Complete,Y,Incomplete,Independent,Dependent,Independent,,Incomplete,No,,Incomplete,No,,No,No,No,No,No,No,0,,0,
526,0,0,Complete,Y,Incomplete,Independent,Dependent,Independent,,Complete,Y,Incomplete,Independent,Dependent,Independent,,Complete,Y,Incomplete,Independent,Dependent,Independent,,Incomplete,No,,Incomplete,No,,No,No,No,No,No,No,0,,0,
527,0,0,Complete,P,Incomplete,Independent,Dependent,Independent,,Complete,P,Incomplete,Independent,Dependent,Independent,,Complete,P,Incomplete,Independent,Dependent,Independent,,Incomplete,No,,Incomplete,No,,No,No,No,No,No,No,0,,0,
528,0,0,Complete,Y,Incomplete,Independent,Dependent,Independent,,Complete,Y,Incomplete,Independent,Dependent,Independent,,Complete,Y,Incomplete,Independent,Dependent,Independent,,Incomplete,No,,Incomplete,No,,No,No,No,No,No,No,0,,0,
529,0,0,Complete,Y,Incomplete,Independent,Dependent,Independent,,Complete,Y,Incomplete,Independent,Dependent,Independent,,Complete,Y,Incomplete,Independent,Dependent,Independent,,Incomplete,No,,Incomplete,No,,No,No,No,No,No,No,0,,0,
530,1,0,Complete,Y,Incomplete,Dependent,Independent,Independent,,Complete,Y,Incomplete,Independent,Dependent,Independent,,Complete,Y,Incomplete,Independent,Dependent,Independent,,Complete,No,,Complete,No,,No,No,No,No,No,No,1,completeness_mismatch,1,completeness_mismatch
531,0,0,Complete,Y,Incomplete,Independent,Dependent,Independent,,Complete,Y,Incomplete,Independent,Dependent,Independent,,Complete,Y,Incomplete,Independent,Dependent,Independent,,Incomplete,No,,Incomplete,No,,No,No,No,No,No,No,0,,0,
532,0,0,Complete,Compound,Incomplete,Dependent,Dependent,Independent,,Complete,Compound,Incomplete,Dependent,Dependent,Independent,,Complete,Compound,Incomplete,Dependent,Dependent,Independent,,Complete,No,,Complete,No,,No,No,No,No,No,No,1,completeness_mismatch,1,completeness_mismatch
533,0,0,Complete,Y,Incomplete,Independent,Dependent,Independent,,Complete,Y,Incomplete,Independent,Dependent,Independent,,Complete,Y,Incomplete,Independent,Dependent,Independent,,Incomplete,No,,Incomplete,No,,No,No,No,No,No,No,0,,0,
534,0,0,Complete,Y,Incomplete,Independent,Dependent,Independent,,Complete,Y,Incomplete,Independent,Dependent,Independent,,Complete,Y,Incomplete,Independent,Dependent,Independent,,Incomplete,No,,Incomplete,No,,No,No,No,No,No,No,0,,0,
535,1,0,Complete,Y,Incomplete,Independent,Dependent,Independent,Compound,Complete,Y,Incomplete,Independent,Dependent,Independent,,Complete,Y,Incomplete,Independent,Dependent,Independent,Compound,Incomplete,No,,Incomplete,No,,No,No,No,No,No,No,1,LT4_gate,1,LT4_gate
536,1,0,Complete,Compound,Incomplete,Independent,Dependent,Independent,Compound,Complete,Compound,Incomplete,Independent,Dependent,Independent,,Complete,Compound,Incomplete,Independent,Dependent,Independent,Compound,Incomplete,No,,Incomplete,No,,No,No,No,No,No,No,1,LT4_gate,1,LT4_gate
537,1,0,Complete,Y,Incomplete,Dependent,Dependent,Independent,,Complete,Y,Complete,Dependent,Dependent,Dependent,,Complete,Y,Incomplete,Dependent,Dependent,Dependent,,Complete,No,,Incomplete,No,,No,No,No,No,No,No,1,completeness_mismatch,0,
538,1,0,Complete,N,Incomplete,Dependent,Dependent,Dependent,,Complete,Y,Complete,Dependent,Dependent,Dependent,Atomic,Complete,Y,Complete,Dependent,Dependent,Dependent,Atomic,Complete,No,,Complete,No,,No,No,No,No,No,No,1,completeness_mismatch,1,LT4_gate
539,1,0,Complete,Compound,Incomplete,Independent,Dependent,Independent,Compound,Complete,Compound,Incomplete,Independent,Dependent,Independent,,Complete,Compound,Incomplete,Independent,Dependent,Independent,Compound,Incomplete,No,,Incomplete,No,,No,No,No,No,No,No,1,LT4_gate,1,LT4_gate
540,1,0,Complete,Y,Incomplete,Independent,Dependent,Independent,,Complete,Y,Complete,Independent,Independent,Independent,Atomic,Complete,Y,Incomplete,Independent,Dependent,Independent,,Complete,No,,Complete,No,,No,No,No,No,No,No,1,completeness_mismatch,1,completeness_mismatch
541,0,1,Complete,Y,Incomplete,Independent,Dependent,Independent,,Complete,Y,Incomplete,Independent,Dependent,Independent,,Complete,Y,Incomplete,Independent,Dependent,Independent,,Complete,Yes,Atomic,Complete,Yes,Atomic,Yes,No,No,No,No,No,1,holistic_vs_seven;three_vs_seven;completeness_mismatch;selfsuff_mismatch,1,holistic_vs_three;three_vs_seven;completeness_mismatch;selfsuff_mismatch
542,0,0,Complete,Y,Incomplete,Independent,Dependent,Independent,,Complete,Y,Incomplete,Independent,Dependent,Independent,,Complete,Y,Incomplete,Independent,Dependent,Independent,,Complete,Yes,Atomic,Complete,Yes,Atomic,No,No,No,No,No,No,1,holistic_vs_three;three_vs_seven;completeness_mismatch;selfsuff_mismatch,1,holistic_vs_three;three_vs_seven;completeness_mismatch;selfsuff_mismatch
543,0,0,Complete,Compound,Incomplete,Independent,Dependent,Independent,,Complete,Compound,Incomplete,Independent,Dependent,Independent,,Complete,Compound,Incomplete,Independent,Dependent,Independent,,Complete,No,,Complete,Yes,Compound,No,No,No,No,No,No,1,completeness_mismatch,1,completeness_mismatch;selfsuff_mismatch
544,1,1,Complete,P,Incomplete,Independent,Independent,Independent,,Complete,Y,Complete,Independent,Independent,Independent,Atomic,Complete,P,Incomplete,Independent,Independent,Independent,,Complete,Yes,Atomic,Complete,Yes,Atomic,Yes,No,No,No,No,No,1,holistic_vs_seven;three_vs_seven;completeness_mismatch,1,holistic_vs_three;three_vs_seven;completeness_mismatch
545,1,1,Complete,P,Complete,Independent,Independent,Independent,,Complete,Y,Complete,Independent,Independent,Independent,Atomic,Complete,P,Complete,Independent,Independent,Independent,,Complete,Yes,Atomic,Complete,Yes,Atomic,Yes,No,No,No,No,No,1,holistic_vs_seven;three_vs_seven;completeness_mismatch,1,holistic_vs_three;three_vs_seven;completeness_mismatch
546,1,0,Complete,Y,Incomplete,Independent,Dependent,Independent,Atomic,Complete,Compound,Incomplete,Dependent,Dependent,Independent,,Complete,Compound,Incomplete,Independent,Dependent,Independent,,Incomplete,No,,Incomplete,No,,No,No,No,No,No,No,1,LT4_gate,0,
547,0,0,Complete,Y,Complete,Dependent,Dependent,Independent,Atomic,Complete,Y,Complete,Dependent,Dependent,Independent,Atomic,Complete,Y,Complete,Dependent,Dependent,Independent,Atomic,Complete,No,,Complete,No,,No,No,No,No,No,No,1,LT4_gate,1,LT4_gate
548,1,0,Complete,N,Incomplete,Independent,Independent,Independent,,Complete,Y,Incomplete,Independent,Dependent,Independent,,Complete,Y,Incomplete,Independent,Dependent,Independent,,Complete,Yes,Compound,Complete,Yes,Compound,No,No,No,No,No,No,1,completeness_mismatch,1,completeness_mismatch;selfsuff_mismatch
549,0,0,Complete,Y,Incomplete,Dependent,Dependent,Independent,,Complete,Y,Incomplete,Dependent,Dependent,Independent,,Complete,Y,Incomplete,Dependent,Dependent,Independent,,Incomplete,No,,Complete,No,,No,No,No,No,No,No,0,,1,completeness_mismatch
550,0,0,Complete,Y,Incomplete,Dependent,Dependent,Independent,,Complete,Y,Incomplete,Dependent,Dependent,Independent,,Complete,Y,Incomplete,Dependent,Dependent,Independent,,Incomplete,No,,Complete,No,,No,No,No,No,No,No,0,,1,completeness_mismatch
551,0,0,Complete,Compound,Incomplete,Independent,Dependent,Independent,,Complete,Compound,Incomplete,Independent,Dependent,Independent,,Complete,Compound,Incomplete,Independent,Dependent,Independent,,Complete,No,,Complete,Yes,Compound,No,No,No,No,No,No,1,completeness_mismatch,1,completeness_mismatch;selfsuff_mismatch
552,1,0,Complete,Y,Incomplete,Dependent,Dependent,Independent,Atomic,Complete,Compound,Incomplete,Dependent,Dependent,Independent,,Complete,Y,Incomplete,Dependent,Dependent,Independent,,Incomplete,No,,Incomplete,No,,No,No,No,No,No,No,1,LT4_gate,0,
553,0,0,Incomplete,N,Complete,Independent,Independent,Independent,,Incomplete,N,Complete,Independent,Independent,Independent,,Incomplete,N,Complete,Independent,Independent,Independent,,Incomplete,No,,Incomplete,No,,No,No,No,No,No,No,1,selfsuff_mismatch,1,selfsuff_mismatch
554,0,0,Incomplete,N,Complete,Independent,Independent,Independent,,Incomplete,N,Complete,Independent,Independent,Independent,,Incomplete,N,Complete,Independent,Independent,Independent,,Incomplete,No,,Incomplete,No,,No,No,No,No,No,No,1,selfsuff_mismatch,1,selfsuff_mismatch
555,0,0,Incomplete,N,Complete,Independent,Independent,Independent,,Incomplete,N,Complete,Independent,Independent,Independent,,Incomplete,N,Complete,Independent,Independent,Independent,,Incomplete,No,,Incomplete,No,,No,No,No,No,No,No,1,selfsuff_mismatch,1,selfsuff_mismatch
556,0,0,Incomplete,N,Complete,Independent,Independent,Independent,,Incomplete,N,Complete,Independent,Independent,Independent,,Incomplete,N,Complete,Independent,Independent,Independent,,Incomplete,No,,Incomplete,No,,No,No,No,No,No,No,1,selfsuff_mismatch,1,selfsuff_mismatch
557,1,0,Complete,Y,Complete,Independent,Independent,Dependent,Compound,Complete,Y,Complete,Independent,Independent,Dependent,Atomic,Complete,Y,Complete,Independent,Independent,Dependent,Atomic,Complete,No,,Incomplete,No,,No,No,No,No,No,No,1,LT4_gate,1,completeness_mismatch;LT4_gate
558,1,1,Complete,P,Complete,Independent,Independent,Independent,,Complete,P,Complete,Independent,Independent,Independent,Atomic,Complete,P,Complete,Independent,Independent,Independent,,Complete,Yes,Compound,Complete,Yes,Atomic,Yes,No,No,No,No,No,1,holistic_vs_seven;holistic_vs_three;completeness_mismatch,1,holistic_vs_three;three_vs_seven;completeness_mismatch
559,0,0,Incomplete,N,Complete,Independent,Independent,Independent,,Incomplete,N,Complete,Independent,Independent,Independent,,Incomplete,N,Complete,Independent,Independent,Independent,,Incomplete,No,,Incomplete,No,,No,No,No,No,No,No,1,selfsuff_mismatch,1,selfsuff_mismatch
560,0,0,Complete,Y,Complete,Independent,Independent,Independent,Atomic,Complete,Y,Complete,Independent,Independent,Independent,Atomic,Complete,Y,Complete,Independent,Independent,Independent,Atomic,Complete,No,Atomic,Complete,No,Atomic,No,No,Yes,Yes,Yes,Yes,1,holistic_vs_seven;three_vs_seven;selfsuff_mismatch,1,holistic_vs_seven;three_vs_seven;selfsuff_mismatch
561,0,0,Incomplete,N,Complete,Independent,Independent,Independent,,Incomplete,N,Complete,Independent,Independent,Independent,,Incomplete,N,Complete,Independent,Independent,Independent,,Incomplete,No,,Incomplete,No,,No,No,No,No,No,No,1,selfsuff_mismatch,1,selfsuff_mismatch
562,1,0,Complete,P,Incomplete,Independent,Independent,Independent,,Complete,Y,Incomplete,Independent,Dependent,Dependent,,Complete,Y,Incomplete,Independent,Independent,Independent,,Complete,No,,Complete,No,,Yes,Yes,No,No,No,No,1,holistic_vs_seven;holistic_vs_three;completeness_mismatch;selfsuff_mismatch,1,holistic_vs_seven;holistic_vs_three;completeness_mismatch;selfsuff_mismatch
563,0,0,Incomplete,N,Complete,Independent,Independent,Independent,,Incomplete,N,Complete,Independent,Independent,Independent,,Incomplete,N,Complete,Independent,Independent,Independent,,Incomplete,No,,Incomplete,No,,No,No,No,No,No,No,1,selfsuff_mismatch,1,selfsuff_mismatch
564,0,0,Complete,N,Complete,Independent,Independent,Independent,,Complete,N,Complete,Independent,Independent,Independent,,Complete,N,Complete,Independent,Independent,Independent,,Incomplete,No,,Incomplete,No,,No,No,No,No,No,No,1,selfsuff_mismatch,1,selfsuff_mismatch
565,0,0,Incomplete,N,Complete,Independent,Independent,Independent,,Incomplete,N,Complete,Independent,Independent,Independent,,Incomplete,N,Complete,Independent,Independent,Independent,,Incomplete,No,,Incomplete,No,,No,No,No,No,No,No,1,selfsuff_mismatch,1,selfsuff_mismatch
566,1,0,Complete,N,Complete,Independent,Independent,Independent,,Complete,Y,Complete,Independent,Independent,Independent,Atomic,Complete,N,Complete,Independent,Independent,Independent,Atomic,Complete,Yes,Atomic,Complete,Yes,Atomic,Yes,Yes,No,No,No,No,1,holistic_vs_seven;three_vs_seven;completeness_mismatch,1,holistic_vs_seven;three_vs_seven;completeness_mismatch;LT4_gate
567,1,0,Complete,P,Complete,Independent,Independent,Independent,,Complete,P,Incomplete,Independent,Dependent,Independent,,Complete,P,Incomplete,Independent,Independent,Independent,,Complete,No,,Complete,,,No,No,No,No,No,No,1,completeness_mismatch;selfsuff_mismatch,1,completeness_mismatch;selfsuff_mismatch
568,1,0,Complete,Y,Incomplete,Independent,Dependent,Independent,,Complete,Y,Incomplete,Independent,Independent,Independent,,Complete,Y,Incomplete,Independent,Independent,Independent,,Complete,Yes,Atomic,Complete,Yes,Atomic,No,No,No,No,No,No,1,holistic_vs_three;three_vs_seven;completeness_mismatch;selfsuff_mismatch,1,holistic_vs_three;three_vs_seven;completeness_mismatch
569,1,0,Incomplete,N,Complete,Independent,Independent,Independent,,Complete,N,Complete,Independent,Independent,Independent,,Complete,N,Complete,Independent,Independent,Independent,,Incomplete,No,,Incomplete,No,,No,No,No,No,No,No,1,selfsuff_mismatch,1,selfsuff_mismatch
570,0,0,Complete,Y,Incomplete,Dependent,Dependent,Dependent,,Complete,Y,Incomplete,Dependent,Dependent,Dependent,,Complete,Y,Incomplete,Dependent,Dependent,Dependent,,Complete,No,,Complete,No,,No,No,No,No,No,No,1,completeness_mismatch,1,completeness_mismatch
571,0,0,Complete,Y,Incomplete,Independent,Dependent,Independent,,Complete,Y,Incomplete,Independent,Dependent,Independent,,Complete,Y,Incomplete,Independent,Dependent,Independent,,Complete,Yes,Atomic,Complete,Yes,Atomic,No,No,No,No,No,No,1,holistic_vs_three;three_vs_seven;completeness_mismatch;selfsuff_mismatch,1,holistic_vs_three;three_vs_seven;completeness_mismatch;selfsuff_mismatch
572,0,0,Complete,Y,Incomplete,Dependent,Dependent,Dependent,,Complete,Y,Incomplete,Dependent,Dependent,Dependent,,Complete,Y,Incomplete,Dependent,Dependent,Dependent,,Complete,No,,Complete,No,,No,No,No,No,No,No,1,completeness_mismatch,1,completeness_mismatch
573,0,0,Complete,Y,Incomplete,Dependent,Dependent,Dependent,,Complete,Y,Incomplete,Dependent,Dependent,Dependent,,Complete,Y,Incomplete,Dependent,Dependent,Dependent,,Complete,No,,Complete,No,,No,No,No,No,No,No,1,completeness_mismatch,1,completeness_mismatch
574,1,0,Complete,Y,Incomplete,Independent,Dependent,Independent,,Complete,Y,Incomplete,Independent,Independent,Independent,,Complete,Y,Incomplete,Independent,Independent,Independent,,Complete,Yes,Atomic,Complete,Yes,Atomic,No,No,No,No,No,No,1,holistic_vs_three;three_vs_seven;completeness_mismatch;selfsuff_mismatch,1,holistic_vs_three;three_vs_seven;completeness_mismatch
575,0,0,Complete,Y,Incomplete,Dependent,Dependent,Dependent,,Complete,Y,Incomplete,Dependent,Dependent,Dependent,,Complete,Y,Incomplete,Dependent,Dependent,Dependent,,Complete,No,,Complete,No,,No,No,No,No,No,No,1,completeness_mismatch,1,completeness_mismatch
576,1,0,Incomplete,N,Complete,Independent,Independent,Independent,,Complete,N,Complete,Independent,Independent,Independent,,Complete,N,Complete,Independent,Independent,Independent,,Incomplete,No,,Incomplete,No,,Yes,Yes,No,No,No,No,1,holistic_vs_seven;holistic_vs_three;selfsuff_mismatch,1,holistic_vs_seven;holistic_vs_three;selfsuff_mismatch
577,0,0,Complete,Y,Incomplete,Independent,Dependent,Independent,,Complete,Y,Incomplete,Independent,Dependent,Independent,,Complete,Y,Incomplete,Independent,Dependent,Independent,,Incomplete,No,,Incomplete,No,,No,No,No,No,No,No,0,,0,
578,1,0,Complete,N,Incomplete,Dependent,Dependent,Independent,,Complete,Y,Complete,Dependent,Independent,Independent,Atomic,Complete,Y,Incomplete,Dependent,Independent,Independent,,Complete,No,,Incomplete,No,,No,No,No,No,No,No,1,completeness_mismatch,0,
579,0,0,Complete,Y,Incomplete,Dependent,Dependent,Dependent,,Complete,Y,Incomplete,Dependent,Dependent,Dependent,,Complete,Y,Incomplete,Dependent,Dependent,Dependent,,Complete,No,,Complete,No,,No,No,No,No,No,No,1,completeness_mismatch,1,completeness_mismatch
580,1,0,Incomplete,N,Complete,Independent,Independent,Independent,,Complete,N,Incomplete,Independent,Dependent,Independent,,Complete,N,Incomplete,Independent,Independent,Independent,,Incomplete,No,,Incomplete,No,,No,No,No,No,No,No,1,selfsuff_mismatch,1,selfsuff_mismatch
581,0,0,Complete,Y,Complete,Independent,Independent,Independent,Atomic,Complete,Y,Complete,Independent,Independent,Independent,Atomic,Complete,Y,Complete,Independent,Independent,Independent,Atomic,Complete,Yes,Atomic,Complete,Yes,Atomic,No,No,Yes,Yes,Yes,Yes,1,holistic_vs_seven;holistic_vs_three,1,holistic_vs_seven;holistic_vs_three
582,0,0,Complete,N,Complete,Independent,Independent,Independent,,Complete,N,Complete,Independent,Independent,Independent,,Complete,N,Complete,Independent,Independent,Independent,,Incomplete,No,,Incomplete,No,,No,No,No,No,No,No,1,selfsuff_mismatch,1,selfsuff_mismatch
583,0,0,Complete,N,Complete,Independent,Independent,Independent,,Complete,N,Complete,Independent,Independent,Independent,,Complete,N,Complete,Independent,Independent,Independent,,Incomplete,No,,Incomplete,No,,No,No,No,No,No,No,1,selfsuff_mismatch,1,selfsuff_mismatch
584,0,1,Complete,Y,Incomplete,Dependent,Dependent,Dependent,,Complete,Y,Incomplete,Dependent,Dependent,Dependent,,Complete,Y,Incomplete,Dependent,Dependent,Dependent,,Complete,No,,Complete,No,,No,No,No,No,No,No,1,completeness_mismatch,1,completeness_mismatch
585,1,0,Complete,Y,Incomplete,Independent,Dependent,Dependent,,Complete,Y,Incomplete,Dependent,Dependent,Dependent,,Complete,Y,Incomplete,Independent,Dependent,Dependent,,Incomplete,No,,Incomplete,No,,No,No,No,No,No,No,0,,0,
586,1,1,Complete,Y,Incomplete,Independent,Dependent,Independent,,Complete,Y,Incomplete,Independent,Incomplete,Independent,,Complete,Y,Incomplete,Independent,Independent,Independent,,Complete,No,,Complete,Yes,Compound,No,Yes,No,No,No,No,1,completeness_mismatch,1,holistic_vs_seven;holistic_vs_three;completeness_mismatch
587,0,0,Complete,Y,Incomplete,Dependent,Dependent,Dependent,,Complete,Y,Incomplete,Dependent,Dependent,Dependent,,Complete,Y,Incomplete,Dependent,Dependent,Dependent,,Incomplete,No,,Complete,No,,No,No,No,No,No,No,0,,1,completeness_mismatch
588,1,0,Complete,Y,Complete,Independent,Independent,Dependent,Atomic,Complete,Y,Complete,Dependent,Independent,Dependent,Atomic,Complete,Y,Complete,Independent,Independent,Dependent,Atomic,Complete,Yes,Compound,Complete,Yes,Atomic,Yes,Yes,No,No,No,No,1,holistic_vs_seven;holistic_vs_three;selfsuff_mismatch;LT4_gate,1,holistic_vs_seven;three_vs_seven;selfsuff_mismatch;LT4_gate
589,0,0,Complete,N,Complete,Independent,Independent,Independent,,Complete,N,Complete,Independent,Independent,Independent,,Complete,N,Complete,Independent,Independent,Independent,,Incomplete,No,,Incomplete,No,,No,No,No,No,No,No,1,selfsuff_mismatch,1,selfsuff_mismatch
590,1,0,Complete,Y,Incomplete,Independent,Dependent,Independent,,Complete,Y,Incomplete,Dependent,Independent,Independent,,Complete,Y,Incomplete,Dependent,Independent,Independent,,Incomplete,No,,Incomplete,No,,No,No,No,No,No,No,0,,0,
591,1,0,Complete,Y,Incomplete,Dependent,Dependent,Dependent,,Complete,P,Incomplete,Dependent,Dependent,Dependent,,Complete,P,Incomplete,Dependent,Dependent,Dependent,,Incomplete,No,,Incomplete,No,,No,No,No,No,No,No,0,,0,
592,1,0,Complete,Y,Complete,Dependent,Dependent,Dependent,Atomic,Complete,Y,Incomplete,Dependent,Dependent,Dependent,,Complete,Y,Complete,Dependent,Dependent,Dependent,Atomic,Complete,Yes,Atomic,Complete,No,,No,No,No,No,No,No,1,holistic_vs_three;three_vs_seven;selfsuff_mismatch;LT4_gate,1,LT4_gate
593,1,0,Complete,Y,Complete,Dependent,Dependent,Dependent,Atomic,Complete,Y,Complete,Dependent,Independent,Dependent,Atomic,Complete,Y,Complete,Dependent,Independent,Dependent,Atomic,Complete,No,,Complete,No,,No,No,No,No,No,No,1,LT4_gate,1,LT4_gate
594,1,0,Complete,Y,Incomplete,Independent,Dependent,Independent,,Complete,Y,Incomplete,Independent,Incomplete,Independent,,Complete,Y,Incomplete,Independent,Dependent,Independent,,Incomplete,No,,Incomplete,No,,No,No,No,No,No,No,0,,0,
595,1,0,Complete,Y,Incomplete,Independent,Dependent,Independent,,Complete,Y,Incomplete,Independent,Incomplete,Dependent,,Complete,Y,Incomplete,Independent,Dependent,Independent,,Incomplete,No,,Complete,No,,No,No,No,No,No,No,0,,1,completeness_mismatch
596,1,0,Complete,Y,Complete,Independent,Independent,Dependent,Compound,Complete,Compound,Complete,Independent,Independent,Independent,Compound,Complete,Y,Complete,Independent,Independent,Independent,Compound,Complete,Yes,Compound,Complete,Yes,Compound,Yes,Yes,No,No,No,No,1,holistic_vs_seven;holistic_vs_three;selfsuff_mismatch;LT4_gate,1,holistic_vs_seven;holistic_vs_three
597,1,0,Complete,Y,Incomplete,Independent,Dependent,Independent,,Complete,Compound,Incomplete,Dependent,Incomplete,Dependent,,Complete,Y,Incomplete,Independent,Dependent,Independent,,Incomplete,No,,Incomplete,No,,No,No,No,No,No,No,0,,0,
598,0,0,Complete,N,Complete,Independent,Independent,Independent,,Complete,N,Complete,Independent,Independent,Independent,,Complete,N,Complete,Independent,Independent,Independent,,Complete,Yes,Atomic,Complete,Yes,Atomic,No,No,No,No,No,No,1,holistic_vs_three;three_vs_seven;completeness_mismatch,1,holistic_vs_three;three_vs_seven;completeness_mismatch
599,1,0,Complete,Y,Complete,Independent,Independent,Dependent,Compound,Complete,Y,Complete,Dependent,Independent,Independent,Atomic,Complete,Y,Complete,Independent,Independent,Independent,Atomic,Complete,Yes,Compound,Complete,Yes,Atomic,No,No,No,Yes,No,Yes,1,selfsuff_mismatch;LT4_gate,1,holistic_vs_seven;holistic_vs_three
600,1,0,Complete,N,Incomplete,Dependent,Dependent,Dependent,,Complete,N,Incomplete,Dependent,Incomplete,Dependent,,Complete,N,Incomplete,Dependent,Independent,Dependent,,Incomplete,No,,Incomplete,No,,No,No,No,No,No,No,0,,0,
601,0,0,Complete,N,Complete,Independent,Independent,Independent,,Complete,N,Complete,Independent,Independent,Independent,,Complete,N,Complete,Independent,Independent,Independent,,Complete,Yes,Atomic,Complete,Yes,Atomic,No,No,No,No,No,No,1,holistic_vs_three;three_vs_seven;completeness_mismatch,1,holistic_vs_three;three_vs_seven;completeness_mismatch
602,1,0,Complete,N,Incomplete,Independent,Independent,Independent,,Complete,N,Complete,Independent,Independent,Independent,,Complete,N,Incomplete,Independent,Independent,Independent,,Incomplete,,,Incomplete,No,,No,No,No,No,No,No,1,selfsuff_mismatch,1,selfsuff_mismatch
603,1,0,Incomplete,N,,Independent,Independent,Independent,,Incomplete,N,Complete,Independent,Independent,Independent,,Incomplete,N,Complete,Independent,Independent,Independent,,Incomplete,,,Incomplete,No,,No,No,No,No,No,No,1,selfsuff_mismatch,1,selfsuff_mismatch
604,1,0,Incomplete,N,,Independent,Independent,Independent,,Incomplete,N,Complete,Independent,Independent,Independent,,Incomplete,N,Complete,Independent,Independent,Independent,,Incomplete,,,Incomplete,No,,No,No,No,No,No,No,1,selfsuff_mismatch,1,selfsuff_mismatch
605,1,0,Complete,P,Complete,Independent,Independent,Independent,,Complete,Y,Complete,Independent,Independent,Independent,Atomic,Complete,Y,Complete,Independent,Independent,Independent,Atomic,Complete,Yes,Atomic,Complete,Yes,Atomic,Yes,Yes,No,Yes,No,Yes,1,holistic_vs_seven;three_vs_seven;completeness_mismatch,0,
606,1,0,Complete,Y,Incomplete,Dependent,Dependent,Independent,,Incomplete,Y,Incomplete,Dependent,Independent,Independent,,Incomplete,Y,Incomplete,Dependent,Dependent,Independent,,Incomplete,,,Incomplete,No,,No,No,No,No,No,No,0,,0,
607,0,0,Complete,Y,Complete,Independent,Independent,Independent,Atomic,Complete,Y,Complete,Independent,Independent,Independent,Atomic,Complete,Y,Complete,Independent,Independent,Independent,Atomic,Complete,Yes,Atomic,Complete,Yes,Atomic,Yes,Yes,Yes,Yes,Yes,Yes,0,,0,
608,0,0,Complete,Y,Incomplete,Independent,Dependent,Independent,,Complete,Y,Incomplete,Independent,Dependent,Independent,,Complete,Y,Incomplete,Independent,Dependent,Independent,,Incomplete,,,Incomplete,,,No,No,No,No,No,No,0,,0,
609,1,0,Incomplete,N,,Independent,Independent,Independent,,Incomplete,N,Complete,Independent,Independent,Independent,,Incomplete,N,Complete,Independent,Independent,Independent,,Incomplete,,,Incomplete,No,,No,No,No,No,No,No,1,selfsuff_mismatch,1,selfsuff_mismatch
610,0,0,Complete,Y,Incomplete,Independent,Dependent,Independent,,Complete,Y,Incomplete,Independent,Dependent,Independent,,Complete,Y,Incomplete,Independent,Dependent,Independent,,Incomplete,,,Incomplete,,,No,No,No,No,No,No,0,,0,
611,1,0,Complete,Y,Incomplete,Independent,Dependent,Independent,,Complete,Compound,Complete,Independent,Independent,Independent,Compound,Complete,Compound,Incomplete,Independent,Dependent,Independent,,Incomplete,,,Incomplete,No,,No,No,No,No,No,No,0,,0,
612,1,0,Complete,Y,Incomplete,Dependent,Dependent,Dependent,,Incomplete,Y,Incomplete,Dependent,Dependent,Independent,,Incomplete,Y,Incomplete,Dependent,Dependent,Dependent,,Incomplete,No,,Incomplete,No,,No,No,No,No,No,No,0,,0,
613,1,0,Complete,Y,Incomplete,Independent,Dependent,Independent,,Complete,Compound,Complete,Independent,Independent,Independent,Compound,Complete,Compound,Incomplete,Independent,Dependent,Independent,,Incomplete,,,Incomplete,No,,No,No,No,No,No,No,0,,0,
614,1,0,Complete,Y,Incomplete,Independent,Dependent,Independent,,Complete,Y,Complete,Independent,Independent,Independent,Atomic,Complete,Y,Complete,Independent,Dependent,Independent,Atomic,Incomplete,,,Complete,,,No,No,No,No,No,No,0,,1,LT4_gate
615,1,0,Complete,Y,Incomplete,Independent,Dependent,Independent,,Complete,Y,Complete,Independent,Independent,Independent,Atomic,Complete,Y,Complete,Independent,Dependent,Independent,Atomic,Incomplete,,,Complete,,,No,No,No,No,No,No,0,,1,LT4_gate
616,1,0,Complete,Y,Complete,Dependent,Dependent,Independent,Atomic,Complete,Y,Complete,Dependent,Dependent,Independent,,Complete,Y,Complete,Dependent,Dependent,Independent,Compound,Complete,No,,Complete,No,,No,No,No,No,No,No,1,LT4_gate,1,LT4_gate
617,1,0,Complete,Y,Incomplete,Dependent,Dependent,Dependent,,Incomplete,Y,Incomplete,Dependent,Dependent,Independent,,Incomplete,Y,Incomplete,Dependent,Dependent,Dependent,,Incomplete,No,,Incomplete,No,,No,No,No,No,No,No,0,,0,
618,1,0,Complete,Y,Incomplete,Dependent,Dependent,Dependent,,Complete,Y,Complete,Dependent,Dependent,Dependent,,Complete,Y,Complete,Dependent,Dependent,Dependent,,Complete,No,,Complete,No,,No,No,No,No,No,No,1,completeness_mismatch,0,
619,1,0,Complete,Y,Incomplete,Dependent,Independent,Independent,,Complete,Y,Complete,Independent,Independent,Dependent,Atomic,Complete,Y,Complete,Independent,Independent,Independent,Atomic,Complete,No,,Complete,No,,Yes,Yes,No,Yes,No,Yes,1,holistic_vs_seven;holistic_vs_three;completeness_mismatch,1,holistic_vs_three;three_vs_seven;selfsuff_mismatch
620,1,0,Complete,Y,Incomplete,Dependent,Dependent,Dependent,,Incomplete,Y,Incomplete,Dependent,Dependent,Independent,,Incomplete,Y,Incomplete,Dependent,Dependent,Dependent,,Incomplete,No,,Incomplete,No,,No,No,No,No,No,No,0,,0,
621,1,0,Complete,P,Incomplete,Dependent,Dependent,Independent,,Complete,P,Incomplete,Dependent,Independent,Independent,,Complete,P,Incomplete,Dependent,Independent,Independent,,Complete,No,,Complete,No,,No,No,No,No,No,No,1,completeness_mismatch,1,completeness_mismatch
622,0,0,Complete,Y,Incomplete,Dependent,Dependent,Dependent,,Complete,Y,Incomplete,Dependent,Dependent,Dependent,,Complete,Y,Incomplete,Dependent,Dependent,Dependent,,Incomplete,No,,Incomplete,No,,No,No,No,No,No,No,0,,0,
623,0,0,Complete,Y,Complete,Independent,Independent,Independent,Atomic,Complete,Y,Complete,Independent,Independent,Independent,Atomic,Complete,Y,Complete,Independent,Independent,Independent,Atomic,Complete,Yes,Atomic,Complete,Yes,Atomic,No,No,Yes,Yes,Yes,Yes,1,holistic_vs_seven;holistic_vs_three,1,holistic_vs_seven;holistic_vs_three
624,1,0,Complete,Y,Incomplete,Independent,Dependent,Independent,,Incomplete,Y,Incomplete,Independent,Dependent,Independent,,Complete,Y,Incomplete,Independent,Dependent,Independent,,Incomplete,No,,Incomplete,No,,No,No,No,No,No,No,0,,0,
625,0,0,Complete,Y,Incomplete,Dependent,Dependent,Independent,,Complete,Y,Incomplete,Dependent,Dependent,Independent,,Complete,Y,Incomplete,Dependent,Dependent,Independent,,Incomplete,No,,Incomplete,No,,No,No,No,No,No,No,0,,0,
626,0,0,Complete,Y,Incomplete,Dependent,Dependent,Dependent,,Complete,Y,Incomplete,Dependent,Dependent,Dependent,,Complete,Y,Incomplete,Dependent,Dependent,Dependent,,Complete,No,,Complete,No,,No,No,No,No,No,No,1,completeness_mismatch,1,completeness_mismatch
627,1,0,Complete,Y,Complete,Dependent,Incomplete,Dependent,,Complete,Y,Incomplete,Dependent,Dependent,Dependent,,Complete,Y,Incomplete,Dependent,Dependent,Dependent,,Complete,No,,Complete,No,,No,No,No,No,No,No,0,,1,completeness_mismatch
628,0,1,Complete,N,Incomplete,Independent,Independent,Independent,,Complete,N,Incomplete,Independent,Independent,Independent,,Complete,N,Incomplete,Independent,Independent,Independent,,Incomplete,No,,Incomplete,No,,No,No,No,No,No,No,1,selfsuff_mismatch,1,selfsuff_mismatch
629,1,0,Complete,Y,Incomplete,Independent,Dependent,Independent,,Incomplete,Y,Incomplete,Independent,Independent,Independent,,Incomplete,Y,Incomplete,Independent,Independent,Independent,,Incomplete,No,,Incomplete,No,,No,No,No,No,No,No,0,,1,selfsuff_mismatch
630,1,0,Complete,Y,Incomplete,Independent,Dependent,Independent,,Complete,N,Incomplete,Independent,Dependent,Independent,,Complete,Y,Incomplete,Independent,Dependent,Independent,,Incomplete,No,,Incomplete,No,,No,No,No,No,No,No,0,,0,
631,1,0,Complete,Y,Incomplete,Dependent,Dependent,Independent,,Incomplete,Y,Incomplete,Independent,Independent,Independent,,Incomplete,Y,Incomplete,Independent,Independent,Independent,,Incomplete,No,,Incomplete,No,,No,No,No,No,No,No,0,,1,selfsuff_mismatch
632,1,0,Complete,N,Incomplete,Independent,Independent,Independent,,Incomplete,N,Incomplete,Independent,Independent,Independent,,Incomplete,N,Incomplete,Independent,Independent,Independent,,Incomplete,No,,Incomplete,No,,No,No,No,No,No,No,1,selfsuff_mismatch,1,selfsuff_mismatch
633,1,1,Complete,Y,Incomplete,Independent,Dependent,Independent,,Complete,Y,Incomplete,Dependent,Dependent,Independent,,Complete,Y,Incomplete,Independent,Dependent,Independent,,Incomplete,No,,Complete,No,,No,No,No,No,No,No,0,,1,completeness_mismatch
634,0,0,Complete,N,Incomplete,Independent,Dependent,Dependent,,Complete,N,Incomplete,Independent,Dependent,Dependent,,Complete,N,Incomplete,Independent,Dependent,Dependent,,Incomplete,No,,Incomplete,No,,No,No,No,No,No,No,0,,0,
635,0,0,Complete,N,Incomplete,Independent,Dependent,Dependent,,Complete,N,Incomplete,Independent,Dependent,Dependent,,Complete,N,Incomplete,Independent,Dependent,Dependent,,Incomplete,No,,Incomplete,No,,No,No,No,No,No,No,0,,0,
636,0,0,Complete,Y,Incomplete,Dependent,Dependent,Dependent,,Complete,Y,Incomplete,Dependent,Dependent,Dependent,,Complete,Y,Incomplete,Dependent,Dependent,Dependent,,Complete,No,,Complete,No,,No,No,No,No,No,No,1,completeness_mismatch,1,completeness_mismatch
637,0,0,Complete,N,Incomplete,Independent,Dependent,Dependent,,Complete,N,Incomplete,Independent,Dependent,Dependent,,Complete,N,Incomplete,Independent,Dependent,Dependent,,Incomplete,No,,Incomplete,No,,No,No,No,No,No,No,0,,0,
638,0,0,Complete,N,Incomplete,Independent,Dependent,Dependent,,Complete,N,Incomplete,Independent,Dependent,Dependent,,Complete,N,Incomplete,Independent,Dependent,Dependent,,Incomplete,No,,Incomplete,No,,No,No,No,No,No,No,0,,0,
639,0,0,Complete,N,Incomplete,Independent,Dependent,Dependent,,Complete,N,Incomplete,Independent,Dependent,Dependent,,Complete,N,Incomplete,Independent,Dependent,Dependent,,Incomplete,No,,Incomplete,No,,No,No,No,No,No,No,0,,0,
640,0,0,Complete,N,Incomplete,Independent,Dependent,Dependent,,Complete,N,Incomplete,Independent,Dependent,Dependent,,Complete,N,Incomplete,Independent,Dependent,Dependent,,Incomplete,No,,Incomplete,No,,No,No,No,No,No,No,0,,0,
641,0,0,Complete,N,Complete,Independent,Independent,Independent,,Complete,N,Complete,Independent,Independent,Independent,,Complete,N,Complete,Independent,Independent,Independent,,Incomplete,No,,Incomplete,No,,No,No,No,No,No,No,1,selfsuff_mismatch,1,selfsuff_mismatch
642,0,0,Complete,Y,Incomplete,Independent,Dependent,Independent,,Complete,Y,Incomplete,Independent,Dependent,Independent,,Complete,Y,Incomplete,Independent,Dependent,Independent,,Incomplete,No,,Incomplete,No,,No,No,No,No,No,No,0,,0,
643,0,0,Complete,Y,Complete,Independent,Independent,Independent,Atomic,Complete,Y,Complete,Independent,Independent,Independent,Atomic,Complete,Y,Complete,Independent,Independent,Independent,Atomic,Complete,Yes,Atomic,Complete,Yes,Atomic,No,No,Yes,Yes,Yes,Yes,1,holistic_vs_seven;holistic_vs_three,1,holistic_vs_seven;holistic_vs_three
644,1,0,Complete,N,Complete,Independent,Independent,Independent,,Complete,P,Complete,Independent,Independent,Independent,,Complete,P,Complete,Independent,Independent,Independent,,Complete,Yes,Atomic,Complete,Yes,Atomic,No,No,No,No,No,No,1,holistic_vs_three;three_vs_seven;completeness_mismatch,1,holistic_vs_three;three_vs_seven;completeness_mismatch
645,0,0,Incomplete,Y,Incomplete,Independent,Dependent,Independent,,Incomplete,Y,Incomplete,Independent,Dependent,Independent,,Incomplete,Y,Incomplete,Independent,Dependent,Independent,,Incomplete,No,,Incomplete,No,,No,No,No,No,No,No,0,,0,
646,0,0,Complete,Y,Incomplete,Independent,Dependent,Independent,,Complete,Y,Incomplete,Independent,Dependent,Independent,,Complete,Y,Incomplete,Independent,Dependent,Independent,,Complete,No,,Complete,No,,No,No,No,No,No,No,1,completeness_mismatch,1,completeness_mismatch
647,0,0,Complete,N,Complete,Independent,Independent,Independent,,Complete,N,Complete,Independent,Independent,Independent,,Complete,N,Complete,Independent,Independent,Independent,,Complete,Yes,Atomic,Complete,Yes,Atomic,No,No,No,No,No,No,1,holistic_vs_three;three_vs_seven;completeness_mismatch,1,holistic_vs_three;three_vs_seven;completeness_mismatch
648,0,0,Complete,Compound,Incomplete,Independent,Dependent,Independent,,Complete,Compound,Incomplete,Independent,Dependent,Independent,,Complete,Compound,Incomplete,Independent,Dependent,Independent,,Incomplete,No,,Incomplete,No,,No,No,No,No,No,No,0,,0,
649,1,0,Complete,Y,Incomplete,Independent,Dependent,Independent,,Complete,Y,Complete,Independent,Independent,Independent,Atomic,Complete,Y,Complete,Independent,Independent,Independent,Atomic,Complete,No,,Complete,Yes,Compound,Yes,Yes,No,Yes,No,Yes,1,holistic_vs_seven;holistic_vs_three;completeness_mismatch,1,holistic_vs_three;three_vs_seven
650,1,0,Complete,Compound,Complete,Independent,Independent,Dependent,,Complete,Compound,Complete,Independent,Dependent,Dependent,Compound,Complete,Compound,Complete,Independent,Independent,Dependent,,Incomplete,No,,Incomplete,No,,No,No,No,No,No,No,1,completeness_mismatch,1,completeness_mismatch
651,1,0,Complete,N,Complete,Independent,Independent,Independent,,Complete,P,Complete,Independent,Independent,Independent,,Complete,P,Complete,Independent,Independent,Independent,,Incomplete,Yes,,Incomplete,Yes,,No,No,No,No,No,No,0,,0,
652,0,0,Complete,P,Complete,Independent,Independent,Independent,,Complete,P,Complete,Independent,Independent,Independent,,Complete,P,Complete,Independent,Independent,Independent,,Incomplete,Yes,,Incomplete,Yes,,No,No,No,No,No,No,0,,0,
653,0,0,Complete,Compound,Incomplete,Independent,Dependent,Independent,,Complete,Compound,Incomplete,Independent,Dependent,Independent,,Complete,Compound,Incomplete,Independent,Dependent,Independent,,Complete,No,Compound,Complete,Yes,Compound,No,No,No,No,No,No,1,completeness_mismatch,1,completeness_mismatch;selfsuff_mismatch
654,0,0,Complete,P,Complete,Independent,Independent,Independent,,Complete,P,Complete,Independent,Independent,Independent,,Complete,P,Complete,Independent,Independent,Independent,,Complete,Yes,Atomic,Complete,Yes,Atomic,No,No,No,No,No,No,1,holistic_vs_three;three_vs_seven;completeness_mismatch,1,holistic_vs_three;three_vs_seven;completeness_mismatch
655,0,0,Complete,Y,Incomplete,Independent,Dependent,Independent,,Complete,Y,Incomplete,Independent,Dependent,Independent,,Complete,Y,Incomplete,Independent,Dependent,Independent,,Complete,No,,Complete,Yes,Atomic,No,No,No,No,No,No,1,completeness_mismatch,1,holistic_vs_three;three_vs_seven;completeness_mismatch;selfsuff_mismatch
656,0,0,Complete,Y,Incomplete,Independent,Dependent,Independent,,Complete,Y,Incomplete,Independent,Dependent,Independent,,Complete,Y,Incomplete,Independent,Dependent,Independent,,Complete,No,,Complete,Yes,Atomic,No,No,No,No,No,No,1,completeness_mismatch,1,holistic_vs_three;three_vs_seven;completeness_mismatch;selfsuff_mismatch
657,0,0,Complete,N,Complete,Independent,Independent,Independent,,Complete,N,Complete,Independent,Independent,Independent,,Complete,N,Complete,Independent,Independent,Independent,,Incomplete,Yes,,Incomplete,Yes,,No,No,No,No,No,No,0,,0,
658,0,0,Complete,Y,Incomplete,Independent,Dependent,Independent,,Complete,Y,Incomplete,Independent,Dependent,Independent,,Complete,Y,Incomplete,Independent,Dependent,Independent,,Complete,No,,Complete,Yes,Atomic,No,No,No,No,No,No,1,completeness_mismatch,1,holistic_vs_three;three_vs_seven;completeness_mismatch;selfsuff_mismatch
659,0,0,Complete,Y,Incomplete,Independent,Dependent,Independent,,Complete,Y,Incomplete,Independent,Dependent,Independent,,Complete,Y,Incomplete,Independent,Dependent,Independent,,Incomplete,No,,Incomplete,No,,No,No,No,No,No,No,0,,0,
660,0,0,Complete,Y,Incomplete,Independent,Dependent,Independent,,Complete,Y,Incomplete,Independent,Dependent,Independent,,Complete,Y,Incomplete,Independent,Dependent,Independent,,Incomplete,No,,Incomplete,No,,No,No,No,No,No,No,0,,0,
661,0,0,Complete,Y,Incomplete,Independent,Dependent,Independent,,Complete,Y,Incomplete,Independent,Dependent,Independent,,Complete,Y,Incomplete,Independent,Dependent,Independent,,Incomplete,No,,Incomplete,No,,No,No,No,No,No,No,0,,0,
662,0,0,Complete,Y,Incomplete,Independent,Dependent,Independent,,Complete,Y,Incomplete,Independent,Dependent,Independent,,Complete,Y,Incomplete,Independent,Dependent,Independent,,Incomplete,No,,Incomplete,No,,No,No,No,No,No,No,0,,0,
663,1,0,Complete,Compound,Incomplete,Independent,Dependent,Independent,,Complete,Compound,Incomplete,Dependent,Dependent,Independent,,Complete,Compound,Incomplete,Dependent,Dependent,Independent,,Complete,No,,Complete,No,,No,No,No,No,No,No,1,completeness_mismatch,1,completeness_mismatch
664,0,0,Complete,Compound,Incomplete,Independent,Dependent,Independent,,Complete,Compound,Incomplete,Independent,Dependent,Independent,,Complete,Compound,Incomplete,Independent,Dependent,Independent,,Incomplete,No,,Complete,No,,No,No,No,No,No,No,0,,1,completeness_mismatch
665,0,0,Complete,N,Complete,Independent,Independent,Independent,,Complete,N,Complete,Independent,Independent,Independent,,Complete,N,Complete,Independent,Independent,Independent,,Complete,Yes,Compound,Complete,Yes,Compound,No,No,No,No,No,No,1,completeness_mismatch,1,completeness_mismatch
666,0,0,Incomplete,N,Complete,Independent,Independent,Independent,,Incomplete,N,Complete,Independent,Independent,Independent,,Incomplete,N,Complete,Independent,Independent,Independent,,Incomplete,No,,Incomplete,No,,No,No,No,No,No,No,1,selfsuff_mismatch,1,selfsuff_mismatch
667,0,0,Complete,Y,Incomplete,Independent,Dependent,Independent,,Complete,Y,Incomplete,Independent,Dependent,Independent,,Complete,Y,Incomplete,Independent,Dependent,Independent,,Incomplete,No,,Incomplete,No,,No,No,No,No,No,No,0,,0,
668,0,0,Complete,Y,Incomplete,Independent,Dependent,Independent,,Complete,Y,Incomplete,Independent,Dependent,Independent,,Complete,Y,Incomplete,Independent,Dependent,Independent,,Incomplete,No,,Incomplete,No,,No,No,No,No,No,No,0,,0,
669,0,0,Complete,Y,Incomplete,Independent,Dependent,Independent,,Complete,Y,Incomplete,Independent,Dependent,Independent,,Complete,Y,Incomplete,Independent,Dependent,Independent,,Incomplete,No,,Incomplete,No,,No,No,No,No,No,No,0,,0,
670,0,0,Complete,Y,Complete,Independent,Independent,Independent,Atomic,Complete,Y,Complete,Independent,Independent,Independent,Atomic,Complete,Y,Complete,Independent,Independent,Independent,Atomic,Complete,Yes,Atomic,Complete,Yes,Atomic,Yes,Yes,Yes,Yes,Yes,Yes,0,,0,
671,1,0,Complete,Y,Complete,Independent,Independent,Independent,Atomic,Complete,Y,Complete,Independent,Independent,Independent,Compound,Complete,Y,Complete,Independent,Independent,Independent,Atomic,Complete,Yes,Compound,Complete,Yes,Compound,No,No,Yes,Yes,Yes,Yes,1,holistic_vs_seven;three_vs_seven,1,holistic_vs_seven;three_vs_seven
672,0,0,Incomplete,N,Complete,Independent,Independent,Independent,,Incomplete,N,Complete,Independent,Independent,Independent,,Incomplete,N,Complete,Independent,Independent,Independent,,Incomplete,No,,Incomplete,No,,No,No,No,No,No,No,1,selfsuff_mismatch,1,selfsuff_mismatch
673,0,0,Incomplete,N,Complete,Independent,Independent,Independent,,Incomplete,N,Complete,Independent,Independent,Independent,,Incomplete,N,Complete,Independent,Independent,Independent,,Incomplete,No,,Incomplete,No,,No,No,No,No,No,No,1,selfsuff_mismatch,1,selfsuff_mismatch
674,0,0,Incomplete,N,Complete,Independent,Independent,Independent,,Incomplete,N,Complete,Independent,Independent,Independent,,Incomplete,N,Complete,Independent,Independent,Independent,,Incomplete,No,,Incomplete,No,,No,No,No,No,No,No,1,selfsuff_mismatch,1,selfsuff_mismatch
675,0,0,Incomplete,N,Complete,Independent,Independent,Independent,,Incomplete,N,Complete,Independent,Independent,Independent,,Incomplete,N,Complete,Independent,Independent,Independent,,Incomplete,No,,Incomplete,No,,No,No,No,No,No,No,1,selfsuff_mismatch,1,selfsuff_mismatch
676,0,0,Incomplete,N,Complete,Independent,Independent,Independent,,Incomplete,N,Complete,Independent,Independent,Independent,,Incomplete,N,Complete,Independent,Independent,Independent,,Incomplete,No,,Incomplete,No,,No,No,No,No,No,No,1,selfsuff_mismatch,1,selfsuff_mismatch
677,0,0,Incomplete,N,Complete,Independent,Independent,Independent,,Incomplete,N,Complete,Independent,Independent,Independent,,Incomplete,N,Complete,Independent,Independent,Independent,,Incomplete,No,,Incomplete,No,,No,No,No,No,No,No,1,selfsuff_mismatch,1,selfsuff_mismatch
678,0,0,Incomplete,N,Complete,Independent,Independent,Independent,,Incomplete,N,Complete,Independent,Independent,Independent,,Incomplete,N,Complete,Independent,Independent,Independent,,Incomplete,No,,Incomplete,No,,No,No,No,No,No,No,1,selfsuff_mismatch,1,selfsuff_mismatch
679,1,0,Complete,N,Incomplete,Independent,Dependent,Dependent,,Complete,N,Complete,Independent,Independent,Dependent,,Complete,N,Complete,Independent,Independent,Dependent,,Complete,No,,Complete,No,,No,No,No,No,No,No,1,completeness_mismatch,1,completeness_mismatch
680,1,0,Complete,Y,Complete,Dependent,Independent,Dependent,Atomic,Complete,Y,Complete,Independent,Dependent,Dependent,Atomic,Complete,Y,Complete,Independent,Independent,Dependent,Atomic,Incomplete,No,,Complete,No,,No,No,No,No,No,No,1,completeness_mismatch;LT4_gate,1,LT4_gate
681,0,0,Complete,N,Complete,Independent,Independent,Independent,,Complete,N,Complete,Independent,Independent,Independent,,Complete,N,Complete,Independent,Independent,Independent,,Incomplete,,,Incomplete,,,No,No,No,No,No,No,1,selfsuff_mismatch,1,selfsuff_mismatch
682,0,0,Complete,N,Complete,Independent,Independent,Independent,,Complete,N,Complete,Independent,Independent,Independent,,Complete,N,Complete,Independent,Independent,Independent,,Incomplete,,,Incomplete,,,No,No,No,No,No,No,1,selfsuff_mismatch,1,selfsuff_mismatch
683,0,0,Complete,N,Complete,Independent,Independent,Independent,,Complete,N,Complete,Independent,Independent,Independent,,Complete,N,Complete,Independent,Independent,Independent,,Incomplete,,,Incomplete,,,No,No,No,No,No,No,1,selfsuff_mismatch,1,selfsuff_mismatch
684,0,0,Complete,N,Complete,Independent,Independent,Independent,,Complete,N,Complete,Independent,Independent,Independent,,Complete,N,Complete,Independent,Independent,Independent,,Incomplete,,,Incomplete,,,No,No,No,No,No,No,1,selfsuff_mismatch,1,selfsuff_mismatch
685,0,0,Complete,N,Complete,Independent,Independent,Independent,,Complete,N,Complete,Independent,Independent,Independent,,Complete,N,Complete,Independent,Independent,Independent,,Incomplete,,,Incomplete,,,No,No,No,No,No,No,1,selfsuff_mismatch,1,selfsuff_mismatch
686,0,0,Complete,N,Complete,Independent,Independent,Independent,,Complete,N,Complete,Independent,Independent,Independent,,Complete,N,Complete,Independent,Independent,Independent,,Incomplete,,,Incomplete,,,No,No,No,No,No,No,1,selfsuff_mismatch,1,selfsuff_mismatch
687,1,0,Complete,N,Complete,Independent,Independent,Independent,,Complete,N,Incomplete,Independent,Independent,Independent,,Complete,N,Complete,Independent,Independent,Independent,,Incomplete,,,Incomplete,No,,No,No,No,No,No,No,1,selfsuff_mismatch,1,selfsuff_mismatch
688,0,0,Complete,N,Complete,Independent,Independent,Independent,,Complete,N,Complete,Independent,Independent,Independent,,Complete,N,Complete,Independent,Independent,Independent,,Incomplete,,,Complete,,,No,No,No,No,No,No,1,selfsuff_mismatch,1,completeness_mismatch;selfsuff_mismatch
689,0,0,Incomplete,N,Complete,Independent,Independent,Independent,,Incomplete,N,Complete,Independent,Independent,Independent,,Incomplete,N,Complete,Independent,Independent,Independent,,Incomplete,,,Incomplete,,,No,No,No,No,No,No,1,selfsuff_mismatch,1,selfsuff_mismatch
690,1,0,Complete,N,Complete,Independent,Independent,Independent,,Incomplete,N,Complete,Independent,Independent,Independent,,Incomplete,N,Complete,Independent,Independent,Independent,,Incomplete,,,Incomplete,,,No,No,No,No,No,No,1,selfsuff_mismatch,1,selfsuff_mismatch
691,1,0,Complete,N,Incomplete,Dependent,Dependent,Dependent,,Incomplete,N,Incomplete,Independent,Independent,Independent,,Incomplete,N,Incomplete,Independent,Independent,Independent,,Incomplete,,,Incomplete,,,No,No,No,No,No,No,0,,1,selfsuff_mismatch
692,1,0,Complete,N,Complete,Independent,Independent,Independent,,Incomplete,N,Complete,Independent,Independent,Independent,,Incomplete,N,Complete,Independent,Independent,Independent,,Incomplete,No,,Complete,No,,No,No,No,No,No,No,1,selfsuff_mismatch,1,completeness_mismatch;selfsuff_mismatch
693,1,0,Complete,Y,Incomplete,Dependent,Dependent,Dependent,Atomic,Complete,Y,Incomplete,Dependent,Dependent,Independent,,Complete,Y,Incomplete,Dependent,Dependent,Independent,Atomic,Complete,Yes,Atomic,Complete,No,Atomic,Yes,Yes,No,No,No,No,1,holistic_vs_seven;three_vs_seven;completeness_mismatch;selfsuff_mismatch;LT4_gate,1,holistic_vs_seven;holistic_vs_three;completeness_mismatch;LT4_gate
694,1,0,Complete,N,Incomplete,Dependent,Dependent,Independent,,Incomplete,N,Incomplete,Independent,Dependent,Independent,,Incomplete,N,Incomplete,Independent,Dependent,Independent,,Incomplete,No,,Incomplete,No,,No,No,No,No,No,No,0,,0,
695,1,0,Complete,Y,Incomplete,Dependent,Dependent,Dependent,Atomic,Complete,Y,Incomplete,Dependent,Dependent,Dependent,,Complete,Y,Incomplete,Dependent,Dependent,Dependent,,Complete,No,,Complete,No,,No,No,No,No,No,No,1,completeness_mismatch;LT4_gate,1,completeness_mismatch
696,1,0,Complete,Y,Incomplete,Dependent,Dependent,Dependent,Atomic,Complete,Y,Incomplete,Dependent,Dependent,Dependent,Compound,Complete,Y,Incomplete,Dependent,Dependent,Dependent,Atomic,Complete,No,,Complete,No,,No,No,No,No,No,No,1,completeness_mismatch;LT4_gate,1,completeness_mismatch;LT4_gate
697,1,0,Complete,N,Complete,Independent,Independent,Independent,,Complete,Y,Complete,Independent,Independent,Independent,Atomic,Complete,Y,Complete,Independent,Independent,Independent,Atomic,Incomplete,,,Incomplete,,,No,No,No,Yes,No,Yes,1,selfsuff_mismatch,1,holistic_vs_seven;three_vs_seven;completeness_mismatch;selfsuff_mismatch
698,1,0,Complete,N,Incomplete,Independent,Dependent,Independent,,Incomplete,N,Complete,Independent,Independent,Independent,,Complete,N,Incomplete,Independent,Independent,Independent,,Incomplete,,,Incomplete,,,No,No,No,No,No,No,0,,1,selfsuff_mismatch
699,1,0,Complete,N,Complete,Independent,Independent,Independent,,Complete,Y,Incomplete,Independent,Dependent,Independent,Atomic,Complete,Y,Incomplete,Independent,Dependent,Independent,,Incomplete,No,,Incomplete,No,,No,No,No,No,No,No,1,selfsuff_mismatch,0,
700,1,0,Complete,Y,Incomplete,Dependent,Dependent,Dependent,Atomic,Complete,Y,Incomplete,Independent,Dependent,Dependent,Atomic,Complete,Y,Incomplete,Independent,Dependent,Dependent,Atomic,Complete,No,,Complete,No,,No,No,No,No,No,No,1,completeness_mismatch;LT4_gate,1,completeness_mismatch;LT4_gate
