id,method,verdict,escalated,uncertainty,is_demo,calls_per_item,provisional_pro,provisional_con,Rationale
1,annollm,,,,1,0.0,,,HELD OUT AS DEMONSTRATION
2,annollm,,,,1,0.0,,,HELD OUT AS DEMONSTRATION
3,annollm,,,,1,0.0,,,HELD OUT AS DEMONSTRATION
4,annollm,,,,1,0.0,,,HELD OUT AS DEMONSTRATION
5,annollm,,,,1,0.0,,,HELD OUT AS DEMONSTRATION
6,annollm,,,,1,0.0,,,HELD OUT AS DEMONSTRATION
7,annollm,,,,1,0.0,,,HELD OUT AS DEMONSTRATION
8,annollm,No,0.0,,0,1.0,,,"Compound requirement of two separate doors with distinct adjacencies that could independently pass or fail, plus user-role designations not modeled."
9,annollm,No,0.0,,0,1.0,,,"Depends on the 'required reach depth' specified in another clause or table, so it is not self-contained."
10,annollm,,,,1,0.0,,,HELD OUT AS DEMONSTRATION
11,annollm,Yes,0.0,,0,1.0,,,Single conditional sight-line obligation decidable by geometric analysis of seating in a fully populated model.
12,annollm,No,0.0,,0,1.0,,,"Bundles multiple security devices, cabling and off-site monitoring by a command center, which cannot be verified from a model."
13,annollm,Yes,0.0,,0,1.0,,,"Single conditional sight-line obligation over standing spectators, computable from model geometry."
14,annollm,No,0.0,,0,1.0,,,"Lists several loose equipment items and an optional ('potentially') one, so it is neither single nor definite."
15,annollm,No,0.0,,0,1.0,,,Two independent counts (spectator seat range and wheelchair seats) that could separately pass or fail.
16,annollm,No,0.0,,0,1.0,,,"Furnishing item with vague 'near lounge areas' placement and owner-furnished note, requiring subjective judgment."
17,annollm,Yes,0.0,,0,1.0,,,"Single countable requirement of three workstations in a defined room type, verifiable in the model."
18,annollm,Yes,0.0,,0,1.0,,,Single obligation for a specified component with a checkable attribute located at a modeled entrance.
19,annollm,Yes,0.0,,0,1.0,,,"One clearance requirement with a stated material-thickness exception, decidable from modeled geometry and material properties."
20,annollm,No,0.0,,0,1.0,,,"Defers the actual requirement to a Presidential Decree, providing no checkable criterion."
21,annollm,No,0.0,,0,1.0,,,"Three separate limits (roof height, eave height, storey count) that could independently pass or fail."
22,annollm,Yes,0.0,,0,1.0,,,"Single mandatory configuration for the entire first floor, decidable from the model's structural layout."
23,annollm,No,0.0,,0,1.0,,,"Offers alternative performance-based solutions whose adequacy (wall drying, water pressure resistance) needs empirical/engineering evaluation."
24,annollm,No,0.0,,0,1.0,,,"The exception requires structural strength-equivalence analysis, not decidable from model data alone."
25,annollm,No,0.0,,0,1.0,,,Garbled fragment citing external guidance documents and formulas rather than a self-contained obligation.
26,annollm,No,0.0,,0,1.0,,,"Prescribes a calculation time interval, a procedural matter not verifiable against model content."
27,annollm,No,0.0,,0,1.0,,,Relies on 'Category 1 or 2' building classification defined outside the sentence.
28,annollm,No,0.0,,0,1.0,,,Requires subjective consistency judgment about design temperatures and external occupancy/analysis data.
29,annollm,No,0.0,,0,1.0,,,"Administrative submission of a report, not a model-checkable physical condition."
30,annollm,No,0.0,,0,1.0,,,Requires energy analysis and administrative rating assignment beyond model data.
31,annollm,No,0.0,,0,1.0,,,Depends on original system capacity data and a document submittal to authorities.
32,annollm,Yes,0.0,,0,1.0,,,Floor area threshold and presence of sub-meters per use category are derivable from a populated model.
33,annollm,No,0.0,,0,1.0,,,Definitional clause relying on external referenced standards.
34,annollm,Yes,0.0,,0,1.0,,,Ceiling finish material for named room types is a checkable model attribute.
35,annollm,Yes,0.0,,0,1.0,,,Separate and adjacent space provision is verifiable from model space topology.
36,annollm,No,0.0,,0,1.0,,,Cites an external finish code (PNT-2) and bundles two independent finish requirements.
37,annollm,No,0.0,,0,1.0,,,"Truncated, incomplete sentence with no stated requirement."
38,annollm,No,0.0,,0,1.0,,,Performance goal of 'reliable throughout service life' needs judgment and analysis.
39,annollm,No,0.0,,0,1.0,,,Needs design flow/water-quality data and offers alternative compliance paths.
40,annollm,No,0.0,,0,1.0,,,Cavity clear of mortar droppings requires site inspection and adds a second requirement.
41,annollm,Yes,0.0,,0,1.0,,,Exit width is computed from occupant load and stated numeric increments using model data.
42,annollm,No,0.0,,0,1.0,,,Moisture damage and health hazard outcomes require empirical assessment and judgment.
43,annollm,No,0.0,,0,1.0,,,Contains an exception hinging on subjective 'space precludes' judgment plus alternative placement.
44,annollm,No,0.0,,0,1.0,,,Bundles many independent device-location requirements including vague 'other selected areas'.
45,annollm,No,0.0,,0,1.0,,,Permissive allowance with multiple independent conditions rather than one obligation.
46,annollm,Yes,0.0,,0,1.0,,,Single numeric minimum width of a defined route measurable from model geometry.
47,annollm,Yes,0.0,,0,1.0,,,Explicit dimensional range for fixture placement is checkable geometrically.
48,annollm,No,0.0,,0,1.0,,,"Acoustic frequency limit requires physical measurement/testing, not model geometry."
49,annollm,No,0.0,,0,1.0,,,"Requires timed functional testing of a device, not model data."
50,annollm,No,0.0,,0,1.0,,,Door dwell time can only be verified by timed physical test.
51,annollm,Yes,0.0,,0,1.0,,,"Wall thickness, storey count and floor area are all quantifiable model geometry."
52,annollm,No,0.0,,0,1.0,,,"Noise character and sound level require acoustic measurement, not model data."
53,annollm,No,0.0,,0,1.0,,,Reverberation time demands empirical acoustic testing/analysis beyond the model.
54,annollm,Yes,0.0,,0,1.0,,,Bar diameter and concrete cover are explicit geometric attributes checkable in the model.
55,annollm,Yes,0.0,,0,1.0,,,Bar diameter and cover thickness in columns are directly measurable model parameters.
56,annollm,Yes,0.0,,0,1.0,,,Both alternatives (buttress spacing or rebar diameter/spacing) are single-requirement geometric checks in the model.
57,annollm,No,0.0,,0,1.0,,,"Antiseptic/anti-insect treatment compliance needs product certification or inspection, not model data."
58,annollm,No,0.0,,0,1.0,,,Computes a minimum time whose compliance requires timed observation of door closing.
59,annollm,No,0.0,,0,1.0,,,"Frequency and decibel levels require physical measurement, and it bundles several independent criteria."
60,annollm,Yes,0.0,,0,1.0,,,Turning-space diameter in designated rooms is a clear geometric clearance check.
61,annollm,No,0.0,,0,1.0,,,Merely cross-references an external standard with no self-contained criterion.
62,annollm,No,0.0,,0,1.0,,,"Closing on heat detection is a performance behaviour verified by test, not model geometry."
63,annollm,No,0.0,,0,1.0,,,"""Secure storage"" is a vague functional aim requiring subjective judgment."
64,annollm,No,0.0,,0,1.0,,,"""Controlled manner without detrimental pressure changes"" needs performance analysis and judgment."
65,annollm,No,0.0,,0,1.0,,,"Concerns designer knowledge of external water-quality data, not model content."
66,annollm,No,0.0,,0,1.0,,,Refers vaguely to unspecified accessibility requirements outside the sentence.
67,annollm,No,0.0,,0,1.0,,,Feasibility and threat to historic significance are subjective determinations.
68,annollm,No,0.0,,0,1.0,,,Bundles multiple fittings requirements judged by pressure/noise performance testing.
69,annollm,Yes,0.0,,0,1.0,,,Single numeric height limit measurable on model geometry.
70,annollm,Yes,0.0,,0,1.0,,,"Single clear-width dimension for a defined space, directly measurable."
71,annollm,Yes,0.0,,0,1.0,,,"Single clear-width minimum for van space, geometrically checkable."
72,annollm,Yes,0.0,,0,1.0,,,Average crawl-space height is a calculation over model geometry.
73,annollm,No,0.0,,0,1.0,,,Two independent requirements (count of wells and 3 m distance).
74,annollm,No,0.0,,0,1.0,,,"Sensing/activation performance requires physical testing, not model data."
75,annollm,No,0.0,,0,1.0,,,"Compound alternative arrangement rules about button labelling, not decidable from geometry alone."
76,annollm,Yes,0.0,,0,1.0,,,Single minimum distance between identifiable model elements.
77,annollm,No,0.0,,0,1.0,,,"Bundles three separate requirements (entrance width, landing width, fire door)."
78,annollm,Yes,0.0,,0,1.0,,,Conditional guard-rail height rule fully determined by model heights.
79,annollm,No,0.0,,0,1.0,,,Multiple requirements plus discretionary consultation with the authority.
80,annollm,Yes,0.0,,0,1.0,,,Single measurable vertical separation between openings with stated exception conditions.
81,annollm,Yes,0.0,,0,1.0,,,One clear-width rule (915 mm) applied along a geometrically defined 180-degree turn.
82,annollm,No,0.0,,0,1.0,,,"Exception hinges on demonstrating no moisture damage, an external/judgmental showing."
83,annollm,No,0.0,,0,1.0,,,States two independent clearances for pedestrian and vehicular routes.
84,annollm,No,0.0,,0,1.0,,,"Permissive ('shall be permitted to overlap'), imposes no obligation."
85,annollm,Yes,0.0,,0,1.0,,,Single area limit computable from walls and enclosed floor area.
86,annollm,Yes,0.0,,0,1.0,,,Circulation-separation rule decidable from model topology of spaces and doors.
87,annollm,No,0.0,,0,1.0,,,Depends on externally defined 'large/extra-large courthouse' classification.
88,annollm,Yes,0.0,,0,1.0,,,Area requirement with the courtroom-count threshold given in the sentence.
89,annollm,No,0.0,,0,1.0,,,States an exemption (not required) and depends on the landing area specified in cited clause 405.7.
90,annollm,Yes,0.0,,0,1.0,,,Obligation testable by computing warehouse floor area and counting direct stairs in the model.
91,annollm,Yes,0.0,,0,1.0,,,"Obligation on window type and area for specified locations, all decidable from modelled window properties and geometry."
92,annollm,Yes,0.0,,0,1.0,,,Single geometric obligation about curb/barrier openings checkable by sphere-passage computation on model geometry.
93,annollm,Yes,0.0,,0,1.0,,,"Obligation with explicit area threshold and stair count, both derivable from the model."
94,annollm,No,0.0,,0,1.0,,,Grants a permission/exemption ('not required') rather than imposing an obligation.
95,annollm,No,0.0,,0,1.0,,,"Permissive allowance with several independent conditions, not a mandatory single requirement."
96,annollm,Yes,0.0,,0,1.0,,,Mandatory geometric criterion on ramp-edge openings fully computable from model geometry.
97,annollm,Yes,0.0,,0,1.0,,,"Obligation that specified stairwell windows be openable, decidable from window operability attributes in the model."
98,annollm,No,0.0,,0,1.0,,,"Garbled, incoherent sentence relying on external approval and justification."
99,annollm,No,0.0,,0,1.0,,,Permissive statement ('shall be permitted') rather than an obligation.
100,annollm,No,0.0,,0,1.0,,,"Truncated fragment, not a whole requirement statement."
101,annollm,No,0.0,,0,1.0,,,"Permission allowing a mounting height, not a mandatory requirement."
102,annollm,No,0.0,,0,1.0,,,Incomplete sentence that defers to the requirements of cited paragraph 3.6.
103,annollm,Yes,0.0,,0,1.0,,,Complete quantitative obligation computable by counting total and accessible spaces in the model.
104,annollm,No,0.0,,0,1.0,,,Permissive allowance for reducing knee clearance rather than an obligation.
105,annollm,Yes,0.0,,0,1.0,,,"Self-contained countable ratio requirement for accessible spaces, checkable from model counts."
106,annollm,Yes,0.0,,0,1.0,,,Single dimensional obligation on clear ceiling height measurable in the model.
107,annollm,Yes,0.0,,0,1.0,,,"Conditional obligation whose triggers (storeys, protected lobby, corridor width) and outcome (alternative accessible route) are model attributes."
108,annollm,No,0.0,,0,1.0,,,Planning-policy statement requiring subjective consideration of public facility provision and external zoning data.
109,annollm,Yes,0.0,,0,1.0,,,Countable seat and wheelchair-space quantities fully stated in the sentence.
110,annollm,No,0.0,,0,1.0,,,Ratio depends on an externally 'required' count not given in the sentence.
111,annollm,No,0.0,,0,1.0,,,Defers to an administrative authority and needs a physical force measurement.
112,annollm,Yes,0.0,,0,1.0,,,Single explicit mounting-height dimension verifiable from model geometry.
113,annollm,Yes,0.0,,0,1.0,,,Clear pier space dimensions are geometric and self-contained relative to the slip.
114,annollm,Yes,0.0,,0,1.0,,,Explicit per-bed clear floor area with stated measurement basis and exclusions.
115,annollm,Yes,0.0,,0,1.0,,,"Explicit clear floor area with stated measurement convention, computable from geometry."
116,annollm,No,0.0,,0,1.0,,,Trailing purpose clause about unobstructed approach and operation requires subjective judgment.
117,annollm,No,0.0,,0,1.0,,,Procedural counting rule referring to an obligation established elsewhere.
118,annollm,No,0.0,,0,1.0,,,"Bundles a ratio, an electrical output rating and an external 'major renovation' condition."
119,annollm,No,0.0,,0,1.0,,,"Functional signalling behaviour requires operational testing, not model data."
120,annollm,No,0.0,,0,1.0,,,Prescribes conduct of a physical water test.
121,annollm,No,0.0,,0,1.0,,,"Requires verifying dynamic signal response, i.e. functional testing."
122,annollm,Yes,0.0,,0,1.0,,,Presence of a deactivation control on signals in sleeping areas is a modelable attribute.
123,annollm,No,0.0,,0,1.0,,,Vague visibility from an undefined 'adjacent' floor area needs subjective assessment.
124,annollm,No,0.0,,0,1.0,,,"Prohibition concerns operational use of a device, not modelable geometry or attributes."
125,annollm,No,0.0,,0,1.0,,,"Truncated, incomplete sentence with no stated requirement."
126,annollm,No,0.0,,0,1.0,,,'Maximum extent practicable' and 'uniform locations' are subjective.
127,annollm,Yes,0.0,,0,1.0,,,Conditional count of roll-in showers per provided facility is decidable from the model.
128,annollm,No,0.0,,0,1.0,,,Administrative computation instruction rather than a checkable physical requirement.
129,annollm,Yes,0.0,,0,1.0,,,Complete obligation whose edge orientation relative to the pedestrian route can be measured from model geometry.
130,annollm,Yes,0.0,,0,1.0,,,"Single geometric obligation on presence and orientation of clear deck space, verifiable from model geometry."
131,annollm,No,0.0,,0,1.0,,,"The ""unless otherwise specified"" caveat makes application depend on other clauses outside the sentence."
132,annollm,No,0.0,,0,1.0,,,"Applicability hinges on the subjective notion of ""other well-defined edges,"" which a rule engine cannot decide."
133,annollm,Yes,0.0,,0,1.0,,,Fully dimensioned positioning rule decidable by measuring centering and parallelism in the model.
134,annollm,No,0.0,,0,1.0,,,Combines two independently passing/failing requirements (perpendicularity and full-depth extension).
135,annollm,Yes,0.0,,0,1.0,,,Orientation of opening long dimension relative to travel direction is measurable from model geometry.
136,annollm,Yes,0.0,,0,1.0,,,"Explicit numeric slope limit on identifiable ramp runs, computable from geometry."
137,annollm,No,0.0,,0,1.0,,,"Grants a permission (""shall be permitted"") rather than imposing an obligation."
138,annollm,Yes,0.0,,0,1.0,,,Connectivity of brace ends to named structural element types is checkable from model relationships.
139,annollm,Yes,0.0,,0,1.0,,,"Self-contained obligation with two acceptable geometric alternatives, both verifiable in the model."
140,annollm,No,0.0,,0,1.0,,,Depends on subjective judgment about whether patterns make climbing possible.
141,annollm,No,0.0,,0,1.0,,,Bundles levelness plus two separate slope limits that could independently pass or fail.
142,annollm,Yes,0.0,,0,1.0,,,"Single explicit cross-slope limit on accessible routes, computable from model geometry."
143,annollm,No,0.0,,0,1.0,,,Requires operational open/closed movement and site building-line data beyond a standard model.
144,annollm,No,0.0,,0,1.0,,,"Definitional statement about difficulty, with no checkable obligation and vague criteria."
145,annollm,Yes,0.0,,0,1.0,,,Presence and placement of tactile car identification on both jambs is a modelable component requirement.
146,annollm,No,0.0,,0,1.0,,,Compound rule with nested exceptions and permissions that could pass or fail independently.
147,annollm,Yes,0.0,,0,1.0,,,Self-contained count threshold: total and accessible parking spaces are both countable in the model.
148,annollm,Yes,0.0,,0,1.0,,,Seat arrangement in rows with an adjacent access route is verifiable from model layout geometry.
149,annollm,No,0.0,,0,1.0,,,"""Accessible for inspections and maintenance"" is a vague performance goal requiring subjective judgment."
150,annollm,Yes,0.0,,0,1.0,,,Floor area of living spaces and presence of ventilation facilities are both derivable from the model.
151,annollm,Yes,0.0,,0,1.0,,,Basement floor area threshold and presence of a stop valve component are model-checkable.
152,annollm,No,0.0,,0,1.0,,,"Requires judging whether a structure prevents fire and explosion spread, a performance/test matter."
153,annollm,Yes,0.0,,0,1.0,,,Counting total and accessible parking spaces and applying a 2% ratio is purely model geometry/counting.
154,annollm,Yes,0.0,,0,1.0,,,"Single dimensional limit on door size in fire-isolation walls, directly measurable in the model."
155,annollm,Yes,0.0,,0,1.0,,,Fire-resistance rating is a standard object attribute that can be read from the model.
156,annollm,Yes,0.0,,0,1.0,,,Conditional height measurement plus presence of a ladder with a specified step width are geometric checks.
157,annollm,No,0.0,,0,1.0,,,Design for vehicle loads requires structural/empirical analysis and external load data.
158,annollm,No,0.0,,0,1.0,,,"""Immediate vicinity"" is undefined and depends on site-specific judgment."
159,annollm,No,0.0,,0,1.0,,,States an exemption conditioned on comparative viewing-angle analysis rather than a checkable obligation.
160,annollm,Yes,0.0,,0,1.0,,,"Conditional presence check: a pay telephone in a secured area triggers a TTY, both model objects."
161,annollm,Yes,0.0,,0,1.0,,,Centerline offset and approach orientation of clear floor space are measurable geometry.
162,annollm,No,0.0,,0,1.0,,,Compliance depends on a local ordinance rather than information in the model.
163,annollm,No,0.0,,0,1.0,,,Grants an exemption rather than imposing an obligation.
164,annollm,Yes,0.0,,0,1.0,,,Reinforcement material of the specified window elements is an attribute readable from the model.
165,annollm,No,0.0,,0,1.0,,,Requires structural load analysis to show no eccentric loads act on the walls.
166,annollm,Yes,0.0,,0,1.0,,,Floor finish material of a named room type is a checkable model attribute.
167,annollm,No,0.0,,0,1.0,,,"Definitional interpretation rule for applying other requirements, not itself an obligation."
168,annollm,Yes,0.0,,0,1.0,,,Position of the waterproofing layer relative to wall structure and insulation is verifiable from model layering.
169,annollm,Yes,0.0,,0,1.0,,,"Single material-property obligation on identified surfaces, checkable from modelled materials and heights."
170,annollm,No,0.0,,0,1.0,,,Fixing of masonry to frame with bolts/fittings is a construction detail not verifiable from a model without inspection.
171,annollm,Yes,0.0,,0,1.0,,,Placement of wheelchair spaces within a defined seat-percentage zone or viewing-angle range is a geometric computation over model data.
172,annollm,No,0.0,,0,1.0,,,"Combines a permission about overlap with a separate prohibition, so not a single obligatory requirement."
173,annollm,Yes,0.0,,0,1.0,,,"Explicit dimensional envelope for knee clearance, decidable from model geometry."
174,annollm,Yes,0.0,,0,1.0,,,"Single obligation that stated spaces be separated by fire-resistant construction, checkable via element fire-resistance attributes."
175,annollm,No,0.0,,0,1.0,,,Exemption phrased as relief and conditioned on subjective terrain feasibility.
176,annollm,No,0.0,,0,1.0,,,"Deflection limit requires structural load analysis or testing, not model inspection."
177,annollm,No,0.0,,0,1.0,,,"""Usable entrance at or near street level"" relies on subjective judgment and external site data."
178,annollm,No,0.0,,0,1.0,,,"""Disperse ... around that field"" gives no measurable criterion, requiring judgment."
179,annollm,No,0.0,,0,1.0,,,States an exemption rather than an obligation or prohibition.
180,annollm,No,0.0,,0,1.0,,,Sentence is truncated and grammatically incomplete.
181,annollm,Yes,0.0,,0,1.0,,,Single room-adjacency requirement decidable from spatial relations in the model.
182,annollm,No,0.0,,0,1.0,,,Imposes two separate adjacency requirements that could independently pass or fail.
183,annollm,No,0.0,,0,1.0,,,Phrased as an exemption from the accessible route obligation.
184,annollm,Yes,0.0,,0,1.0,,,Single connectivity obligation checkable from egress geometry of each storey of the apartment.
185,annollm,No,0.0,,0,1.0,,,Two independent adjacency requirements bundled in one sentence.
186,annollm,Yes,0.0,,0,1.0,,,Conditional route-connectivity obligation fully specified and checkable from modelled circulation.
187,annollm,No,0.0,,0,1.0,,,"Requires product performance/usability without assistance, not verifiable from model data."
188,annollm,No,0.0,,0,1.0,,,"Vague multi-purpose objective (safe evacuation, rescue, extinguishing) with no measurable criterion."
189,annollm,Yes,0.0,,0,1.0,,,"Obligation comparing accessible-route geometry with general circulation paths, decidable from model geometry."
190,annollm,Yes,0.0,,0,1.0,,,Conditional obligation on route location fully resolvable from model spatial data.
191,annollm,Yes,0.0,,0,1.0,,,"Self-contained counting rule on telephone provision per floor/level/site, checkable from model."
192,annollm,No,0.0,,0,1.0,,,Depends on external cited exceptions and occupancy/use data not in the sentence.
193,annollm,No,0.0,,0,1.0,,,"Heading-like list of many security topics requiring judgment, not a single model-checkable requirement."
194,annollm,Yes,0.0,,0,1.0,,,Quantified obligation (refuge zone every 30 floors connected to a direct stair) verifiable from building model.
195,annollm,No,0.0,,0,1.0,,,"Bundles three independent provisions (stairway, emergency exit, ventilation duct) that could pass or fail separately."
196,annollm,No,0.0,,0,1.0,,,Exemption clause disapplying another requirement rather than imposing an obligation.
197,annollm,No,0.0,,0,1.0,,,Combines a prohibition and a separate discharge-destination requirement that could independently fail.
198,annollm,No,0.0,,0,1.0,,,Vague performance goal requiring material-compatibility judgment or certification.
199,annollm,No,0.0,,0,1.0,,,Trigger depends on external project-specific backwater level data.
200,annollm,Yes,0.0,,0,1.0,,,Single connection requirement with explicit 50 mm seal-depth dimension checkable in the model.
201,annollm,Yes,0.0,,0,1.0,,,Geometric slope/continuity condition on pipe runs decidable from model geometry.
202,annollm,Yes,0.0,,0,1.0,,,Explicit 3 m pipework distance limit measurable from model piping geometry.
203,annollm,No,0.0,,0,1.0,,,Performance criterion on expansion forces and noise requiring empirical analysis.
204,annollm,No,0.0,,0,1.0,,,"Exemption/permission about audibility, not a model-checkable obligation."
205,annollm,No,0.0,,0,1.0,,,"Operational capability requiring functional testing, not verifiable from a model."
206,annollm,No,0.0,,0,1.0,,,Definitional/interpretive provision rather than an obligation.
207,annollm,No,0.0,,0,1.0,,,Design-analysis requirement about reduction factors not represented as checkable model data.
208,annollm,Yes,0.0,,0,1.0,,,Single geometric continuity requirement for handrails at intermediate landings.
209,annollm,Yes,0.0,,0,1.0,,,"Self-contained obligation on a bench's back support or wall attachment, both modelable attributes/relationships."
210,annollm,Yes,0.0,,0,1.0,,,Egress path topology to a refuge area without crossing adjacent tenant spaces can be computed from the model.
211,annollm,Yes,0.0,,0,1.0,,,"Single material-classification requirement on interior elements, checkable from element material attributes."
212,annollm,No,0.0,,0,1.0,,,Procedural submittal/scheduling duty unrelated to model content.
213,annollm,No,0.0,,0,1.0,,,Contractual payment/change-order provision requiring subjective judgment of 'significant' change.
214,annollm,No,0.0,,0,1.0,,,Assigns a capacity credit rather than imposing a checkable obligation on the model.
215,annollm,No,0.0,,0,1.0,,,Bundles several requirements and includes a pull-resistance condition needing physical verification.
216,annollm,No,0.0,,0,1.0,,,"Continuous illumination is an operational condition requiring inspection, not model data."
217,annollm,Yes,0.0,,0,1.0,,,"Obligatory construction/material property of floors in specified storage areas, encodable as element attributes."
218,annollm,Yes,0.0,,0,1.0,,,"Material requirement for earth-contacting wall portions with an explicit exception, decidable from geometry and materials."
219,annollm,No,0.0,,0,1.0,,,"Depends on the sign's externally listed viewing distance, data outside the model and sentence."
220,annollm,Yes,0.0,,0,1.0,,,Presence of a release mechanism at each door or a redundant remote control is a component-existence check.
221,annollm,No,0.0,,0,1.0,,,Applicability hinges on subjective assessment of where 'falling danger exists'.
222,annollm,No,0.0,,0,1.0,,,The vague spatial term 'near' cannot be evaluated objectively from the model.
223,annollm,No,0.0,,0,1.0,,,Requires the rating 'required for the building' from external classification tables.
224,annollm,No,0.0,,0,1.0,,,"Permissive live-load reduction rule requiring structural load analysis, not model geometry."
225,annollm,No,0.0,,0,1.0,,,"Definitional clause combining two separable conditions, one of which ('equally distributed') is vague."
226,annollm,Yes,0.0,,0,1.0,,,Simple count/designation check on parking spaces present in the model.
227,annollm,Yes,0.0,,0,1.0,,,"Single explicit 2-hour fire-resistance rating requirement on identified assemblies, an element attribute."
228,annollm,No,0.0,,0,1.0,,,Requires geotechnical capacity data and engineering analysis beyond the model.
229,annollm,No,0.0,,0,1.0,,,"Requires settlement analysis and subjective judgment of 'adverse effects', not model-decidable."
230,annollm,No,0.0,,0,1.0,,,Bundles many independent valve-location requirements that could pass or fail separately.
231,annollm,No,0.0,,0,1.0,,,Generic rounding rule dependent on other clauses; no self-contained checkable obligation.
232,annollm,No,0.0,,0,1.0,,,Compound requirement combining equal-height projection and a 300 mm extension that could fail independently.
233,annollm,No,0.0,,0,1.0,,,"Opening-force limit needs a physical force test, not model data."
234,annollm,Yes,0.0,,0,1.0,,,Stair extension to roof with a stated roof-slope exception is decidable from model geometry.
235,annollm,No,0.0,,0,1.0,,,Applicability depends on external licensing and length-of-stay data outside the model.
236,annollm,Yes,0.0,,0,1.0,,,Presence and location of a custodian station relative to the soundlock entrance is checkable from modeled spaces.
237,annollm,No,0.0,,0,1.0,,,Defines how area is computed rather than imposing a checkable obligation.
238,annollm,Yes,0.0,,0,1.0,,,Presence of curb ramps or sloped areas at walkway intersections is verifiable from modeled site elements.
239,annollm,Yes,0.0,,0,1.0,,,"Self-contained countable ratio of accessible cells to total cells, computable from the model."
240,annollm,No,0.0,,0,1.0,,,Requires existing-facility cumulative data beyond the model to apply the 'until' condition.
241,annollm,No,0.0,,0,1.0,,,Exemption/permission ('shall not be required') plus subjective 'essential to the function' judgment.
242,annollm,No,0.0,,0,1.0,,,"Performance against soil pressure, corrosion and subsidence requires testing/analysis, not model checking."
243,annollm,No,0.0,,0,1.0,,,Structural design to resist uplift 'where applicable' needs engineering analysis and external data.
244,annollm,No,0.0,,0,1.0,,,"Marking method on physical product is verified by inspection, not from a BIM model."
245,annollm,No,0.0,,0,1.0,,,"Requires submission of a hydraulic floodway analysis, external to the model."
246,annollm,Yes,0.0,,0,1.0,,,Minimum bolt count per beam-to-column connection is a single countable model attribute.
247,annollm,No,0.0,,0,1.0,,,Construction sequencing and grout material verification require site inspection.
248,annollm,No,0.0,,0,1.0,,,"Fragmentary, garbled construction-process instruction with no verifiable model criterion."
249,annollm,No,0.0,,0,1.0,,,"Permissive statement ('shall be permitted provided that'), not an obligation."
250,annollm,Yes,0.0,,0,1.0,,,Single numeric volume limit on identifiable smoke reservoirs computable from model geometry.
251,annollm,Yes,0.0,,0,1.0,,,"Single minimum net volume threshold for naturally ventilated rooms, derivable from model geometry and attributes."
252,annollm,Yes,0.0,,0,1.0,,,Single geometric volume cap for fire compartments in a defined building type.
253,annollm,Yes,0.0,,0,1.0,,,"Single minimum volume for a modelled space type, checkable from geometry."
254,annollm,Yes,0.0,,0,1.0,,,Ratio of crawl space volume to floor area above is a geometric computation on the model.
255,annollm,No,0.0,,0,1.0,,,Defines a calculation convention rather than imposing a checkable limit.
256,annollm,No,0.0,,0,1.0,,,Depends on project-specific design flow rate and operating duration outside the model.
257,annollm,No,0.0,,0,1.0,,,Prescribes a calculation method with no compliance threshold to test.
258,annollm,No,0.0,,0,1.0,,,"Requires smoke-layer performance analysis, not model geometry alone."
259,annollm,No,0.0,,0,1.0,,,Needs external reference values and thermal heat-loss analysis beyond the BIM.
260,annollm,No,0.0,,0,1.0,,,Requires annual energy simulation data external to the model.
261,annollm,No,0.0,,0,1.0,,,Depends on stored-liquid quantities not in the model and bundles two separate requirements.
262,annollm,Yes,0.0,,0,1.0,,,"Single fire-resistance rating requirement for identified storage rooms, an ordinary model attribute."
263,annollm,No,0.0,,0,1.0,,,Measurement definition with multiple inclusion rules rather than a single testable obligation.
264,annollm,No,0.0,,0,1.0,,,Relies on design fire heat release rate and smoke density inputs external to the model.
265,annollm,Yes,0.0,,0,1.0,,,Positional tolerance of piles against modelled grid lines is a pure geometric check.
266,annollm,Yes,0.0,,0,1.0,,,Alignment of nosing projections in one plane is decidable from model geometry.
267,annollm,No,0.0,,0,1.0,,,Construction-sequence/inspection requirement bundling levelness and collinearity.
268,annollm,Yes,0.0,,0,1.0,,,"Single collinearity tolerance for drain centrelines, measurable in the model."
269,annollm,Yes,0.0,,0,1.0,,,single geometric collinearity requirement decidable from model geometry
270,annollm,No,0.0,,0,1.0,,,"bundles collinearity, constant slope and a tolerance as separately failable requirements"
271,annollm,No,0.0,,0,1.0,,,"""no abrupt change"" is a subjective, unquantified criterion"
272,annollm,No,0.0,,0,1.0,,,combines a parallel-baseline requirement with a separate deviation tolerance that could fail independently
273,annollm,No,0.0,,0,1.0,,,relies on externally specified bar positions and as-built placement measurement
274,annollm,No,0.0,,0,1.0,,,"tolerance is against external design alignment and the visual ""appears straight"" test is subjective"
275,annollm,Yes,0.0,,0,1.0,,,alignment of adjacent panel top plates is verifiable from model geometry
276,annollm,Yes,0.0,,0,1.0,,,single dimensional gap limit computable between modelled studs
277,annollm,Yes,0.0,,0,1.0,,,collinearity of opening centrelines across floors is pure model geometry
278,annollm,No,0.0,,0,1.0,,,compliance hinges on a supplementary structural analysis outside the model
279,annollm,Yes,0.0,,0,1.0,,,joint face alignment in plan and elevation is a single geometric check
280,annollm,No,0.0,,0,1.0,,,sealant movement capability requires material performance testing
281,annollm,Yes,0.0,,0,1.0,,,concentricity of guard and column is directly measurable in the model
282,annollm,Yes,0.0,,0,1.0,,,single concentricity relationship between modelled sleeve and pipe
283,annollm,Yes,0.0,,0,1.0,,,helix concentricity with the centre column is model geometry
284,annollm,Yes,0.0,,0,1.0,,,tolerance simply quantifies the single concentricity requirement
285,annollm,Yes,0.0,,0,1.0,,,concentric placement of column within pile cap is geometric and self-contained
286,annollm,No,0.0,,0,1.0,,,"states two independent requirements, concentricity and maximum hole diameter ratio"
287,annollm,No,0.0,,0,1.0,,,multiple requirements plus reliance on an externally specified minimum thickness
288,annollm,Yes,0.0,,0,1.0,,,"single concentricity requirement for pipe within sleeve, checkable geometrically"
289,annollm,No,0.0,,0,1.0,,,Combines two independently testable requirements (concentricity and 25 mm clearance) in one sentence.
290,annollm,Yes,0.0,,0,1.0,,,Single geometric concentricity condition decidable from model geometry.
291,annollm,Yes,0.0,,0,1.0,,,Uniformity of gap within a stated 10 mm tolerance is measurable in the model.
292,annollm,Yes,0.0,,0,1.0,,,Single explicit geometric relationship (coaxial centrelines) checkable from geometry.
293,annollm,Yes,0.0,,0,1.0,,,Quantified minimum clear distance measurable directly from model geometry.
294,annollm,Yes,0.0,,0,1.0,,,Tangency at a junction is a self-contained geometric condition.
295,annollm,Yes,0.0,,0,1.0,,,Single geometric tangency obligation between adjacent wall elements.
296,annollm,Yes,0.0,,0,1.0,,,Tangency of curved to straight kerb segments is verifiable from geometry.
297,annollm,Yes,0.0,,0,1.0,,,Tread tangency to the plan path at a defined point is a geometric check.
298,annollm,Yes,0.0,,0,1.0,,,Tangency between ramp and landing at departure point is geometrically decidable.
299,annollm,Yes,0.0,,0,1.0,,,Single quantified slope-transition limit measurable from model geometry.
300,annollm,Yes,0.0,,0,1.0,,,Quantified angular-break limit at junctions is geometric; the flow remark is only rationale.
301,annollm,Yes,0.0,,0,1.0,,,Quantified distance between curvature start and door opening is measurable in the model.
302,annollm,Yes,0.0,,0,1.0,,,Tangency with a 1-degree slope-change limit is a single computable geometric criterion.
303,annollm,Yes,0.0,,0,1.0,,,Single tangency condition between curved and straight wall geometry.
304,annollm,No,0.0,,0,1.0,,,Mixes placement options with a visibility-of-illuminated-area judgment requiring photometric/subjective assessment.
305,annollm,Yes,0.0,,0,1.0,,,Line-of-sight visibility from points in the room is computable from model geometry.
306,annollm,Yes,0.0,,0,1.0,,,Quantified 20 m coverage radius from the appliance is measurable in the model.
307,annollm,No,0.0,,0,1.0,,,"Depends on a person's lying eye position and subjective visibility judgment, not model data."
308,annollm,No,0.0,,0,1.0,,,Relies on undefined 'standard bed location' and loose furniture layout outside the model.
309,annollm,No,0.0,,0,1.0,,,"Requires functional verification that the signal indicates call registration and answering, two operational behaviors not derivable from a model."
310,annollm,Yes,0.0,,0,1.0,,,Visibility of the signal from the floor area in front of the panel is a single geometric line-of-sight check on model geometry.
311,annollm,No,0.0,,0,1.0,,,"Depends on photometric illuminated-field data and pillow/occupant position, plus two separable conditions."
312,annollm,Yes,0.0,,0,1.0,,,"Single obligation that can be tested as a geometric obstruction/clash check between the appliance sight path and modeled doors, furniture and fixtures."
313,annollm,Yes,0.0,,0,1.0,,,Single co-location requirement testable by comparing visual appliance locations with audible alarm device locations in the model.
314,annollm,No,0.0,,0,1.0,,,"Depends on an occupant's primary workstation and normal working position, project-specific and subjective data outside the model."
315,annollm,Yes,0.0,,0,1.0,,,Counting accessible lockers in each gendered locker room is a single quantitative check on model objects.
316,annollm,No,0.0,,0,1.0,,,"""Dispersed throughout"" gives no measurable criterion, requiring subjective judgment."
317,annollm,No,0.0,,0,1.0,,,"""Concentrated in a single area"" is undefined and subjective, with no threshold to evaluate."
318,annollm,Yes,0.0,,0,1.0,,,"The operative test is a stated 3 m maximum distance between accessible and standard handsets, measurable from model geometry."
319,annollm,No,0.0,,0,1.0,,,"""Distributed uniformly throughout all designated seating zones"" lacks any measurable criterion."
320,annollm,Yes,0.0,,0,1.0,,,Whether wheelchair spaces occur in more than one row can be determined by counting rows containing such spaces in the model.
321,annollm,No,0.0,,0,1.0,,,"""Comparable decision point"" and ""reliably predict"" require subjective human judgment about wayfinding."
322,annollm,No,0.0,,0,1.0,,,"Combines vague uniform distribution with a subjective ""disproportionately greater distance"" criterion and multiple separable conditions."
323,annollm,No,0.0,,0,1.0,,,Defines how slopes are measured rather than imposing a checkable obligation on the design.
324,annollm,Yes,0.0,,0,1.0,,,Single numeric slope limit fully verifiable from model surface geometry.
325,annollm,No,0.0,,0,1.0,,,Adds a purposive condition about approach and adjacent active travel lanes requiring data and judgment beyond the model.
326,annollm,Yes,0.0,,0,1.0,,,Parallel alignment of the accessible checkout aisle with other aisles is a single geometric check.
327,annollm,No,0.0,,0,1.0,,,"Relies on an undefined ""general customer flow path"" and a convoluted offset/route-length condition not derivable from the model."
328,annollm,No,0.0,,0,1.0,,,"Bundles bench orientation and clear floor space size/position, which could independently pass or fail."
329,annollm,No,0.0,,0,1.0,,,"Compound geometric obligations (parallel to each other and perpendicular to nosing line, plus consistent tread depth) that could independently pass or fail."
330,annollm,Yes,0.0,,0,1.0,,,Surface orientation and height range are directly measurable from model geometry.
331,annollm,Yes,0.0,,0,1.0,,,Single dimensional minimum length checkable against modelled counter geometry.
332,annollm,Yes,0.0,,0,1.0,,,Single orientation relationship between ramp and curb face derivable from model geometry.
333,annollm,Yes,0.0,,0,1.0,,,Single perpendicularity check between post axis and supporting surface in the model.
334,annollm,Yes,0.0,,0,1.0,,,Single geometric orientation of drain body relative to roof surface is model-derivable.
335,annollm,Yes,0.0,,0,1.0,,,Bracing orientation versus primary framing direction is a single geometric relation in the model.
336,annollm,Yes,0.0,,0,1.0,,,Single orientation requirement between modelled accessible route and approach lane.
337,annollm,Yes,0.0,,0,1.0,,,Single clear-width dimension measurable from the modelled route.
338,annollm,Yes,0.0,,0,1.0,,,Slot orientation relative to travel direction is a single geometric check on modelled surfaces.
339,annollm,Yes,0.0,,0,1.0,,,Single maximum slot-width dimension directly measurable in the model.
340,annollm,No,0.0,,0,1.0,,,"A 3 mm out-of-plumb construction tolerance requires physical measurement of as-built work, not idealized model geometry."
341,annollm,Yes,0.0,,0,1.0,,,Flushness of stud faces with plate faces is a single geometric coincidence check.
342,annollm,Yes,0.0,,0,1.0,,,"Single orientation requirement of corrugations relative to travel direction, checkable geometrically."
343,annollm,Yes,0.0,,0,1.0,,,Single maximum corrugation height dimension available from modelled grating profile.
344,annollm,Yes,0.0,,0,1.0,,,"Single geometric orientation of each ramp slope relative to its curb, computable from model geometry."
345,annollm,Yes,0.0,,0,1.0,,,Single spatial non-encroachment check between flared sides and adjacent path of travel.
346,annollm,No,0.0,,0,1.0,,,"Bundles several distinct requirements (height continuity, 300 mm extension, return termination) with a rationale clause."
347,annollm,No,0.0,,0,1.0,,,"States three independent dimensional criteria (travel distance, floor area, opening width) in one sentence."
348,annollm,No,0.0,,0,1.0,,,"Performance-based water-shedding and creep-load resistance require empirical analysis and design judgment, not model geometry."
349,annollm,No,0.0,,0,1.0,,,"Demands sealant service-life and watertightness performance provable only by testing, and bundles two requirements."
350,annollm,No,0.0,,0,1.0,,,Combines two independently failing requirements (stair extending to roof and 2-hour enclosure rating).
351,annollm,No,0.0,,0,1.0,,,States two separable requirements: landing dimension and door swing direction.
352,annollm,Yes,0.0,,0,1.0,,,Single obligation verifiable from modelled handrails on stair flights at accessible entrances.
353,annollm,Yes,0.0,,0,1.0,,,Single presence/location rule checkable from modelled grab bars and shower type attribute.
354,annollm,Yes,0.0,,0,1.0,,,"Single obligation on hardware placement, checkable from modelled door components."
355,annollm,Yes,0.0,,0,1.0,,,Single placement requirement verifiable from modelled outlets relative to the workbench.
356,annollm,Yes,0.0,,0,1.0,,,Single requirement decidable by counting accessible fixtures in each restroom in the model.
357,annollm,No,0.0,,0,1.0,,,Bundles two separable geometric equalities (height and projection) in one clause.
358,annollm,No,0.0,,0,1.0,,,Includes an unquantified functional criterion about vehicle doors opening fully.
359,annollm,Yes,0.0,,0,1.0,,,Single geometric alignment condition computable from modelled aisle positions.
360,annollm,No,0.0,,0,1.0,,,"Combines distribution, distance, height and orientation criteria as multiple independent requirements."
361,annollm,No,0.0,,0,1.0,,,Relies on subjective visual contrast and an unspecified 'eye level' not derivable from the model.
362,annollm,Yes,0.0,,0,1.0,,,Single prohibition checkable from stairway openings and adjacent occupancy attributes.
363,annollm,Yes,0.0,,0,1.0,,,Single conditional obligation with a stated area threshold and modelled access elements.
364,annollm,No,0.0,,0,1.0,,,Vague 'shall not obstruct' criterion with no measurable threshold in the sentence.
365,annollm,Yes,0.0,,0,1.0,,,Single quantified clear-width requirement measurable from model geometry.
366,annollm,Yes,0.0,,0,1.0,,,Single spatial relationship between door location and modelled accessible route.
367,annollm,Yes,0.0,,0,1.0,,,Single dimensional clear-opening requirement verifiable from door geometry.
368,annollm,No,0.0,,0,1.0,,,States two separable requirements: area ratio limit and provision of access means.
369,annollm,No,0.0,,0,1.0,,,"""Obstruct required natural light or ventilation"" needs judgment/daylight-airflow analysis and bundles two distinct requirements"
370,annollm,No,0.0,,0,1.0,,,Bundles a route-isolation condition with a comparative path-length limit that could independently fail
371,annollm,Yes,0.0,,0,1.0,,,Presence of independent duct supports on each side of the wall is a single geometric/relational check in the model
372,annollm,Yes,0.0,,0,1.0,,,Existence of a sleeve around pipes passing through masonry walls is verifiable from modeled objects
373,annollm,Yes,0.0,,0,1.0,,,"Compares the glazing panel's fire rating to the host door assembly's rating, both model properties"
374,annollm,No,0.0,,0,1.0,,,"Requires a ""listed"" enclosure, i.e. product certification beyond model data"
375,annollm,Yes,0.0,,0,1.0,,,Single property comparison of access panel rating to host assembly rating
376,annollm,No,0.0,,0,1.0,,,Two hardware performance requirements (self-closing and positive-latching) verifiable only by inspection/testing
377,annollm,Yes,0.0,,0,1.0,,,Concrete cover to embedded conduit is a purely geometric measurement
378,annollm,Yes,0.0,,0,1.0,,,Cross-sectional area ratio of equipment to shaft is computable from model geometry as one limit
379,annollm,Yes,0.0,,0,1.0,,,Single explicit clear-dimension check on the shaft interior
380,annollm,Yes,0.0,,0,1.0,,,Presence of a fire-rated access door at each compartment-boundary floor level is verifiable in the model
381,annollm,No,0.0,,0,1.0,,,States two independently failing requirements: containment/access location and minimum clear dimensions
382,annollm,Yes,0.0,,0,1.0,,,Seat presence and its position on the wall opposite the controls is a single geometric relation
383,annollm,Yes,0.0,,0,1.0,,,Single connectivity requirement decidable by tracing egress paths in the model
384,annollm,Yes,0.0,,0,1.0,,,Conditional geometric check of floor-plate width and relative location of exits
385,annollm,Yes,0.0,,0,1.0,,,System topology (heat exchanger between collector and storage vessel) is readable from the model
386,annollm,Yes,0.0,,0,1.0,,,Anchor spacing along the guardrail is a single dimensional check
387,annollm,No,0.0,,0,1.0,,,"Load resistance without permanent deformation requires structural testing or analysis, not model data"
388,annollm,No,0.0,,0,1.0,,,"Sealing, fastening and resistance to uplift/thermal movement are multiple workmanship/performance conditions requiring inspection"
389,annollm,Yes,0.0,,0,1.0,,,"Flexible duct segment type and its ≤1000 mm length at VAV connections are modelled MEP geometry, the vibration wording being mere rationale."
390,annollm,Yes,0.0,,0,1.0,,,Continuity of the handrail gripping surface between landing termini through newel posts is a geometric continuity check on modelled elements.
391,annollm,No,0.0,,0,1.0,,,It bundles two independently failable conditions (same height and same cross-section at the corner fitting).
392,annollm,Yes,0.0,,0,1.0,,,A single dimensional limit (19 mm maximum gap along the gripping surface) is measurable from model geometry.
393,annollm,No,0.0,,0,1.0,,,"Combines a fixing-spacing limit with a separate bonded membrane patch requirement, and bonding quality needs physical inspection."
394,annollm,No,0.0,,0,1.0,,,"Depends on the project-specific 'highest designed water level', external data not present in a standard model."
395,annollm,No,0.0,,0,1.0,,,"Administrative submission with a 30-day deadline, not verifiable from a model."
396,annollm,No,0.0,,0,1.0,,,"Requires commissioning measurement and verification against design values, beyond model data."
397,annollm,No,0.0,,0,1.0,,,"Documentary submission requirement for a permit application, not a model-checkable building property."
398,annollm,No,0.0,,0,1.0,,,"Concerns certificate documentation format and multiple calculated energy values, not model geometry."
399,annollm,No,0.0,,0,1.0,,,Requires a rating document containing multiple calculated performance values external to the BIM model.
400,annollm,No,0.0,,0,1.0,,,Requires a physical air-tightness test and a report with testing-organisation details.
401,annollm,No,0.0,,0,1.0,,,"Procedural hand-over of a test report to the owner, unverifiable in a model."
402,annollm,Yes,0.0,,0,1.0,,,Presence of a sign bearing the International Symbol of Accessibility on the accessible route is a single checkable model attribute.
403,annollm,No,0.0,,0,1.0,,,"Prescribes contents of a fire safety plan document, listing many independently failable items."
404,annollm,No,0.0,,0,1.0,,,Drawing legibility at a chosen scale is a subjective document-quality judgment.
405,annollm,No,0.0,,0,1.0,,,"Assignment of parking spaces is an operational/administrative matter, not a model property."
406,annollm,No,0.0,,0,1.0,,,"Availability to permit holders is a management policy, not verifiable from a BIM model."
407,annollm,No,0.0,,0,1.0,,,"Requires comparative judgment across fire, structural and accessibility provisions plus external submission evidence."
408,annollm,Yes,0.0,,0,1.0,,,Height above the lowest fire-department access level and sprinkler coverage of floors above are single checkable geometric/system conditions.
409,annollm,No,0.0,,0,1.0,,,"Operational status before occupancy requires inspection/commissioning and construction sequencing, not model geometry."
410,annollm,Yes,0.0,,0,1.0,,,"Area ratio limit computable from model geometry, with the summation clause merely specifying the calculation method."
411,annollm,No,0.0,,0,1.0,,,"Requires an area-weighted thermal performance analysis against a hypothetical reference facade, i.e. energy calculation beyond model data."
412,annollm,Yes,0.0,,0,1.0,,,Presence of at least one accessible compartment per toilet room on accessible floors is a countable model check.
413,annollm,No,0.0,,0,1.0,,,States a calculation definition rather than imposing a compliance obligation on the building.
414,annollm,No,0.0,,0,1.0,,,Defines how net volume is computed rather than prescribing a checkable building condition.
415,annollm,Yes,0.0,,0,1.0,,,Mounting height alternative with a 'whichever is lower' rule is a single dimensional check from model geometry.
416,annollm,Yes,0.0,,0,1.0,,,"Simple spatial prohibition on device placement relative to partitions, verifiable geometrically."
417,annollm,Yes,0.0,,0,1.0,,,"Sign presence, side of door and sightline from the stairwell are derivable from model geometry."
418,annollm,No,0.0,,0,1.0,,,Visibility 'without the user having to move' depends on user perception and subjective judgment.
419,annollm,No,0.0,,0,1.0,,,Compound requirement whose 'distributed uniformly' criterion is vague and judgment-based.
420,annollm,No,0.0,,0,1.0,,,'Consistent locations' is subjective and it combines two independently failing requirements with the height range.
421,annollm,Yes,0.0,,0,1.0,,,Existence of accessible seating on each balcony level is directly countable in the model.
422,annollm,Yes,0.0,,0,1.0,,,Prohibition on confining accessible seating to certain levels is decidable from seating locations in the model.
423,annollm,No,0.0,,0,1.0,,,"Air velocity in the occupied zone requires airflow measurement or CFD analysis, not model data."
424,annollm,Yes,0.0,,0,1.0,,,Collinearity of penetration and riser centrelines within 10 mm is a pure geometric tolerance check.
425,annollm,Yes,0.0,,0,1.0,,,Plan collinearity of tread nosings within a flight is verifiable from model geometry alone.
426,annollm,Yes,0.0,,0,1.0,,,"Concentricity of flange and pipe bore is a geometric relation, the gasket clause being only stated intent."
427,annollm,No,0.0,,0,1.0,,,Concentricity of a bolt circle with a planar flange face is geometrically ill-defined and bolt-circle detail is not standard model content.
428,annollm,Yes,0.0,,0,1.0,,,Anchor bolt arrangement about the centroid at equal spacing and radius is one geometric pattern check on modelled elements.
429,annollm,No,0.0,,0,1.0,,,"""Seats uniformly"" is a workmanship condition requiring physical inspection, and it bundles concentricity with a gap limit."
430,annollm,Yes,0.0,,0,1.0,,,"Single geometric relationship between marked space boundaries and the adjacent traffic lane, decidable from model geometry."
431,annollm,Yes,0.0,,0,1.0,,,Single self-contained geometric centring requirement checkable from clear floor space and fixture geometry.
432,annollm,Yes,0.0,,0,1.0,,,Single parallelism condition between modeled clear floor space and mounting wall.
433,annollm,Yes,0.0,,0,1.0,,,Orientation of ramp running slope versus the modeled accessible route is a single computable geometric check.
434,annollm,Yes,0.0,,0,1.0,,,"Single parallelism requirement between tactile strip and kerb line, both modelable."
435,annollm,Yes,0.0,,0,1.0,,,Single dimensional extent requirement measurable against crossing geometry.
436,annollm,Yes,0.0,,0,1.0,,,Landing orientation relative to ramp travel direction is a single geometric relation derivable from the model.
437,annollm,Yes,0.0,,0,1.0,,,"Travel direction is defined by two modeled elements (transfer seat and controls), so slot orientation is computable."
438,annollm,No,0.0,,0,1.0,,,"Uniform bearing and no-shimming outcome is a construction/inspection matter, not derivable from the model."
439,annollm,No,0.0,,0,1.0,,,"""Consistent vertical surface"" is a subjective appearance judgment beyond geometric plumbness."
440,annollm,No,0.0,,0,1.0,,,States two independently failing requirements: minimum width and maximum gradient change at the tangent.
441,annollm,Yes,0.0,,0,1.0,,,Single tangency/no-deflection geometric condition at pipe centreline joints.
442,annollm,Yes,0.0,,0,1.0,,,"Single tangency condition between landing surface and ramp slope, computable from geometry."
443,annollm,No,0.0,,0,1.0,,,"""Equivalent accessible provision"" is a vague qualitative judgment rather than a determinate model check."
444,annollm,No,0.0,,0,1.0,,,"Combines two separable conditions, equal height and identical gripping profile, the latter subjective."
445,annollm,Yes,0.0,,0,1.0,,,Presence of switches on both sides with a defined reach condition is checkable from element placement.
446,annollm,No,0.0,,0,1.0,,,"""Reachable from both sides"" is a subjective usability judgment combined with a separate height limit."
447,annollm,Yes,0.0,,0,1.0,,,Single topological requirement that the door opens directly onto the accessible route without intervening rooms.
448,annollm,Yes,0.0,,0,1.0,,,"Single countable provision of one accessible restroom per elevator-served floor, decidable from the model."
449,annollm,Yes,0.0,,0,1.0,,,Obligation testable from model topology: restroom location relative to accessible route on elevator-served floors.
450,annollm,No,0.0,,0,1.0,,,"Requires a 'listed' certified enclosure and restored fire rating, which needs product certification, not model data."
451,annollm,Yes,0.0,,0,1.0,,,"Core obligation is a measurable 150 mm positional tolerance relative to the ceiling plane, checkable in geometry."
452,annollm,No,0.0,,0,1.0,,,"Compliance depends on listing/certification of the enclosure and preserved rating, not model information."
453,annollm,Yes,0.0,,0,1.0,,,Prohibition on routing cold and hot pipes in one duct or sleeve is decidable from modelled routing; the rest is rationale.
454,annollm,No,0.0,,0,1.0,,,Air leakage of no more than 3% of design flow can only be established by physical testing.
455,annollm,No,0.0,,0,1.0,,,Whether a slip joint accommodates movement without load transfer requires structural analysis and detailing judgment.
456,annollm,No,0.0,,0,1.0,,,A 1.5 kN load and 25 mm deflection limit demand structural load testing or analysis outside the model.
457,annollm,No,0.0,,0,1.0,,,"Recording intervals and 12-month data retention are operational, timed verifications, not model attributes."
458,annollm,Yes,0.0,,0,1.0,,,Openable clear area of at least 1/20 of room floor area is a self-contained geometric calculation.
459,annollm,Yes,0.0,,0,1.0,,,Single explicit 1800 mm minimum width dimension checkable against modelled passing place.
460,annollm,Yes,0.0,,0,1.0,,,Maximum 25 m spacing of passing places along the route is measurable in the model.
461,annollm,Yes,0.0,,0,1.0,,,Concentricity and 5 mm width uniformity of the gap form one geometric check on modelled slab opening.
462,annollm,Yes,0.0,,0,1.0,,,Equality of aisle widths on each side is a direct geometric comparison of modelled dimensions.
463,annollm,No,0.0,,0,1.0,,,"Requires an audit record/document, which is external certification evidence rather than model data."
464,annollm,No,0.0,,0,1.0,,,Heading fragment with no obligation.
465,annollm,No,0.0,,0,1.0,,,Requirement content resides in cited clause 405.7.
466,annollm,No,0.0,,0,1.0,,,Mere cross-reference to section 308 with no self-contained criteria.
467,annollm,No,0.0,,0,1.0,,,Content is deferred to cited section 808.
468,annollm,No,0.0,,0,1.0,,,Cross-reference to section 238 provides no checkable criterion.
469,annollm,No,0.0,,0,1.0,,,"Requirement is delegated to cited clause 303, so the sentence is not self-contained."
470,annollm,No,0.0,,0,1.0,,,Merely cross-references section 225 without stating the requirement.
471,annollm,No,0.0,,0,1.0,,,"Content resides in cited section 231, not in the sentence."
472,annollm,No,0.0,,0,1.0,,,Pure cross-reference to section 239.
473,annollm,No,0.0,,0,1.0,,,Refers to another clause and an external standard (ASME A17.1).
474,annollm,No,0.0,,0,1.0,,,Cross-reference only; substantive criteria are elsewhere.
475,annollm,No,0.0,,0,1.0,,,Grants permission ('shall be permitted') rather than imposing an obligation.
476,annollm,No,0.0,,0,1.0,,,Requirement is contained in cited clause 240.2.
477,annollm,No,0.0,,0,1.0,,,Delegates the criteria to clause 404.3.
478,annollm,No,0.0,,0,1.0,,,Delegates the criteria to clause 404.2.6.
479,annollm,No,0.0,,0,1.0,,,"'Integral part of the seating plan' is a subjective design judgment, not a model-decidable metric."
480,annollm,No,0.0,,0,1.0,,,States an exemption from compliance rather than a checkable obligation.
481,annollm,No,0.0,,0,1.0,,,"Advisory explanatory statement about material behaviour, no obligation."
482,annollm,No,0.0,,0,1.0,,,Clearance values are held in cited clause 404.2.4.
483,annollm,No,0.0,,0,1.0,,,"Maneuvering clearance dimensions are in the referenced clause, not the sentence."
484,annollm,No,0.0,,0,1.0,,,"Permissive allowance, not a mandatory requirement."
485,annollm,No,0.0,,0,1.0,,,"Advisory preference with rationale, not an enforceable obligation."
486,annollm,No,0.0,,0,1.0,,,Exemption clause relieving compliance rather than imposing a requirement.
487,annollm,No,0.0,,0,1.0,,,Requirements deferred to cited clauses 407.2.1 and 309.4.
488,annollm,No,0.0,,0,1.0,,,"Performance goal depending on external golf-car dimensions and functional assessment, not stated criteria."
489,annollm,No,0.0,,0,1.0,,,"Applicability statement deferring to other chapters, no self-contained obligation."
490,annollm,No,0.0,,0,1.0,,,Requirement depends on the cited clause 806.2.3 for the clear floor space criteria.
491,annollm,No,0.0,,0,1.0,,,Exemption/permission that relies on referenced sections 904.3 and 703.7.2.1.
492,annollm,No,0.0,,0,1.0,,,"Advisory recommendation about dexterity, not an enforceable model-checkable obligation."
493,annollm,No,0.0,,0,1.0,,,Scoping sentence whose content lies in referenced sections 227 and 904.
494,annollm,No,0.0,,0,1.0,,,"Explanatory commentary on roll resistance, imposes no requirement."
495,annollm,No,0.0,,0,1.0,,,Definitional statement classifying space as toe clearance rather than imposing a requirement.
496,annollm,No,0.0,,0,1.0,,,Permissive exception ('shall be permitted') rather than an obligation.
497,annollm,No,0.0,,0,1.0,,,Relies on referenced section 902 and the subjective notion of being 'dispersed'.
498,annollm,Yes,0.0,,0,1.0,,,Conditional obligation whose trigger and required TTY provision are both readable from model contents.
499,annollm,No,0.0,,0,1.0,,,"Definitional exclusion describing what is not toe clearance, not an obligation."
500,annollm,No,0.0,,0,1.0,,,Scoping sentence pointing to section 232 for the actual requirements.
501,annollm,No,0.0,,0,1.0,,,'Maximum extent feasible' and 'readily accessible and usable' require subjective judgment beyond the model.
502,annollm,No,0.0,,0,1.0,,,"Advisory list of decision factors, not a requirement and not model-verifiable."
503,annollm,No,0.0,,0,1.0,,,Definition of a destination-oriented elevator system with no obligation.
504,annollm,No,0.0,,0,1.0,,,"Advisory guidance on convenience factors, unverifiable from a model."
505,annollm,No,0.0,,0,1.0,,,Feasibility qualifier and multiple independently failing elements make it non-checkable.
506,annollm,No,0.0,,0,1.0,,,Refers to external ADA and Section 504 regulations and program-level administrative facts.
507,annollm,No,0.0,,0,1.0,,,Encouragement/recommendation with subjective 'equivalent experience' criterion.
508,annollm,No,0.0,,0,1.0,,,"Depends on feasibility judgment, project history dates, and subjective usability assessment."
509,annollm,No,0.0,,0,1.0,,,"Merely cross-references clause 403, not self-contained."
510,annollm,No,0.0,,0,1.0,,,Requirement content resides in cited section 1008.
511,annollm,No,0.0,,0,1.0,,,Pure cross-reference to 1006 with no checkable content.
512,annollm,No,0.0,,0,1.0,,,Defers entirely to section 904.3.
513,annollm,No,0.0,,0,1.0,,,Cross-reference only; no measurable criterion stated.
514,annollm,No,0.0,,0,1.0,,,Content is in cited clause 1008.3.1.
515,annollm,No,0.0,,0,1.0,,,"Conditional cross-reference to 810.3, no explicit criterion."
516,annollm,No,0.0,,0,1.0,,,Refers to section 1003 for the actual requirements.
517,annollm,No,0.0,,0,1.0,,,Cross-reference to 1002.4 without stated parameters.
518,annollm,No,0.0,,0,1.0,,,Requirement content lies in cited 209.2.
519,annollm,No,0.0,,0,1.0,,,Cross-references two clauses and covers two independent items.
520,annollm,No,0.0,,0,1.0,,,Compliance requires physical impact testing per an external ASTM standard.
521,annollm,No,0.0,,0,1.0,,,Alternative cross-references; criteria not in sentence.
522,annollm,No,0.0,,0,1.0,,,Quantity of guest rooms is defined in referenced section 224.
523,annollm,No,0.0,,0,1.0,,,Grants permission rather than imposing an obligation.
524,annollm,No,0.0,,0,1.0,,,Refers wholesale to Chapter 4 for the requirements.
525,annollm,No,0.0,,0,1.0,,,Content deferred to Sections 1009.4.1–1009.4.5.
526,annollm,No,0.0,,0,1.0,,,Cross-reference to a range of sections; no self-contained criterion.
527,annollm,No,0.0,,0,1.0,,,Permissive statement relying on cited clause 902.4.
528,annollm,No,0.0,,0,1.0,,,Requirements for signs are specified in referenced 216.9.
529,annollm,No,0.0,,0,1.0,,,"Compliance is defined only by cited clause 904, not stated in the sentence."
530,annollm,No,0.0,,0,1.0,,,Requirement content resides in cited section 1002.5.
531,annollm,No,0.0,,0,1.0,,,Defers entirely to cited provision 1008.2.6.
532,annollm,No,0.0,,0,1.0,,,Refers to Section 309.4 and includes an in-use obstruction condition not model-decidable.
533,annollm,No,0.0,,0,1.0,,,Substance is in cited section 1008.3.
534,annollm,No,0.0,,0,1.0,,,Requirement is delegated to cited section 308.
535,annollm,No,0.0,,0,1.0,,,Depends on cited section 1008.2.5 for criteria.
536,annollm,No,0.0,,0,1.0,,,"Two separate obligations, each pointing to external clauses."
537,annollm,No,0.0,,0,1.0,,,Depends on project-specific buyer requests outside the model.
538,annollm,No,0.0,,0,1.0,,,Exception requiring subjective demonstration of structural impracticability.
539,annollm,No,0.0,,0,1.0,,,Multiple independent requirements referencing external clauses.
540,annollm,No,0.0,,0,1.0,,,Criteria located in cited section 810.2 and depends on transit designation data.
541,annollm,No,0.0,,0,1.0,,,Vague reference to requirements for the altered element plus existing-condition knowledge.
542,annollm,No,0.0,,0,1.0,,,Needs external fixed-route service data and unspecified dimensional criteria.
543,annollm,No,0.0,,0,1.0,,,Several independent requirements delegated to cited sections 707 and 811.
544,annollm,No,0.0,,0,1.0,,,States an exemption rather than an obligation.
545,annollm,No,0.0,,0,1.0,,,"Exemption, and surface stability/slip resistance is not model-verifiable anyway."
546,annollm,No,0.0,,0,1.0,,,Relies on external table and cited section 1008.4.
547,annollm,No,0.0,,0,1.0,,,"Choice of external standards tied to construction dates, not model data."
548,annollm,No,0.0,,0,1.0,,,Definitional/exclusionary statement referencing another clause.
549,annollm,No,0.0,,0,1.0,,,"Depends on cited sections, external standards and construction dates, not model data."
550,annollm,No,0.0,,0,1.0,,,"Requires external standards (UFAS, 1991 Standards) and historical dates outside the model."
551,annollm,No,0.0,,0,1.0,,,Cites Table 227.2 and 904.3 and bundles several independently failing requirements.
552,annollm,No,0.0,,0,1.0,,,Permissive ('may comply') and reliant on external standards and construction timing.
553,annollm,No,0.0,,0,1.0,,,Not a requirement; a place and date line.
554,annollm,No,0.0,,0,1.0,,,"Section heading, not a whole normative statement."
555,annollm,No,0.0,,0,1.0,,,Fragment/heading with no obligation.
556,annollm,No,0.0,,0,1.0,,,"Section heading, not a requirement."
557,annollm,No,0.0,,0,1.0,,,'Safe and appropriate' is subjective and unmeasurable in a model.
558,annollm,No,0.0,,0,1.0,,,"Permissive statement of options, not an obligation."
559,annollm,No,0.0,,0,1.0,,,"Descriptive fragment about climate, no checkable obligation."
560,annollm,No,0.0,,0,1.0,,,"States an external climatic/design input value, not a model-verifiable obligation."
561,annollm,No,0.0,,0,1.0,,,"Annex title, not a requirement."
562,annollm,No,0.0,,0,1.0,,,Permissive/advisory and requires structural analysis of reversibility.
563,annollm,No,0.0,,0,1.0,,,"Section heading, not a normative sentence."
564,annollm,No,0.0,,0,1.0,,,"Explanatory statement about a calculation method, no obligation."
565,annollm,No,0.0,,0,1.0,,,"Section heading, not a requirement."
566,annollm,Yes,0.0,,0,1.0,,,Prescribes a single explicit design room-temperature value checkable against space parameters.
567,annollm,No,0.0,,0,1.0,,,Permissive and depends on an external annex method.
568,annollm,No,0.0,,0,1.0,,,Scope exception referring to 'the above'; imposes no self-contained requirement.
569,annollm,No,0.0,,0,1.0,,,"Permissive fragment with subjective framing, no checkable obligation."
570,annollm,No,0.0,,0,1.0,,,Vague performance goal ('suitable for their use') requiring subjective judgment.
571,annollm,No,0.0,,0,1.0,,,"Scope/applicability statement, not an obligation on the model."
572,annollm,No,0.0,,0,1.0,,,'Safe and appropriate' is subjective with no measurable criterion.
573,annollm,No,0.0,,0,1.0,,,"Performance goal about safe use requiring judgment/analysis, no verifiable metric."
574,annollm,No,0.0,,0,1.0,,,Exception fragment depending on a preceding clause for its content.
575,annollm,No,0.0,,0,1.0,,,No dimensional threshold given; 'enable assistance' needs subjective assessment.
576,annollm,No,0.0,,0,1.0,,,"Fragmentary climatic adjustment rule requiring external site data, not a model obligation."
577,annollm,No,0.0,,0,1.0,,,"Definitional statement about load values, no self-contained checkable obligation."
578,annollm,No,0.0,,0,1.0,,,Determination method referring to an external standard curve and fire testing.
579,annollm,No,0.0,,0,1.0,,,'Proportionate to loads and goods traffic' needs external project data and judgment.
580,annollm,No,0.0,,0,1.0,,,"Classification heading fragment, no obligation stated."
581,annollm,No,0.0,,0,1.0,,,"Prescribes an energy calculation procedure, not a condition decidable from model geometry alone."
582,annollm,No,0.0,,0,1.0,,,"Definition of indoor climate, not a requirement."
583,annollm,No,0.0,,0,1.0,,,"Definition of recirculation air, not a requirement."
584,annollm,No,0.0,,0,1.0,,,Control design 'in accordance with activities' is subjective and use-dependent.
585,annollm,No,0.0,,0,1.0,,,"Permissive classification fragment, not an enforceable single obligation."
586,annollm,No,0.0,,0,1.0,,,"Disjunctive disposal options depend on external municipal/site data, not model content."
587,annollm,No,0.0,,0,1.0,,,No numeric riser/tread ratio given; 'easy to use' is subjective.
588,annollm,No,0.0,,0,1.0,,,Impermeability of waterproofing can only be confirmed by physical testing/inspection.
589,annollm,No,0.0,,0,1.0,,,"Pure definition of a term, imposing no obligation."
590,annollm,No,0.0,,0,1.0,,,Permissive ('may') and defers to requirements elsewhere in the section.
591,annollm,No,0.0,,0,1.0,,,Explicitly labelled qualitative/subjective and merely permissive ('may require').
592,annollm,No,0.0,,0,1.0,,,Requires hazard judgment/analysis rather than model-derivable criteria.
593,annollm,No,0.0,,0,1.0,,,'Easy to open' is subjective and would need physical testing of operating force.
594,annollm,No,0.0,,0,1.0,,,Depends on external weather data given in Annex 1.
595,annollm,No,0.0,,0,1.0,,,Permissive classification statement requiring fire load density data outside the model.
596,annollm,No,0.0,,0,1.0,,,"Combines separate duct provision and negative-pressure design, the latter needing airflow analysis."
597,annollm,No,0.0,,0,1.0,,,Refers to the respective design documents and site-condition suitability requiring certification.
598,annollm,No,0.0,,0,1.0,,,"Definition of the E-value, not an obligation."
599,annollm,No,0.0,,0,1.0,,,Duty on designers with subjective priority of 'first solution' and site-specific infiltration data.
600,annollm,No,0.0,,0,1.0,,,Defines a difficulty class and relies on subjective judgment of 'exceptionally strict'.
601,annollm,No,0.0,,0,1.0,,,"Definition of calculated delivered energy consumption, no obligation."
602,annollm,No,0.0,,0,1.0,,,Descriptive classification list rather than a checkable obligation.
603,annollm,No,0.0,,0,1.0,,,"Heading/title fragment, not a whole requirement statement."
604,annollm,No,0.0,,0,1.0,,,"Heading/title fragment, not a whole requirement statement."
605,annollm,No,0.0,,0,1.0,,,Relaxation/permission ('need not') rather than an obligation.
606,annollm,No,0.0,,0,1.0,,,Compliance depends on physical testing or empirical analysis.
607,annollm,Yes,0.0,,0,1.0,,,Self-contained mandatory measurement rule decidable from model geometry.
608,annollm,No,0.0,,0,1.0,,,Requires external 'design values' and energy calculation inputs not in the model.
609,annollm,No,0.0,,0,1.0,,,Sentence fragment that merely cites a procedure in an external standard annex.
610,annollm,No,0.0,,0,1.0,,,Definitional statement of load factor values deferring to national choices in SFS-EN 1990.
611,annollm,No,0.0,,0,1.0,,,"Scope statement, not an obligation, and depends entirely on an external standard."
612,annollm,No,0.0,,0,1.0,,,Fragment explicitly requiring project-specific assessment rather than model-based checking.
613,annollm,No,0.0,,0,1.0,,,"Scope statement referring to an external standard, imposing no checkable obligation."
614,annollm,No,0.0,,0,1.0,,,"Requires recommended values from a cited standard, which are not in the sentence."
615,annollm,No,0.0,,0,1.0,,,"Requires recommended values from a cited standard, which are not in the sentence."
616,annollm,No,0.0,,0,1.0,,,"Concerns physical instrument calibration and measurement practice, not model geometry, and bundles several duties."
617,annollm,No,0.0,,0,1.0,,,"Fragment describing case-by-case assessment, not a self-contained obligation."
618,annollm,No,0.0,,0,1.0,,,Requires site-specific acoustic data and design judgment external to the model.
619,annollm,No,0.0,,0,1.0,,,"Conditioned on subjective leakage risk and bundles inspection, repair and replacement access."
620,annollm,No,0.0,,0,1.0,,,"Depends on a project-specific risk assessment, not model data."
621,annollm,No,0.0,,0,1.0,,,Permissive and relies on a physical full-scale fire test.
622,annollm,No,0.0,,0,1.0,,,Mandates a procedural risk assessment process that cannot be verified from a BIM model.
623,annollm,No,0.0,,0,1.0,,,Load values must be taken from cited decrees not contained in the sentence.
624,annollm,No,0.0,,0,1.0,,,"The 'numerical values' are in an external table, and acoustic performance requires testing/analysis."
625,annollm,No,0.0,,0,1.0,,,"Requires dynamic energy simulation with external climate and system data, not a model-only check."
626,annollm,No,0.0,,0,1.0,,,"Assigns responsibility for on-site moisture measurement, a physical inspection matter."
627,annollm,No,0.0,,0,1.0,,,Discretionary authority power involving subjective demandingness and timed evacuation calculation.
628,annollm,No,0.0,,0,1.0,,,Applicability/definitional statement about a factor rather than an obligation on the building.
629,annollm,No,0.0,,0,1.0,,,"Fragmentary annotation citing an external annex, not a self-contained obligation."
630,annollm,No,0.0,,0,1.0,,,"Values must be taken from an external act, so not decidable from the model."
631,annollm,No,0.0,,0,1.0,,,Sentence fragment referring to unspecified external specification.
632,annollm,No,0.0,,0,1.0,,,Fragment describing guidance in an annex rather than imposing a checkable obligation.
633,annollm,No,0.0,,0,1.0,,,"Performance requirement needing external climatic data and thermal analysis, not model geometry."
634,annollm,No,0.0,,0,1.0,,,Definition of design-task difficulty relying on subjective judgment.
635,annollm,No,0.0,,0,1.0,,,"Classificatory definition, not an obligation, and subjectively worded."
636,annollm,No,0.0,,0,1.0,,,Permission conditioned on a designer's expert determination and soil/groundwater data.
637,annollm,No,0.0,,0,1.0,,,"Definition of difficulty category, no checkable obligation."
638,annollm,No,0.0,,0,1.0,,,Definition with subjective criteria about 'special demands'.
639,annollm,No,0.0,,0,1.0,,,Definitional classification requiring subjective assessment.
640,annollm,No,0.0,,0,1.0,,,"Definition of an exceptionally difficult task, subjective and non-obligatory."
641,annollm,No,0.0,,0,1.0,,,Definitional statement with subjective and multi-part criteria.
642,annollm,No,0.0,,0,1.0,,,Obligation delegated entirely to cited clause 216.4.
643,annollm,No,0.0,,0,1.0,,,"Exemption rather than obligation, and depends on operational/security policy."
644,annollm,No,0.0,,0,1.0,,,"Advisory recommendation, not a mandatory requirement."
645,annollm,No,0.0,,0,1.0,,,"Waiver of a requirement, dependent on cited clauses."
646,annollm,No,0.0,,0,1.0,,,References clause 305 and bundles separate location and non-overlap requirements.
647,annollm,No,0.0,,0,1.0,,,"Definitional scoping statement, plus depends on tenant/use information outside the model."
648,annollm,No,0.0,,0,1.0,,,Vague 'dispersed throughout' criterion tied to cited clause 1003.3.1.
649,annollm,No,0.0,,0,1.0,,,States an exemption that hinges on cited clause 240.2.1.2 rather than imposing a self-contained obligation.
650,annollm,No,0.0,,0,1.0,,,"""Comparable"" plus a list of weighed factors requires subjective judgment and external project data."
651,annollm,No,0.0,,0,1.0,,,"Advisory statement about reproduction, not a building requirement."
652,annollm,No,0.0,,0,1.0,,,"Informational/permissive text about obtaining copies, no model-checkable obligation."
653,annollm,No,0.0,,0,1.0,,,Refers compliance to section 302 and bundles a second independent prohibition on level changes.
654,annollm,No,0.0,,0,1.0,,,"Permission (""shall be permitted"") concerning audible output, not a checkable obligation."
655,annollm,No,0.0,,0,1.0,,,Exception depending on cited section 608.4 and concealed wall reinforcement that requires inspection.
656,annollm,No,0.0,,0,1.0,,,Exception relying on cited section 608.3 and hidden reinforcement not verifiable from geometry alone.
657,annollm,No,0.0,,0,1.0,,,"Purely informational guidance with contact details, no obligation."
658,annollm,No,0.0,,0,1.0,,,Exemption conditioned on concealed reinforcement and cited section 607.4.
659,annollm,No,0.0,,0,1.0,,,Bare cross-reference; the actual criteria lie in section 504.
660,annollm,No,0.0,,0,1.0,,,"Content deferred to sections 307 and 602, and two references could fail independently."
661,annollm,No,0.0,,0,1.0,,,Requirement content resides in cited section 407.4.7.1 and subsections.
662,annollm,No,0.0,,0,1.0,,,"Criteria deferred to cited sections 302 and 303, not stated in the sentence."
663,annollm,No,0.0,,0,1.0,,,"Invokes ASME A18.1 and operational conditions (attendant operation, unassisted entry) not verifiable from a model."
664,annollm,No,0.0,,0,1.0,,,Cites sections 609 and 604.5.1 and combines two separately failable requirements.
665,annollm,No,0.0,,0,1.0,,,Definitional/illustrative list of examples rather than an obligation.
666,annollm,No,0.0,,0,1.0,,,"Section heading fragment, not a grammatically whole requirement."
667,annollm,No,0.0,,0,1.0,,,Bare cross-reference to section 611 for the substantive criteria.
668,annollm,No,0.0,,0,1.0,,,"Sign specifications deferred to cited 703.5 and scope depends on ""stations covered by this section""."
669,annollm,No,0.0,,0,1.0,,,Compliance depends on an external cited clause (703.5).
670,annollm,No,0.0,,0,1.0,,,Deeming provision requiring project cost data outside the model.
671,annollm,No,0.0,,0,1.0,,,"States an exemption/permission with occupancy-use conditions, not a checkable obligation."
672,annollm,No,0.0,,0,1.0,,,"Section heading, not a complete requirement."
673,annollm,No,0.0,,0,1.0,,,"Section heading, not a complete requirement."
674,annollm,No,0.0,,0,1.0,,,"Chapter heading, not a complete requirement."
675,annollm,No,0.0,,0,1.0,,,"Section heading, not a complete requirement."
676,annollm,No,0.0,,0,1.0,,,"Section heading, not a complete requirement."
677,annollm,No,0.0,,0,1.0,,,"Section heading, not a complete requirement."
678,annollm,No,0.0,,0,1.0,,,"Section heading, not a complete requirement."
679,annollm,No,0.0,,0,1.0,,,"Definition/classification statement imposing no obligation, and 'significant' is subjective."
680,annollm,No,0.0,,0,1.0,,,"Requires designer judgment and multiple non-geometric load factors, not model-verifiable."
681,annollm,No,0.0,,0,1.0,,,"Definition of a term, no obligation."
682,annollm,No,0.0,,0,1.0,,,"Definition of a term, no obligation."
683,annollm,No,0.0,,0,1.0,,,"Definition of a component, no obligation."
684,annollm,No,0.0,,0,1.0,,,"Definition of a product, no obligation."
685,annollm,No,0.0,,0,1.0,,,"Definition of an acoustic metric requiring measurement, no obligation."
686,annollm,No,0.0,,0,1.0,,,"Definition of a term, no obligation."
687,annollm,No,0.0,,0,1.0,,,"Definition referencing performance over an unstated period, no checkable obligation."
688,annollm,No,0.0,,0,1.0,,,"Definition of a calculated metric, imposes no requirement."
689,annollm,No,0.0,,0,1.0,,,"Bare section heading, not a whole requirement statement."
690,annollm,No,0.0,,0,1.0,,,"Administrative exemption relying on external consequence-class classification, not model geometry."
691,annollm,No,0.0,,0,1.0,,,"Administrative statement with undefined limits deferred to building type, no checkable obligation."
692,annollm,No,0.0,,0,1.0,,,"Administrative specification of safety factors referencing an external standard/decree, not verifiable in a BIM model."
693,annollm,No,0.0,,0,1.0,,,"Operational security/access-control obligation requiring judgment and inspection, not model data."
694,annollm,No,0.0,,0,1.0,,,"Administrative provision incorporating external standard values, no self-contained checkable rule."
695,annollm,No,0.0,,0,1.0,,,"Procedural documentation duty by a person, unverifiable from a model."
696,annollm,No,0.0,,0,1.0,,,Conditional cleaning/disinfection process requiring inspection and expert judgment.
697,annollm,No,0.0,,0,1.0,,,"Legal repeal clause, imposes no building requirement."
698,annollm,No,0.0,,0,1.0,,,"Descriptive statement about calculation input data, not an obligation checkable in BIM."
699,annollm,No,0.0,,0,1.0,,,"Scope statement referring to an external standard, not a checkable obligation."
700,annollm,No,0.0,,0,1.0,,,"Applicability/scope provision depending on change of use and risk assessment, not model-checkable."
1,coannotating,Yes,1.0,-0.0,0,5.0,,,room type/occupancy attribute checkable in model
2,coannotating,Yes,1.0,-0.0,0,5.0,,,explicit area value per workstation is measurable
3,coannotating,No,1.0,-0.0,0,5.0,,,permissive and relies on subjective visual privacy judgment
4,coannotating,Yes,1.0,-0.0,0,5.0,,,countable ratio of rooms to stations derivable from model
5,coannotating,No,1.0,-0.0,0,5.0,,,garbled fragment lacking a clear single requirement
6,coannotating,Yes,1.0,-0.0,0,5.0,,,conditional element count verifiable from model inventory
7,coannotating,No,1.0,-0.0,0,5.0,,,requires field inspection of panel capacity
8,coannotating,Yes,1.0,0.971,0,5.0,,,door-to-room adjacency verifiable from model topology
9,coannotating,No,1.0,-0.0,0,5.0,,,depends on reach depth specified elsewhere
10,coannotating,No,1.0,-0.0,0,5.0,,,sight-line analysis needs spectator eye-height assumptions not in model
11,coannotating,No,1.0,-0.0,0,5.0,,,requires external spectator posture/eye-height data
12,coannotating,No,1.0,-0.0,0,5.0,,,multiple security/monitoring requirements beyond model data
13,coannotating,No,1.0,-0.0,0,5.0,,,requires assumed standing spectator eye heights
14,coannotating,No,1.0,-0.0,0,5.0,,,multiple vague equipment items with 'potentially'
15,coannotating,No,1.0,-0.0,0,5.0,,,two independent seat-count requirements
16,coannotating,No,1.0,-0.0,0,5.0,,,loose furniture with vague 'near' placement
17,coannotating,Yes,1.0,-0.0,0,5.0,,,countable number of workstations in a designated space
18,coannotating,Yes,1.0,-0.0,0,5.0,,,presence of typed element at a defined location
19,coannotating,Yes,1.0,-0.0,0,5.0,,,clearance and material-property check computable from geometry
20,coannotating,No,1.0,-0.0,0,5.0,,,"defers to Presidential Decree, no checkable criterion"
21,coannotating,No,1.0,-0.0,0,5.0,,,bundles three independently checkable limits
22,coannotating,Yes,1.0,0.971,0,5.0,,,structural type of first floor is a single model-checkable attribute
23,coannotating,No,1.0,-0.0,0,5.0,,,performance-based waterproofing alternative requiring judgment and testing
24,coannotating,No,1.0,-0.0,0,5.0,,,joint detailing and strength-equivalence exception not decidable from model
25,coannotating,No,1.0,-0.0,0,5.0,,,garbled fragment relying on external guidance documents
26,coannotating,No,1.0,-0.0,0,5.0,,,"prescribes a calculation procedure, not a model property"
27,coannotating,No,1.0,-0.0,0,5.0,,,building category defined outside the sentence
28,coannotating,No,1.0,-0.0,0,5.0,,,requires analysis and subjective consistency judgment
29,coannotating,No,1.0,-0.0,0,5.0,,,administrative submission requirement
30,coannotating,No,1.0,-0.0,0,5.0,,,administrative rating assignment requiring energy analysis
31,coannotating,No,1.0,-0.0,0,5.0,,,document submission based on project-specific historical capacity
32,coannotating,No,1.0,0.971,0,5.0,,,vague 'major use category' and two separate metering obligations
33,coannotating,No,1.0,-0.0,0,5.0,,,"definitional provision, not a checkable obligation"
34,coannotating,Yes,1.0,-0.0,0,5.0,,,single ceiling finish material check for named rooms
35,coannotating,Yes,1.0,-0.0,0,5.0,,,room separation and adjacency are geometric model checks
36,coannotating,No,1.0,0.971,0,5.0,,,two finish requirements with an externally coded designation
37,coannotating,No,1.0,-0.0,0,5.0,,,truncated incomplete sentence
38,coannotating,No,1.0,-0.0,0,5.0,,,durability/reliability performance requirement needing analysis
39,coannotating,No,1.0,-0.0,0,5.0,,,depends on external design flow and water quality data
40,coannotating,No,1.0,-0.0,0,5.0,,,combines a dimensional rule with an inspection-based workmanship rule
41,coannotating,Yes,1.0,-0.0,0,5.0,,,self-contained width calculation from occupant load and geometry
42,coannotating,No,1.0,-0.0,0,5.0,,,performance statement on moisture damage requiring judgment/testing
43,coannotating,No,1.0,-0.0,0,5.0,,,exception relies on subjective 'space precludes' judgment
44,coannotating,No,1.0,-0.0,0,5.0,,,multiple independent placement requirements for security devices
45,coannotating,No,1.0,-0.0,0,5.0,,,"permissive allowance rather than obligation, with several conditions"
46,coannotating,Yes,1.0,-0.0,0,5.0,,,simple geometric dimensional threshold checkable in model
47,coannotating,Yes,1.0,-0.0,0,5.0,,,explicit dimensional placement measurable from geometry
48,coannotating,No,1.0,-0.0,0,5.0,,,"acoustic frequency requires physical measurement, not model data"
49,coannotating,No,1.0,-0.0,0,5.0,,,timed operational verification of device
50,coannotating,No,1.0,-0.0,0,5.0,,,timed door-opening behaviour needs functional test
51,coannotating,Yes,1.0,-0.0,0,5.0,,,wall thickness threshold with model-derivable story and area conditions
52,coannotating,No,1.0,-0.0,0,5.0,,,sound level requires acoustic measurement
53,coannotating,No,1.0,-0.0,0,5.0,,,reverberation time requires acoustic analysis/testing
54,coannotating,Yes,1.0,-0.0,0,5.0,,,concrete cover dimension checkable from modelled reinforcement
55,coannotating,Yes,1.0,-0.0,0,5.0,,,concrete cover dimension checkable from modelled reinforcement
56,coannotating,Yes,1.0,-0.0,0,5.0,,,"single requirement with geometric alternatives, both model-checkable"
57,coannotating,No,1.0,-0.0,0,5.0,,,material durability grade or chemical treatment needs certification
58,coannotating,No,1.0,-0.0,0,5.0,,,defines minimum acceptable elapsed time requiring timed verification
59,coannotating,No,1.0,-0.0,0,5.0,,,several independent acoustic requirements needing measurement
60,coannotating,Yes,1.0,-0.0,0,5.0,,,turning circle diameter verifiable from room geometry
61,coannotating,No,1.0,-0.0,0,5.0,,,refers to external 2010 Standards
62,coannotating,No,1.0,-0.0,0,5.0,,,performance behavior requiring physical test
63,coannotating,No,1.0,-0.0,0,5.0,,,"vague functional statement, subjective"
64,coannotating,No,1.0,-0.0,0,5.0,,,"performance-based design intent, not model-checkable"
65,coannotating,No,1.0,-0.0,0,5.0,,,concerns designer knowledge and external water data
66,coannotating,No,1.0,-0.0,0,5.0,,,references unspecified accessibility requirements
67,coannotating,No,1.0,-0.0,0,5.0,,,feasibility and historic significance judgment
68,coannotating,No,1.0,-0.0,0,5.0,,,performance of pressure/noise control requires testing
69,coannotating,Yes,1.0,-0.0,0,5.0,,,single numeric height check on modeled zone
70,coannotating,Yes,1.0,-0.0,0,5.0,,,explicit clear width dimension checkable in model
71,coannotating,Yes,1.0,-0.0,0,5.0,,,explicit clear width dimension checkable in model
72,coannotating,Yes,1.0,-0.0,0,5.0,,,average crawl space height computable from geometry
73,coannotating,No,1.0,-0.0,0,5.0,,,two independently failing requirements combined
74,coannotating,No,1.0,-0.0,0,5.0,,,requires physical sensing/operational test
75,coannotating,No,1.0,-0.0,0,5.0,,,compound arrangement rules with alternatives
76,coannotating,Yes,1.0,-0.0,0,5.0,,,single measurable distance from geometry
77,coannotating,No,1.0,-0.0,0,5.0,,,three separate requirements in one sentence
78,coannotating,Yes,1.0,-0.0,0,5.0,,,conditional guard rail height checkable from geometry
79,coannotating,No,1.0,-0.0,0,5.0,,,requires site data and authority consultation
80,coannotating,Yes,1.0,-0.0,0,5.0,,,single vertical distance measurable between openings
81,coannotating,Yes,1.0,-0.0,0,5.0,,,geometric clear-width thresholds measurable from model
82,coannotating,No,1.0,-0.0,0,5.0,,,"exception depends on demonstration that no moisture damage occurs, a subjective/external showing"
83,coannotating,Yes,1.0,0.971,0,5.0,,,states two independent height requirements for different traffic types
84,coannotating,No,1.0,-0.0,0,5.0,,,"permissive allowance, not an obligation"
85,coannotating,Yes,1.0,-0.0,0,5.0,,,enclosed floor area limit checkable from model geometry
86,coannotating,No,1.0,-0.0,0,5.0,,,"depends on movement/route behaviour and judgment, not model data alone"
87,coannotating,No,1.0,0.7219,0,5.0,,,single area allocation checkable against space type and courthouse size in model
88,coannotating,Yes,1.0,-0.0,0,5.0,,,space area requirement with in-sentence courtroom-count condition
89,coannotating,No,1.0,-0.0,0,5.0,,,exemption referencing external clause 405.7
90,coannotating,Yes,1.0,-0.0,0,5.0,,,area threshold triggers countable stair requirement
91,coannotating,Yes,1.0,-0.0,0,5.0,,,window type and area condition are model attributes
92,coannotating,Yes,1.0,-0.0,0,5.0,,,opening geometry limit computable from model
93,coannotating,Yes,1.0,-0.0,0,5.0,,,area threshold and stair count checkable in model
94,coannotating,No,1.0,-0.0,0,5.0,,,permissive exemption rather than obligation
95,coannotating,No,1.0,-0.0,0,5.0,,,permission statement with multiple independent conditions
96,coannotating,Yes,1.0,-0.0,0,5.0,,,sphere-passage geometry check at ramp edges
97,coannotating,Yes,1.0,-0.0,0,5.0,,,openability attribute of stairwell windows checkable in model
98,coannotating,No,1.0,-0.0,0,5.0,,,garbled fragment with no coherent checkable rule
99,coannotating,No,1.0,-0.0,0,5.0,,,phrased as a permission rather than an obligation
100,coannotating,No,1.0,-0.0,0,5.0,,,incomplete sentence fragment
101,coannotating,No,1.0,-0.0,0,5.0,,,"permissive statement, not an obligation"
102,coannotating,No,0.0,-0.0,0,5.0,,,truncated fragment referencing another paragraph
103,coannotating,Yes,0.0,-0.0,0,5.0,,,countable ratio of accessible spaces derivable from model
104,coannotating,No,0.0,-0.0,0,5.0,,,"permission ('shall be permitted to reduce'), not a requirement"
105,coannotating,Yes,0.0,-0.0,0,5.0,,,count-based accessible space ratio checkable in model
106,coannotating,Yes,0.0,-0.0,0,5.0,,,clear ceiling height measurable from model geometry
107,coannotating,Yes,0.0,-0.0,0,5.0,,,conditional route/width check derivable from model geometry and space types
108,coannotating,No,0.0,-0.0,0,5.0,,,zoning policy with vague planning discretion and external data
109,coannotating,Yes,0.0,-0.0,0,5.0,,,seat count and wheelchair space count checkable in model
110,coannotating,Yes,0.0,-0.0,0,5.0,,,ratio of van accessible spaces countable from model
111,coannotating,No,0.0,-0.0,0,5.0,,,depends on authority's determination and physical force test
112,coannotating,Yes,0.0,-0.0,0,5.0,,,mounting height measurable from model
113,coannotating,Yes,0.0,-0.0,0,5.0,,,clear pier space dimensions computable from geometry
114,coannotating,Yes,0.0,-0.0,0,5.0,,,clear floor area per bed computable from model
115,coannotating,Yes,0.0,-0.0,0,5.0,,,clear floor area threshold measurable in model
116,coannotating,Yes,1.0,0.971,0,5.0,,,includes subjective unobstructed-approach judgment beyond the dimension
117,coannotating,No,0.0,-0.0,0,5.0,,,procedural counting priority depending on external obligation
118,coannotating,Yes,1.0,0.7219,0,5.0,,,"space count, charge-point ratio and rating are model attributes"
119,coannotating,No,0.0,-0.0,0,5.0,,,functional behaviour requiring operational test
120,coannotating,No,0.0,-0.0,0,5.0,,,describes a physical test procedure
121,coannotating,No,0.0,-0.0,0,5.0,,,"functional signalling behaviour requires operational testing, not model data"
122,coannotating,Yes,1.0,0.971,0,5.0,,,"deactivation capability is an operational device function, not verifiable in a model"
123,coannotating,No,0.0,-0.0,0,5.0,,,visibility from an undefined adjacent floor area involves subjective judgment
124,coannotating,No,0.0,-0.0,0,5.0,,,"concerns use/purpose of appliances, not modelled geometry"
125,coannotating,No,0.0,-0.0,0,5.0,,,incomplete truncated sentence
126,coannotating,No,0.0,-0.0,0,5.0,,,'maximum extent practicable' and 'uniform' are subjective
127,coannotating,Yes,0.0,-0.0,0,5.0,,,countable fixtures per facility group verifiable in model
128,coannotating,No,0.0,-0.0,0,5.0,,,administrative counting instruction referring to other provisions
129,coannotating,No,0.0,-0.0,0,5.0,,,"direction of pedestrian flow is external, non-model information"
130,coannotating,Yes,0.0,-0.0,0,5.0,,,presence and parallel orientation of deck space is geometric
131,coannotating,No,0.0,-0.0,0,5.0,,,permissive alternative depending on other specifications
132,coannotating,No,0.0,-0.0,0,5.0,,,relies on pedestrian flow direction not present in the model
133,coannotating,Yes,0.0,-0.0,0,5.0,,,centering and parallelism of dimensioned spaces is computable geometry
134,coannotating,No,0.0,-0.0,0,5.0,,,states two independently failable requirements
135,coannotating,No,0.0,-0.0,0,5.0,,,'dominant direction of travel' is external/subjective information
136,coannotating,Yes,0.0,-0.0,0,5.0,,,explicit slope limit checkable on modelled ramp geometry
137,coannotating,No,0.0,-0.0,0,5.0,,,"permission, not an obligation"
138,coannotating,Yes,0.0,-0.0,0,5.0,,,connectivity of brace ends to structural members is in the model
139,coannotating,Yes,0.0,-0.0,0,5.0,,,geometric alternatives for island cut-through or ramps are model-checkable
140,coannotating,No,0.0,-0.0,0,5.0,,,climbability judgment is subjective
141,coannotating,No,0.0,-0.0,0,5.0,,,"combines level-in-travel, cross slope and running slope limits that could fail independently"
142,coannotating,Yes,0.0,-0.0,0,5.0,,,single geometric slope limit checkable from model surfaces
143,coannotating,Yes,1.0,0.7219,0,5.0,,,geometric protrusion check against building line and height threshold
144,coannotating,No,0.0,-0.0,0,5.0,,,definition of difficulty relying on subjective judgment
145,coannotating,Yes,0.0,-0.0,0,5.0,,,presence and placement of signage elements on jambs is model-checkable
146,coannotating,No,1.0,0.971,0,5.0,,,compound rule with permissive exception conditions
147,coannotating,Yes,0.0,-0.0,0,5.0,,,countable space ratio verifiable from model
148,coannotating,Yes,0.0,-0.0,0,5.0,,,seat arrangement and adjacent access route is geometrically checkable
149,coannotating,No,0.0,-0.0,0,5.0,,,accessibility for maintenance is a subjective performance judgment
150,coannotating,Yes,0.0,-0.0,0,5.0,,,floor-area threshold plus presence of ventilation facilities checkable
151,coannotating,Yes,0.0,-0.0,0,5.0,,,area threshold and presence of stop valve checkable in model
152,coannotating,No,0.0,-0.0,0,5.0,,,requires hazard classification and performance judgment of isolation
153,coannotating,Yes,0.0,-0.0,0,5.0,,,percentage of accessible spaces countable from model
154,coannotating,Yes,0.0,-0.0,0,5.0,,,single dimensional limit on door size verifiable from geometry
155,coannotating,Yes,0.0,-0.0,0,5.0,,,fire-rating attribute of door checkable in model
156,coannotating,Yes,0.0,-0.0,0,5.0,,,height condition and ladder step-width dimension checkable
157,coannotating,No,0.0,-0.0,0,5.0,,,structural load design requires engineering analysis beyond model data
158,coannotating,No,0.0,-0.0,0,5.0,,,"""immediate vicinity"" is vague and unquantified"
159,coannotating,No,0.0,-0.0,0,5.0,,,exemption stated permissively and requires viewing-angle comparison judgment
160,coannotating,Yes,1.0,0.971,0,5.0,,,conditional presence/count of TTY in secured area checkable from model
161,coannotating,Yes,0.0,-0.0,0,5.0,,,geometric positioning and offset dimension checkable in model
162,coannotating,No,0.0,-0.0,0,5.0,,,threshold depends on external local ordinance
163,coannotating,No,0.0,-0.0,0,5.0,,,exemption rather than obligation
164,coannotating,Yes,0.0,-0.0,0,5.0,,,material/reinforcement requirement verifiable from element properties
165,coannotating,No,0.0,-0.0,0,5.0,,,requires structural load analysis and design judgment
166,coannotating,Yes,0.0,-0.0,0,5.0,,,floor finish material for a specified space type is a model attribute
167,coannotating,No,0.0,-0.0,0,5.0,,,"interpretive/definitional provision, not an obligation"
168,coannotating,Yes,0.0,-0.0,0,5.0,,,position of waterproofing layer within wall assembly is modelable
169,coannotating,Yes,0.0,-0.0,0,5.0,,,material property and height limit checkable for identified spaces
170,coannotating,No,1.0,0.971,0,5.0,,,"fastening/connection detail requires physical inspection, not typically modeled"
171,coannotating,Yes,0.0,-0.0,0,5.0,,,seat location zones computable from geometry
172,coannotating,No,0.0,-0.0,0,5.0,,,states a permission plus a separate prohibition
173,coannotating,Yes,1.0,0.7219,0,5.0,,,explicit knee clearance dimensions checkable geometrically
174,coannotating,Yes,0.0,-0.0,0,5.0,,,fire-resistant partitioning of defined spaces verifiable from element ratings
175,coannotating,No,0.0,-0.0,0,5.0,,,exception based on infeasibility judgment
176,coannotating,No,0.0,-0.0,0,5.0,,,requires structural deflection analysis under load
177,coannotating,No,0.0,-0.0,0,5.0,,,'usable' and 'near street level' require subjective judgment
178,coannotating,No,0.0,-0.0,0,5.0,,,'disperse around' lacks measurable criterion
179,coannotating,No,0.0,-0.0,0,5.0,,,"exemption, imposes no obligation"
180,coannotating,No,0.0,-0.0,0,5.0,,,incomplete truncated sentence
181,coannotating,Yes,0.0,-0.0,0,5.0,,,single spatial adjacency check between two named spaces
182,coannotating,No,0.0,-0.0,0,5.0,,,two independent adjacency requirements in one sentence
183,coannotating,No,0.0,-0.0,0,5.0,,,exemption rather than an obligation
184,coannotating,Yes,0.0,-0.0,0,5.0,,,exit access per storey is verifiable from model topology
185,coannotating,No,0.0,-0.0,0,5.0,,,two independent adjacency requirements combined
186,coannotating,Yes,0.0,-0.0,0,5.0,,,conditional route connectivity checkable from model geometry
187,coannotating,No,0.0,-0.0,0,5.0,,,usability 'without assistance' requires subjective/functional assessment
188,coannotating,No,0.0,-0.0,0,5.0,,,broad performance objectives without measurable criteria
189,coannotating,Yes,1.0,0.7219,0,5.0,,,coincidence of accessible route with circulation path is geometric
190,coannotating,Yes,0.0,-0.0,0,5.0,,,simple conditional attribute check on route location
191,coannotating,Yes,0.0,-0.0,0,5.0,,,countable provision ratio per floor verifiable in model
192,coannotating,No,0.0,-0.0,0,5.0,,,relies on unstated external exception clauses
193,coannotating,No,0.0,-0.0,0,5.0,,,policy list with no checkable single criterion
194,coannotating,Yes,0.0,-0.0,0,5.0,,,refuge zone spacing and stair connection are model-checkable
195,coannotating,No,0.0,-0.0,0,5.0,,,bundles three independent provision requirements
196,coannotating,No,0.0,-0.0,0,5.0,,,"exemption clause, not an obligation"
197,coannotating,No,1.0,0.7219,0,5.0,,,drainage connectivity separation checkable from system topology
198,coannotating,No,0.0,-0.0,0,5.0,,,material compatibility requires judgment/testing beyond the model
199,coannotating,No,0.0,-0.0,0,5.0,,,needs project-specific backwater level data outside the model
200,coannotating,Yes,0.0,-0.0,0,5.0,,,explicit trap connection with numeric seal depth checkable
201,coannotating,Yes,0.0,-0.0,0,5.0,,,pipe geometry and continuous slope derivable from model
202,coannotating,Yes,0.0,-0.0,0,5.0,,,pipe-run length limit measurable in model
203,coannotating,No,0.0,-0.0,0,5.0,,,performance of supports requires engineering/physical assessment
204,coannotating,No,0.0,-0.0,0,5.0,,,"advisory exemption about audible content, not model-checkable"
205,coannotating,No,0.0,-0.0,0,5.0,,,operational capability requiring functional testing
206,coannotating,No,0.0,-0.0,0,5.0,,,"definitional exclusion, not an obligation"
207,coannotating,No,0.0,-0.0,0,5.0,,,design-analysis requirement not represented in model
208,coannotating,Yes,0.0,-0.0,0,5.0,,,handrail continuity over landing is geometric
209,coannotating,Yes,1.0,0.7219,0,5.0,,,bench back support or wall attachment is a model attribute
210,coannotating,Yes,0.0,-0.0,0,5.0,,,egress path routing to refuge area computable from model
211,coannotating,Yes,0.0,-0.0,0,5.0,,,element material/construction type checkable in model
212,coannotating,No,0.0,-0.0,0,5.0,,,"procedural submission deadline, not model data"
213,coannotating,No,0.0,-0.0,0,5.0,,,contractual payment provision
214,coannotating,No,1.0,0.7219,0,5.0,,,width threshold and capacity assignment computable from model
215,coannotating,No,0.0,-0.0,0,5.0,,,multiple requirements and peening requires physical inspection
216,coannotating,No,0.0,-0.0,0,5.0,,,"continuous operational illumination requires inspection, not model check"
217,coannotating,Yes,1.0,0.7219,0,5.0,,,floor construction material properties checkable in model
218,coannotating,Yes,0.0,-0.0,0,5.0,,,material property of earth-contacting walls checkable in model
219,coannotating,No,0.0,-0.0,0,5.0,,,depends on external listed viewing distance data
220,coannotating,Yes,1.0,0.971,0,5.0,,,presence of release mechanism or redundant control is a model attribute
221,coannotating,No,0.0,-0.0,0,5.0,,,conditioned on subjective 'where falling danger exists'
222,coannotating,No,0.0,-0.0,0,5.0,,,'near' is vague and undefined for automated checking
223,coannotating,No,0.0,-0.0,0,5.0,,,rating requirement depends on external provisions for the building
224,coannotating,No,0.0,-0.0,0,5.0,,,"live-load reduction requires structural analysis, not model data"
225,coannotating,No,0.0,-0.0,0,5.0,,,definitional and contains multiple conditions including vague 'equally distributed'
226,coannotating,Yes,0.0,-0.0,0,5.0,,,countable designation of one accessible space from model data
227,coannotating,Yes,0.0,-0.0,0,5.0,,,explicit 2-hour fire-resistance rating checkable on modeled assembly
228,coannotating,No,0.0,-0.0,0,5.0,,,requires geotechnical capacity analysis and external data
229,coannotating,No,0.0,-0.0,0,5.0,,,settlement performance requires engineering analysis
230,coannotating,No,0.0,-0.0,0,5.0,,,bundles multiple independently verifiable valve locations
231,coannotating,No,0.0,-0.0,0,5.0,,,"meta rounding rule, not a self-contained checkable obligation"
232,coannotating,Yes,1.0,0.7219,0,5.0,,,handrail extension geometry measurable in model
233,coannotating,No,0.0,-0.0,0,5.0,,,requires physical force testing
234,coannotating,Yes,0.0,-0.0,0,5.0,,,"story count, stair extent and roof slope all derivable from geometry"
235,coannotating,No,0.0,-0.0,0,5.0,,,depends on operational stay duration data outside the model
236,coannotating,Yes,1.0,0.7219,0,5.0,,,presence and location of a station relative to entrance checkable in spatial model
237,coannotating,No,0.0,-0.0,0,5.0,,,definitional calculation rule rather than an obligation
238,coannotating,No,0.0,-0.0,0,5.0,,,'other sloped areas' is vague and site data is external
239,coannotating,Yes,0.0,-0.0,0,5.0,,,percentage of accessible cells countable from model
240,coannotating,No,0.0,-0.0,0,5.0,,,requires project-specific alteration scope and existing facility status
241,coannotating,No,0.0,-0.0,0,5.0,,,exemption/permission with subjective 'essential to the function' criterion
242,coannotating,No,0.0,-0.0,0,5.0,,,performance requirement needing analysis/testing and multiple conditions
243,coannotating,No,0.0,-0.0,0,5.0,,,vague design-resistance requirement needing structural analysis and 'where applicable' scoping
244,coannotating,No,0.0,-0.0,0,5.0,,,marking method and durability verifiable only by physical inspection
245,coannotating,No,0.0,-0.0,0,5.0,,,requires external flood analysis and project-specific data
246,coannotating,Yes,0.0,-0.0,0,5.0,,,countable connection attribute in the model
247,coannotating,No,0.0,-0.0,0,5.0,,,construction sequencing and material verification by inspection
248,coannotating,No,0.0,-0.0,0,5.0,,,vague fabrication/attachment statement not model-decidable
249,coannotating,No,0.0,-0.0,0,5.0,,,permissive statement
250,coannotating,Yes,0.0,-0.0,0,5.0,,,geometric volume limit computable from model
251,coannotating,Yes,0.0,-0.0,0,5.0,,,explicit minimum volume checkable from room geometry
252,coannotating,Yes,0.0,-0.0,0,5.0,,,compartment volume threshold computable from model geometry
253,coannotating,Yes,0.0,-0.0,0,5.0,,,explicit minimum space volume checkable
254,coannotating,Yes,0.0,-0.0,0,5.0,,,volume-to-area ratio computable from geometry
255,coannotating,No,0.0,-0.0,0,5.0,,,"definition of a calculation, no pass/fail criterion"
256,coannotating,No,0.0,-0.0,0,5.0,,,calculation method relying on external design flow and duration data
257,coannotating,No,0.0,-0.0,0,5.0,,,definitional calculation without compliance threshold
258,coannotating,No,0.0,-0.0,0,5.0,,,performance objective requiring smoke-flow analysis
259,coannotating,No,0.0,-0.0,0,5.0,,,requires energy analysis and external reference value
260,coannotating,No,0.0,-0.0,0,5.0,,,"definitional metric requiring annual energy data, no threshold"
261,coannotating,No,0.0,-0.0,0,5.0,,,depends on stored liquid inventory data and states multiple requirements
262,coannotating,Yes,1.0,0.7219,0,5.0,,,single fire-resistance rating of separating construction is a model attribute check
263,coannotating,No,0.0,-0.0,0,5.0,,,defines a measurement basis rather than imposing a checkable obligation
264,coannotating,No,0.0,-0.0,0,5.0,,,requires design fire and smoke-density engineering data external to the model
265,coannotating,Yes,0.0,-0.0,0,5.0,,,positional tolerance against modelled grid lines is geometrically checkable
266,coannotating,Yes,0.0,-0.0,0,5.0,,,alignment of nosing projections is decidable from model geometry
267,coannotating,No,0.0,-0.0,0,5.0,,,construction-sequence requirement combining two separate conditions
268,coannotating,Yes,0.0,-0.0,0,5.0,,,collinearity tolerance of drain centrelines is geometric
269,coannotating,Yes,0.0,-0.0,0,5.0,,,alignment of fascia top with wall plate top is geometric
270,coannotating,No,1.0,0.971,0,5.0,,,single alignment tolerance verifiable from handrail geometry
271,coannotating,No,0.0,-0.0,0,5.0,,,"'abrupt change' is a subjective, untoleranced criterion"
272,coannotating,Yes,1.0,0.7219,0,5.0,,,post positions relative to a baseline with 10 mm tolerance are geometric
273,coannotating,Yes,0.0,-0.0,0,5.0,,,rebar centreline collinearity within 12 mm is geometric
274,coannotating,Yes,0.0,-0.0,0,5.0,,,luminaire centre alignment tolerance is geometric
275,coannotating,Yes,1.0,0.7219,0,5.0,,,top-plate alignment between adjacent panels is geometric
276,coannotating,Yes,0.0,-0.0,0,5.0,,,5 mm gap limit at panel joints is measurable in model geometry
277,coannotating,Yes,0.0,-0.0,0,5.0,,,vertical alignment of opening centrelines across floors is geometric
278,coannotating,No,0.0,-0.0,0,5.0,,,compliance hinges on a supplementary structural analysis
279,coannotating,Yes,0.0,-0.0,0,5.0,,,collinearity of joint faces in plan and elevation is geometric
280,coannotating,No,0.0,-0.0,0,5.0,,,"sealant performance requires material testing, not model data"
281,coannotating,Yes,0.0,-0.0,0,5.0,,,single geometric concentricity check from model geometry
282,coannotating,Yes,0.0,-0.0,0,5.0,,,single geometric concentricity check on modelled sleeve and pipe
283,coannotating,Yes,0.0,-0.0,0,5.0,,,handrail helix and column axis alignment verifiable from geometry
284,coannotating,No,1.0,0.971,0,5.0,,,states two separate obligations (concentricity and 5 mm offset limit)
285,coannotating,Yes,0.0,-0.0,0,5.0,,,concentric placement of column within pile cap is geometrically decidable
286,coannotating,No,0.0,-0.0,0,5.0,,,combines concentricity and maximum diameter as independently failing requirements
287,coannotating,No,0.0,-0.0,0,5.0,,,"multiple requirements: concentricity, uniform thickness and minimum thickness"
288,coannotating,Yes,0.0,-0.0,0,5.0,,,"single concentricity requirement with purpose clause, checkable geometrically"
289,coannotating,No,0.0,-0.0,0,5.0,,,conjoins concentricity and a 25 mm clearance as separate requirements
290,coannotating,Yes,0.0,-0.0,0,5.0,,,single concentricity relation between modelled kerb and dome opening
291,coannotating,Yes,0.0,-0.0,0,5.0,,,uniformity of gap within 10 mm measurable from model geometry
292,coannotating,Yes,0.0,-0.0,0,5.0,,,coaxial alignment of column and tread path checkable from geometry
293,coannotating,Yes,0.0,-0.0,0,5.0,,,single minimum clear distance measurable in the model
294,coannotating,Yes,0.0,-0.0,0,5.0,,,tangency at handrail junction is a geometric condition
295,coannotating,Yes,0.0,-0.0,0,5.0,,,tangency of arc wall to straight wall decidable from geometry
296,coannotating,Yes,0.0,-0.0,0,5.0,,,kerb tangency at curve ends is geometrically verifiable
297,coannotating,Yes,0.0,-0.0,0,5.0,,,tread tangency to circular path checkable from plan geometry
298,coannotating,Yes,0.0,-0.0,0,5.0,,,tangency between ramp and landing is a single geometric condition
299,coannotating,Yes,0.0,-0.0,0,5.0,,,quantified slope-change limit at transition computable from geometry
300,coannotating,Yes,0.0,-0.0,0,5.0,,,tangency with quantified 5-degree angular break limit is geometrically checkable
301,coannotating,Yes,0.0,-0.0,0,5.0,,,geometric clearance between curvature start and door opening measurable in the model
302,coannotating,Yes,0.0,-0.0,0,5.0,,,tangency and slope-direction continuity are computable from model geometry
303,coannotating,Yes,0.0,-0.0,0,5.0,,,tangency of curved and straight wall segments is a pure geometric check
304,coannotating,No,0.0,-0.0,0,5.0,,,"'upper parts of walls' and the 'illuminated area' are undefined, non-modelled attributes"
305,coannotating,Yes,0.0,-0.0,0,5.0,,,line-of-sight visibility from all points in the room is computable from model geometry
306,coannotating,Yes,0.0,-0.0,0,5.0,,,explicit 20 m coverage radius measurable against served floor area
307,coannotating,No,0.0,-0.0,0,5.0,,,"depends on occupant eye position and posture, a subjective/non-modelled condition"
308,coannotating,No,1.0,0.7219,0,5.0,,,relies on an undefined 'standard bed location' and furniture data outside the model
309,coannotating,No,0.0,-0.0,0,5.0,,,signal behaviour on call registration/answering requires functional testing
310,coannotating,No,0.0,-0.0,0,5.0,,,'floor area immediately in front' is an undefined region
311,coannotating,No,0.0,-0.0,0,5.0,,,combines pillow-coverage and occupant-visibility conditions based on non-modelled data
312,coannotating,No,1.0,0.7219,0,5.0,,,multiple independent obstruction conditions plus an undefined sleeping position
313,coannotating,No,0.0,-0.0,0,5.0,,,depends on the separate rule establishing where audible devices are required
314,coannotating,No,0.0,-0.0,0,5.0,,,requires occupant workstation orientation and behaviour data external to the model
315,coannotating,Yes,0.0,-0.0,0,5.0,,,equal counts of accessible lockers per room are countable in the model
316,coannotating,No,0.0,-0.0,0,5.0,,,'dispersed throughout' lacks a measurable criterion
317,coannotating,No,0.0,-0.0,0,5.0,,,'concentrated in a single area' is subjective and unquantified
318,coannotating,Yes,1.0,0.7219,0,5.0,,,3 m maximum spacing between accessible and standard handsets is measurable
319,coannotating,No,0.0,-0.0,0,5.0,,,'distributed uniformly' has no quantified threshold
320,coannotating,No,1.0,0.7219,0,5.0,,,'single row or area' is vague as to what constitutes an area
321,coannotating,No,0.0,-0.0,0,5.0,,,vague 'uniform locations' and 'comparable decision point' require subjective judgment
322,coannotating,No,0.0,-0.0,0,5.0,,,'distributed uniformly' and 'disproportionately greater distance' are subjective and undefined
323,coannotating,No,0.0,-0.0,0,5.0,,,"states a measurement convention, not a checkable obligation"
324,coannotating,Yes,0.0,-0.0,0,5.0,,,explicit numeric slope limit verifiable from model geometry
325,coannotating,Yes,0.0,-0.0,0,5.0,,,path orientation relative to parking space axis is geometrically checkable
326,coannotating,Yes,0.0,-0.0,0,5.0,,,parallel alignment of aisles is verifiable from model geometry
327,coannotating,No,0.0,-0.0,0,5.0,,,depends on undefined 'general customer flow path' and subjective offset judgment
328,coannotating,No,0.0,-0.0,0,5.0,,,combines bench orientation and separate clear-floor-space dimension/position requirements
329,coannotating,No,1.0,0.7219,0,5.0,,,wall parallelism and perpendicularity to nosing line are computable from geometry
330,coannotating,Yes,0.0,-0.0,0,5.0,,,explicit height range and orientation checkable from model
331,coannotating,Yes,0.0,-0.0,0,5.0,,,explicit minimum length verifiable from model geometry
332,coannotating,Yes,0.0,-0.0,0,5.0,,,ramp orientation relative to curb face is geometrically checkable
333,coannotating,Yes,0.0,-0.0,0,5.0,,,post orientation relative to floor surface is computable from model
334,coannotating,Yes,0.0,-0.0,0,5.0,,,drain orientation relative to roof surface is geometrically checkable
335,coannotating,Yes,0.0,-0.0,0,5.0,,,bracing orientation relative to framing direction is computable from model
336,coannotating,Yes,0.0,-0.0,0,5.0,,,route orientation relative to approach lane is geometrically checkable
337,coannotating,Yes,0.0,-0.0,0,5.0,,,explicit minimum clear width verifiable from geometry
338,coannotating,Yes,1.0,0.7219,0,5.0,,,slot orientation relative to modeled travel direction is computable
339,coannotating,Yes,0.0,-0.0,0,5.0,,,explicit maximum slot width verifiable from model
340,coannotating,No,1.0,0.7219,0,5.0,,,3 mm plumb construction tolerance requires as-built physical measurement
341,coannotating,Yes,0.0,-0.0,0,5.0,,,single geometric flushness condition checkable in model
342,coannotating,Yes,0.0,-0.0,0,5.0,,,orientation of grating relative to travel path derivable from model geometry
343,coannotating,Yes,0.0,-0.0,0,5.0,,,single dimensional limit on modeled component
344,coannotating,Yes,0.0,-0.0,0,5.0,,,single geometric orientation requirement checkable from ramp and crossing geometry
345,coannotating,Yes,0.0,-0.0,0,5.0,,,geometric encroachment/clash check between flares and path
346,coannotating,No,0.0,-0.0,0,5.0,,,"bundles height continuity, 300 mm extension and return termination as separate requirements"
347,coannotating,No,0.0,-0.0,0,5.0,,,states multiple independent dimensional criteria
348,coannotating,No,0.0,-0.0,0,5.0,,,performance detailing for water shedding and creep loading needs analysis/judgment
349,coannotating,No,0.0,-0.0,0,5.0,,,"sealant service life and movement performance require testing, not model data"
350,coannotating,No,0.0,-0.0,0,5.0,,,combines stair extension to roof and fire-resistance rating requirements
351,coannotating,No,0.0,-0.0,0,5.0,,,combines landing dimension and door swing direction requirements
352,coannotating,Yes,0.0,-0.0,0,5.0,,,single presence/location requirement verifiable from model
353,coannotating,Yes,0.0,-0.0,0,5.0,,,grab bar placement on both walls checkable from modeled fixtures
354,coannotating,Yes,0.0,-0.0,0,5.0,,,single hardware placement condition on modeled leaves
355,coannotating,Yes,0.0,-0.0,0,5.0,,,outlet placement relative to workbench is model geometry
356,coannotating,Yes,0.0,-0.0,0,5.0,,,fixture counts comparable directly from model
357,coannotating,No,0.0,-0.0,0,5.0,,,two independent equality conditions (height and projection)
358,coannotating,Yes,1.0,0.7219,0,5.0,,,adds functional door-opening performance beyond equal-width geometry
359,coannotating,Yes,0.0,-0.0,0,5.0,,,single geometric alignment check of access aisles
360,coannotating,No,0.0,-0.0,0,5.0,,,"multiple requirements on spacing, height and orientation combined"
361,coannotating,No,0.0,-0.0,0,5.0,,,visual contrast and eye level require subjective/undefined assessment
362,coannotating,Yes,0.0,-0.0,0,5.0,,,stair-to-room connectivity and occupancy class are model attributes
363,coannotating,Yes,0.0,-0.0,0,5.0,,,mezzanine area and presence of ramp/lift access are model-derivable
364,coannotating,No,0.0,-0.0,0,5.0,,,'obstruct the required accessible route' is vague and relies on external determination
365,coannotating,Yes,0.0,-0.0,0,5.0,,,clear path width is measurable geometry
366,coannotating,Yes,0.0,-0.0,0,5.0,,,door position relative to accessible route is geometrically checkable
367,coannotating,Yes,0.0,-0.0,0,5.0,,,clear opening width is a single measurable dimension
368,coannotating,No,0.0,-0.0,0,5.0,,,states two independently failable requirements
369,coannotating,No,0.0,-0.0,0,5.0,,,obstruction of light/ventilation needs analysis and subjective judgment
370,coannotating,No,0.0,-0.0,0,5.0,,,combines multiple conditions and comparative path analysis beyond model data
371,coannotating,No,0.0,-0.0,0,5.0,,,"independent support detail requires inspection, not modeled data"
372,coannotating,Yes,0.0,-0.0,0,5.0,,,presence of sleeves around pipes in masonry walls is model-checkable
373,coannotating,No,1.0,0.7219,0,5.0,,,maintaining rating requires tested/certified glazing evidence
374,coannotating,No,0.0,-0.0,0,5.0,,,'listed' enclosure requires certification outside the model
375,coannotating,Yes,0.0,-0.0,0,5.0,,,comparison of rating attributes between panel and assembly
376,coannotating,No,0.0,-0.0,0,5.0,,,two separate hardware requirements requiring functional verification
377,coannotating,Yes,0.0,-0.0,0,5.0,,,concrete cover is a single measurable geometric clearance
378,coannotating,Yes,0.0,-0.0,0,5.0,,,cross-sectional area ratio computable from model geometry
379,coannotating,Yes,0.0,-0.0,0,5.0,,,minimum clear shaft dimensions are measurable
380,coannotating,Yes,0.0,-0.0,0,5.0,,,presence of access door at each compartment-boundary floor is model-checkable
381,coannotating,No,0.0,-0.0,0,5.0,,,combines a location requirement and a dimensional requirement that could pass or fail independently
382,coannotating,Yes,0.0,-0.0,0,5.0,,,seat presence and position relative to controls are geometric model facts
383,coannotating,Yes,0.0,-0.0,0,5.0,,,egress path connectivity across floors is decidable from model topology
384,coannotating,Yes,0.0,-0.0,0,5.0,,,floor-plate width and relative exit placement are geometric checks
385,coannotating,Yes,0.0,-0.0,0,5.0,,,system connection topology with an intermediate heat exchanger is modelled
386,coannotating,Yes,0.0,-0.0,0,5.0,,,anchor spacing is a measurable geometric attribute
387,coannotating,No,0.0,-0.0,0,5.0,,,load resistance without permanent deformation requires physical testing or structural analysis
388,coannotating,No,0.0,-0.0,0,5.0,,,sealing quality and resistance to uplift require inspection/performance verification
389,coannotating,Yes,0.0,-0.0,0,5.0,,,flexible duct section length limit is checkable from model geometry
390,coannotating,Yes,0.0,-0.0,0,5.0,,,handrail continuity between landing termini is geometrically decidable
391,coannotating,Yes,0.0,-0.0,0,5.0,,,corner fitting height and cross-section continuity are model geometry checks
392,coannotating,Yes,0.0,-0.0,0,5.0,,,maximum gap dimension is directly measurable in the model
393,coannotating,No,0.0,-0.0,0,5.0,,,states two independent requirements (fixing spacing and bonded membrane patch)
394,coannotating,No,0.0,-0.0,0,5.0,,,depends on project-specific designed water level not present in a standard model
395,coannotating,No,0.0,-0.0,0,5.0,,,administrative submission with a time deadline
396,coannotating,No,0.0,-0.0,0,5.0,,,commissioning measurement and verification lie outside the model
397,coannotating,No,0.0,-0.0,0,5.0,,,"documentation submission requirement, not a model property"
398,coannotating,No,0.0,-0.0,0,5.0,,,"certificate documentation format and reporting, not model-checkable"
399,coannotating,No,0.0,-0.0,0,5.0,,,requires a rating document with multiple calculated external values
400,coannotating,No,0.0,-0.0,0,5.0,,,requires physical air-tightness test and report records
401,coannotating,No,0.0,-0.0,0,5.0,,,"documentation delivery, not model-checkable"
402,coannotating,Yes,0.0,-0.0,0,5.0,,,presence of ISA sign on each accessible route is a modelable object check
403,coannotating,No,0.0,-0.0,0,5.0,,,document content requirement with many separate items
404,coannotating,No,0.0,-0.0,0,5.0,,,drawing legibility is subjective and outside the model
405,coannotating,No,0.0,-0.0,0,5.0,,,"administrative assignment, no model data"
406,coannotating,No,0.0,-0.0,0,5.0,,,operational/administrative availability rule
407,coannotating,No,0.0,-0.0,0,5.0,,,permit-application demonstration involving multiple external criteria
408,coannotating,Yes,0.0,-0.0,0,5.0,,,height threshold and sprinkler coverage are derivable from model geometry and systems
409,coannotating,No,0.0,-0.0,0,5.0,,,requires timed/commissioning verification of operation
410,coannotating,Yes,0.0,-0.0,0,5.0,,,single area-ratio limit computable from model geometry
411,coannotating,No,1.0,0.971,0,5.0,,,"reference-facade values not supplied, needs external data"
412,coannotating,Yes,0.0,-0.0,0,5.0,,,count of accessible compartments per toilet room checkable in model
413,coannotating,No,0.0,-0.0,0,5.0,,,"definitional calculation method, not an obligation to test"
414,coannotating,No,0.0,-0.0,0,5.0,,,definitional exclusion rule for computing volume
415,coannotating,Yes,0.0,-0.0,0,5.0,,,mounting height limits verifiable from element placement geometry
416,coannotating,Yes,0.0,-0.0,0,5.0,,,spatial relationship between appliance and partitions is checkable
417,coannotating,No,1.0,0.7219,0,5.0,,,sign placement and line-of-sight geometry computable from model
418,coannotating,No,0.0,-0.0,0,5.0,,,visibility from unspecified viewpoint requires subjective judgment
419,coannotating,No,0.0,-0.0,0,5.0,,,'distributed uniformly' is vague and combines two requirements
420,coannotating,No,0.0,-0.0,0,5.0,,,'consistent locations' is subjective and adds a second requirement
421,coannotating,Yes,0.0,-0.0,0,5.0,,,accessible seating presence per balcony level is checkable from model data
422,coannotating,Yes,1.0,0.7219,0,5.0,,,distribution of accessible seating across levels can be verified geometrically
423,coannotating,No,0.0,-0.0,0,5.0,,,"air velocity requires airflow measurement or CFD analysis, not model geometry"
424,coannotating,Yes,0.0,-0.0,0,5.0,,,collinearity of riser centrelines with explicit tolerance is a pure geometric check
425,coannotating,Yes,0.0,-0.0,0,5.0,,,collinearity of tread nosings in plan is verifiable from model geometry
426,coannotating,Yes,0.0,-0.0,0,5.0,,,concentricity of flange and bore is a geometric relationship in the model
427,coannotating,Yes,0.0,-0.0,0,5.0,,,bolt-circle concentricity with flange face is geometrically checkable
428,coannotating,No,1.0,0.7219,0,5.0,,,bolt arrangement about centroid is a single geometric pattern check
429,coannotating,Yes,0.0,-0.0,0,5.0,,,concentricity and 5 mm gap are explicit geometric criteria
430,coannotating,Yes,0.0,-0.0,0,5.0,,,parallelism of space boundaries to traffic lane is geometrically checkable
431,coannotating,Yes,0.0,-0.0,0,5.0,,,centring of clear floor space on the fixture is a geometric check
432,coannotating,Yes,0.0,-0.0,0,5.0,,,parallelism of clear floor space to mounting wall is geometrically verifiable
433,coannotating,Yes,0.0,-0.0,0,5.0,,,slope direction versus approach path direction is derivable from model geometry
434,coannotating,Yes,0.0,-0.0,0,5.0,,,parallelism of tactile strip to kerb line is geometrically checkable
435,coannotating,Yes,0.0,-0.0,0,5.0,,,extent of strip relative to crossing sides with 300 mm limit is measurable in model
436,coannotating,Yes,0.0,-0.0,0,5.0,,,landing orientation relative to ramp travel direction is geometric
437,coannotating,Yes,1.0,0.7219,0,5.0,,,slot orientation relative to line between seat and controls is model-derivable
438,coannotating,Yes,0.0,-0.0,0,5.0,,,perpendicularity of sill plate to stud direction is a geometric check
439,coannotating,Yes,0.0,-0.0,0,5.0,,,plumbness of fascia relative to ground plane is geometrically verifiable
440,coannotating,No,0.0,-0.0,0,5.0,,,combines two independently failing conditions on width and gradient change
441,coannotating,Yes,0.0,-0.0,0,5.0,,,pipe centreline tangency is geometric and checkable in the model
442,coannotating,Yes,0.0,-0.0,0,5.0,,,landing/ramp gradient continuity is derivable from model geometry
443,coannotating,Yes,0.0,-0.0,0,5.0,,,equal counts of accessible fixtures in each facility are countable in the model
444,coannotating,No,0.0,-0.0,0,5.0,,,combines two independently failing conditions (height and gripping profile)
445,coannotating,Yes,0.0,-0.0,0,5.0,,,presence and placement of switches on both door sides is model-checkable
446,coannotating,No,1.0,0.971,0,5.0,,,shelf height and two-sided access are geometric checks
447,coannotating,Yes,0.0,-0.0,0,5.0,,,door connectivity to the accessible route is a topological model check
448,coannotating,Yes,0.0,-0.0,0,5.0,,,count of accessible restrooms per elevator-served floor is model-checkable
449,coannotating,Yes,0.0,-0.0,0,5.0,,,restroom location relative to accessible route is verifiable in the model
450,coannotating,No,0.0,-0.0,0,5.0,,,requires listed/certified product evidence beyond the model
451,coannotating,Yes,0.0,-0.0,0,5.0,,,150 mm offset from ceiling plane is a geometric check
452,coannotating,No,0.0,-0.0,0,5.0,,,depends on listing/certification of the enclosure
453,coannotating,Yes,1.0,0.7219,0,5.0,,,routing of hot and cold pipes in the same duct is detectable in the model
454,coannotating,No,0.0,-0.0,0,5.0,,,air leakage limit requires physical testing
455,coannotating,No,0.0,-0.0,0,5.0,,,load-transfer performance of slip joint needs engineering analysis
456,coannotating,No,0.0,-0.0,0,5.0,,,load and deflection performance requires structural testing/analysis
457,coannotating,No,0.0,-0.0,0,5.0,,,"metering intervals and data retention are operational, not modelled"
458,coannotating,Yes,0.0,-0.0,0,5.0,,,openable area versus floor area is computable from model geometry
459,coannotating,Yes,0.0,-0.0,0,5.0,,,explicit dimensional minimum checkable in the model
460,coannotating,Yes,0.0,-0.0,0,5.0,,,spacing of passing places along a route is measurable in the model
461,coannotating,Yes,0.0,-0.0,0,5.0,,,geometric tolerance verifiable from model geometry
462,coannotating,Yes,0.0,-0.0,0,5.0,,,comparison of aisle widths computable from model
463,coannotating,No,0.0,-0.0,0,5.0,,,"requires audit documentation, not model data"
464,coannotating,No,0.0,-0.0,0,5.0,,,"heading, not a requirement"
465,coannotating,No,0.0,-0.0,0,5.0,,,content deferred to cited clause
466,coannotating,No,0.0,-0.0,0,5.0,,,content deferred to cited clause
467,coannotating,No,0.0,-0.0,0,5.0,,,content deferred to cited clause
468,coannotating,No,0.0,-0.0,0,5.0,,,content deferred to cited clause
469,coannotating,No,0.0,-0.0,0,5.0,,,content deferred to cited clause
470,coannotating,No,0.0,-0.0,0,5.0,,,content deferred to cited clause
471,coannotating,No,0.0,-0.0,0,5.0,,,content deferred to cited clause
472,coannotating,No,0.0,-0.0,0,5.0,,,content deferred to cited clause
473,coannotating,No,0.0,-0.0,0,5.0,,,refers to clause and external standard
474,coannotating,No,0.0,-0.0,0,5.0,,,content deferred to cited clause
475,coannotating,No,0.0,-0.0,0,5.0,,,"permission, not an obligation"
476,coannotating,No,0.0,-0.0,0,5.0,,,content deferred to cited clause
477,coannotating,No,0.0,-0.0,0,5.0,,,content deferred to cited clause
478,coannotating,No,0.0,-0.0,0,5.0,,,content deferred to cited clause
479,coannotating,No,0.0,-0.0,0,5.0,,,vague qualitative requirement needing judgment
480,coannotating,No,0.0,-0.0,0,5.0,,,exemption rather than obligation
481,coannotating,No,0.0,-0.0,0,5.0,,,"advisory statement, not an obligation"
482,coannotating,No,0.0,-0.0,0,5.0,,,compliance deferred to cited clause 404.2.4
483,coannotating,No,0.0,-0.0,0,5.0,,,compliance deferred to cited clause 404.2.4
484,coannotating,No,0.0,-0.0,0,5.0,,,"permissive allowance, not an obligation"
485,coannotating,No,0.0,-0.0,0,5.0,,,"advisory recommendation, not verifiable in a model"
486,coannotating,No,0.0,-0.0,0,5.0,,,exemption rather than requirement
487,coannotating,No,0.0,-0.0,0,5.0,,,requirement contained in referenced clauses
488,coannotating,No,0.0,-0.0,0,5.0,,,"performance goal requiring judgment, no measurable criterion"
489,coannotating,No,0.0,-0.0,0,5.0,,,"scope/application statement, not a checkable requirement"
490,coannotating,No,0.0,-0.0,0,5.0,,,criteria deferred to referenced section 806.2.3
491,coannotating,No,0.0,-0.0,0,5.0,,,exception with external references
492,coannotating,No,0.0,-0.0,0,5.0,,,"advisory commentary, not testable in BIM"
493,coannotating,No,0.0,-0.0,0,5.0,,,requirements contained in cited sections
494,coannotating,No,0.0,-0.0,0,5.0,,,"explanatory information, no obligation"
495,coannotating,No,0.0,-0.0,0,5.0,,,definition of toe clearance
496,coannotating,No,0.0,-0.0,0,5.0,,,permissive allowance
497,coannotating,No,0.0,-0.0,0,5.0,,,vague dispersion criterion plus external reference
498,coannotating,Yes,1.0,0.7219,0,5.0,,,self-contained conditional count of fixtures checkable from model
499,coannotating,No,0.0,-0.0,0,5.0,,,"definitional exclusion, not an obligation"
500,coannotating,No,0.0,-0.0,0,5.0,,,compliance deferred to section 232
501,coannotating,No,0.0,-0.0,0,5.0,,,"""maximum extent feasible"" requires subjective judgment"
502,coannotating,No,0.0,-0.0,0,5.0,,,"advisory list of considerations, not an obligation"
503,coannotating,No,0.0,-0.0,0,5.0,,,definition/description rather than requirement
504,coannotating,No,0.0,-0.0,0,5.0,,,"advisory list of factors, not checkable"
505,coannotating,No,0.0,-0.0,0,5.0,,,feasibility judgment and multiple independent elements
506,coannotating,No,0.0,-0.0,0,5.0,,,"defers to external regulations, not model-checkable"
507,coannotating,No,0.0,-0.0,0,5.0,,,"recommendation/encouragement, not mandatory"
508,coannotating,No,0.0,-0.0,0,5.0,,,feasibility judgment and project-date data required
509,coannotating,No,0.0,-0.0,0,5.0,,,content resides in cited clause 403
510,coannotating,No,0.0,-0.0,0,5.0,,,content resides in cited clause 1008
511,coannotating,No,0.0,-0.0,0,5.0,,,content resides in cited clause 1006
512,coannotating,No,0.0,-0.0,0,5.0,,,content resides in cited clause 904.3
513,coannotating,No,0.0,-0.0,0,5.0,,,content resides in cited clause 1006.3
514,coannotating,No,0.0,-0.0,0,5.0,,,content resides in cited clause 1008.3.1
515,coannotating,No,0.0,-0.0,0,5.0,,,content resides in cited clause 810.3
516,coannotating,No,0.0,-0.0,0,5.0,,,content resides in cited clause 1003
517,coannotating,No,0.0,-0.0,0,5.0,,,content resides in cited clause 1002.4
518,coannotating,No,0.0,-0.0,0,5.0,,,content resides in cited clause 209.2
519,coannotating,No,0.0,-0.0,0,5.0,,,"two cited clauses, requirements not stated"
520,coannotating,No,0.0,-0.0,0,5.0,,,requires external standard and physical impact testing
521,coannotating,No,0.0,-0.0,0,5.0,,,compliance defined by cited clauses
522,coannotating,No,0.0,-0.0,0,5.0,,,refers to external section 224
523,coannotating,No,0.0,-0.0,0,5.0,,,grants permission rather than obligation
524,coannotating,No,0.0,-0.0,0,5.0,,,refers to Chapter 4 for criteria
525,coannotating,No,0.0,-0.0,0,5.0,,,criteria located in cited sections
526,coannotating,No,0.0,-0.0,0,5.0,,,criteria located in cited sections
527,coannotating,No,0.0,-0.0,0,5.0,,,permissive and reference-dependent
528,coannotating,No,0.0,-0.0,0,5.0,,,refers to external section 216.9
529,coannotating,No,0.0,-0.0,0,5.0,,,vague reference to applicable requirements
530,coannotating,No,0.0,-0.0,0,5.0,,,criteria in cited section 1002.5
531,coannotating,No,0.0,-0.0,0,5.0,,,criteria in cited section 1008.2.6
532,coannotating,No,0.0,-0.0,0,5.0,,,multiple requirements plus external reference
533,coannotating,No,0.0,-0.0,0,5.0,,,criteria in cited section 1008.3
534,coannotating,No,0.0,-0.0,0,5.0,,,criteria in cited section 308
535,coannotating,No,0.0,-0.0,0,5.0,,,criteria in cited section 1008.2.5
536,coannotating,No,0.0,-0.0,0,5.0,,,"two requirements, both reference-dependent"
537,coannotating,No,0.0,-0.0,0,5.0,,,depends on project-specific buyer information
538,coannotating,No,0.0,-0.0,0,5.0,,,exemption requiring subjective demonstration
539,coannotating,No,0.0,-0.0,0,5.0,,,multiple requirements citing external sections
540,coannotating,No,0.0,-0.0,0,5.0,,,criteria in cited section 810.2
541,coannotating,No,0.0,-0.0,0,5.0,,,"depends on alteration history and unspecified referenced requirements, and states multiple obligations"
542,coannotating,No,0.0,-0.0,0,5.0,,,requires external transit route data and cites unspecified dimensional requirements
543,coannotating,No,0.0,-0.0,0,5.0,,,relies on cited clauses 707 and 811 and states two separate requirements
544,coannotating,No,0.0,-0.0,0,5.0,,,an exemption rather than an obligation
545,coannotating,No,0.0,-0.0,0,5.0,,,"exemption, and slip resistance needs physical testing"
546,coannotating,No,0.0,-0.0,0,5.0,,,depends on external table and cited clause
547,coannotating,No,0.0,-0.0,0,5.0,,,date-based option referring to external standards
548,coannotating,No,0.0,-0.0,0,5.0,,,definitional/exclusionary statement referring to another clause
549,coannotating,No,0.0,-0.0,0,5.0,,,requires construction dates and external standards
550,coannotating,No,0.0,-0.0,0,5.0,,,requires construction dates and external standards
551,coannotating,No,0.0,-0.0,0,5.0,,,cites table and clause and bundles several requirements
552,coannotating,No,0.0,-0.0,0,5.0,,,permissive option referencing external standards and dates
553,coannotating,No,0.0,-0.0,0,5.0,,,"not a requirement, merely a place and date"
554,coannotating,No,0.0,-0.0,0,5.0,,,"section heading, not a whole statement"
555,coannotating,No,0.0,-0.0,0,5.0,,,fragment without obligation
556,coannotating,No,0.0,-0.0,0,5.0,,,heading only
557,coannotating,No,0.0,-0.0,0,5.0,,,subjective qualitative criteria
558,coannotating,No,0.0,-0.0,0,5.0,,,permissive statement
559,coannotating,No,0.0,-0.0,0,5.0,,,"informative fragment, no obligation"
560,coannotating,No,0.0,-0.0,0,5.0,,,environmental parameter not verifiable from a model
561,coannotating,No,0.0,-0.0,0,5.0,,,"heading, not a requirement"
562,coannotating,No,0.0,-0.0,0,5.0,,,"permissive statement, not an obligation"
563,coannotating,No,0.0,-0.0,0,5.0,,,section heading
564,coannotating,No,0.0,-0.0,0,5.0,,,explanatory note referring to external annex method
565,coannotating,No,0.0,-0.0,0,5.0,,,heading fragment
566,coannotating,No,0.0,-0.0,0,5.0,,,"definitional design value, not model-checkable geometry"
567,coannotating,No,0.0,-0.0,0,5.0,,,permission referring to external annex
568,coannotating,No,0.0,-0.0,0,5.0,,,"scope exclusion, no requirement stated"
569,coannotating,No,0.0,-0.0,0,5.0,,,permissive and explicitly subjective
570,coannotating,No,0.0,-0.0,0,5.0,,,vague suitability requires subjective judgment
571,coannotating,No,0.0,-0.0,0,5.0,,,"applicability statement, not a requirement"
572,coannotating,No,0.0,-0.0,0,5.0,,,subjective 'safe and appropriate' criteria
573,coannotating,No,0.0,-0.0,0,5.0,,,"subjective lighting adequacy, no measurable threshold"
574,coannotating,No,0.0,-0.0,0,5.0,,,"exception clause, no self-contained obligation"
575,coannotating,No,0.0,-0.0,0,5.0,,,vague performance goal without dimensions
576,coannotating,No,0.0,-0.0,0,5.0,,,"requires external climate/altitude data, not BIM"
577,coannotating,No,0.0,-0.0,0,5.0,,,explanatory statement referencing external load category
578,coannotating,No,0.0,-0.0,0,5.0,,,requires fire test against external standard curve
579,coannotating,No,0.0,-0.0,0,5.0,,,'proportionate' depends on project-specific judgment
580,coannotating,No,0.0,-0.0,0,5.0,,,"classification fragment, explicitly subjective"
581,coannotating,No,0.0,-0.0,0,5.0,,,"requires energy demand calculation procedure, not model-checkable geometry"
582,coannotating,No,0.0,-0.0,0,5.0,,,"definition, no obligation"
583,coannotating,No,0.0,-0.0,0,5.0,,,"definition, no obligation"
584,coannotating,No,0.0,-0.0,0,5.0,,,subjective 'in accordance with activities' criterion
585,coannotating,No,0.0,-0.0,0,5.0,,,permission and explicitly subjective assessment
586,coannotating,No,0.0,-0.0,0,5.0,,,vague multi-alternative outcome requirement beyond model data
587,coannotating,No,0.0,-0.0,0,5.0,,,"no numeric limit, relies on ease-of-use judgment"
588,coannotating,No,0.0,-0.0,0,5.0,,,impermeability requires physical testing/inspection
589,coannotating,No,0.0,-0.0,0,5.0,,,"definition, no obligation"
590,coannotating,No,0.0,-0.0,0,5.0,,,permission referring to requirements elsewhere in section
591,coannotating,No,0.0,-0.0,0,5.0,,,explicitly subjective and conditional
592,coannotating,No,0.0,-0.0,0,5.0,,,hazard-avoidance outcome needs expert judgment
593,coannotating,No,0.0,-0.0,0,5.0,,,'easy to open' is subjective and functional testing
594,coannotating,No,0.0,-0.0,0,5.0,,,depends on external annex weather data
595,coannotating,No,0.0,-0.0,0,5.0,,,permissive and depends on external fire load determination
596,coannotating,No,0.0,-0.0,0,5.0,,,combines duct provision and pressure design requirements needing analysis
597,coannotating,No,0.0,-0.0,0,5.0,,,refers to external design documents and site conditions
598,coannotating,No,0.0,-0.0,0,5.0,,,"definition, no obligation"
599,coannotating,No,0.0,-0.0,0,5.0,,,designer duty with subjective solution priority
600,coannotating,No,0.0,-0.0,0,5.0,,,definition involving subjective difficulty assessment
601,coannotating,No,0.0,-0.0,0,5.0,,,"definition of an energy metric, not an obligation"
602,coannotating,No,0.0,-0.0,0,5.0,,,classification/definition without imposed requirement
603,coannotating,No,0.0,-0.0,0,5.0,,,heading fragment
604,coannotating,No,0.0,-0.0,0,5.0,,,heading fragment
605,coannotating,No,0.0,-0.0,0,5.0,,,"permissive exemption concerning structural analysis, not model-checkable"
606,coannotating,No,0.0,-0.0,0,5.0,,,requires physical testing or analysis
607,coannotating,Yes,1.0,0.971,0,5.0,,,"measurement convention, no pass/fail criterion"
608,coannotating,No,0.0,-0.0,0,5.0,,,calculation directive lacking criteria and external values
609,coannotating,No,0.0,-0.0,0,5.0,,,depends on cited standard clause
610,coannotating,No,0.0,-0.0,0,5.0,,,refers to external standard national choices
611,coannotating,No,0.0,-0.0,0,5.0,,,scope statement referencing a standard
612,coannotating,No,0.0,-0.0,0,5.0,,,explicitly project-specific assessment
613,coannotating,No,0.0,-0.0,0,5.0,,,scope statement referencing a standard
614,coannotating,No,0.0,-0.0,0,5.0,,,defers to external standard values
615,coannotating,No,0.0,-0.0,0,5.0,,,defers to external standard values
616,coannotating,No,0.0,-0.0,0,5.0,,,"requires instrument calibration, a physical process"
617,coannotating,No,0.0,-0.0,0,5.0,,,case-by-case project assessment
618,coannotating,No,0.0,-0.0,0,5.0,,,requires site-specific data and judgment
619,coannotating,No,0.0,-0.0,0,5.0,,,conditional on risk judgment and vague accessibility
620,coannotating,No,0.0,-0.0,0,5.0,,,depends on project-specific risk assessment
621,coannotating,No,0.0,-0.0,0,5.0,,,permissive and requires physical full-scale test
622,coannotating,No,0.0,-0.0,0,5.0,,,"process-based risk assessment, not model-checkable"
623,coannotating,No,0.0,-0.0,0,5.0,,,depends on external decree load values
624,coannotating,No,0.0,-0.0,0,5.0,,,refers to unstated numerical values and requires acoustic testing
625,coannotating,No,0.0,-0.0,0,5.0,,,requires dynamic energy simulation with external data
626,coannotating,No,0.0,-0.0,0,5.0,,,assigns responsibility and needs on-site moisture measurement
627,coannotating,No,0.0,-0.0,0,5.0,,,discretionary authority requirement citing external act
628,coannotating,No,0.0,-0.0,0,5.0,,,"scope/definition statement, no obligation"
629,coannotating,No,0.0,-0.0,0,5.0,,,fragment referencing an external annex
630,coannotating,No,0.0,-0.0,0,5.0,,,values come from external legislation
631,coannotating,No,0.0,-0.0,0,5.0,,,fragment dependent on external specification
632,coannotating,No,0.0,-0.0,0,5.0,,,advisory reference to external annex
633,coannotating,No,0.0,-0.0,0,5.0,,,performance requirement needing climatic data and analysis
634,coannotating,No,0.0,-0.0,0,5.0,,,definition with subjective criteria
635,coannotating,No,0.0,-0.0,0,5.0,,,definition with subjective criteria
636,coannotating,No,0.0,-0.0,0,5.0,,,permission based on designer's judgment
637,coannotating,No,0.0,-0.0,0,5.0,,,definition with subjective criteria
638,coannotating,No,0.0,-0.0,0,5.0,,,definition with subjective criteria
639,coannotating,No,0.0,-0.0,0,5.0,,,definition with subjective criteria
640,coannotating,No,0.0,-0.0,0,5.0,,,definition with subjective criteria
641,coannotating,No,0.0,-0.0,0,5.0,,,definition with subjective criteria
642,coannotating,No,0.0,-0.0,0,5.0,,,requirement deferred to cited clause 216.4
643,coannotating,No,0.0,-0.0,0,5.0,,,"exemption rather than obligation, and depends on operational policy"
644,coannotating,No,0.0,-0.0,0,5.0,,,advisory recommendation
645,coannotating,No,0.0,-0.0,0,5.0,,,exemption referencing external clauses
646,coannotating,No,0.0,-0.0,0,5.0,,,cites clause 305 and bundles multiple independent requirements
647,coannotating,No,0.0,-0.0,0,5.0,,,definitional scoping statement
648,coannotating,No,0.0,-0.0,0,5.0,,,references cited clause and uses subjective dispersion criterion
649,coannotating,No,0.0,-0.0,0,5.0,,,exemption referencing another clause
650,coannotating,No,0.0,-0.0,0,5.0,,,subjective comparability judgment with external factors
651,coannotating,No,0.0,-0.0,0,5.0,,,non-regulatory advisory statement
652,coannotating,No,0.0,-0.0,0,5.0,,,"informational, not a building requirement"
653,coannotating,No,0.0,-0.0,0,5.0,,,references clause 302 and states two separate requirements
654,coannotating,No,0.0,-0.0,0,5.0,,,"permission, not an obligation"
655,coannotating,No,0.0,-0.0,0,5.0,,,exemption conditioned on concealed wall reinforcement requiring inspection
656,coannotating,No,0.0,-0.0,0,5.0,,,exemption conditioned on concealed reinforcement and cited clause
657,coannotating,No,0.0,-0.0,0,5.0,,,informational statement
658,coannotating,No,0.0,-0.0,0,5.0,,,exemption depending on use conditions and concealed reinforcement
659,coannotating,No,0.0,-0.0,0,5.0,,,requirement deferred to cited section 504
660,coannotating,No,0.0,-0.0,0,5.0,,,requirement deferred to cited sections
661,coannotating,No,0.0,-0.0,0,5.0,,,requirement deferred to cited section
662,coannotating,No,0.0,-0.0,0,5.0,,,compliance criteria located in referenced sections
663,coannotating,No,0.0,-0.0,0,5.0,,,external standard plus multiple operational requirements
664,coannotating,No,0.0,-0.0,0,5.0,,,relies on cited sections and states multiple requirements
665,coannotating,No,0.0,-0.0,0,5.0,,,"definitional/illustrative, not an obligation"
666,coannotating,No,0.0,-0.0,0,5.0,,,heading fragment
667,coannotating,No,0.0,-0.0,0,5.0,,,criteria contained in referenced section
668,coannotating,No,0.0,-0.0,0,5.0,,,depends on cited clause 703.5
669,coannotating,No,0.0,-0.0,0,5.0,,,depends on cited clause 703.5
670,coannotating,No,0.0,-0.0,0,5.0,,,cost-based judgment requiring external project data
671,coannotating,No,0.0,-0.0,0,5.0,,,exemption/permission rather than obligation
672,coannotating,No,0.0,-0.0,0,5.0,,,heading fragment
673,coannotating,No,0.0,-0.0,0,5.0,,,heading fragment
674,coannotating,No,0.0,-0.0,0,5.0,,,heading fragment
675,coannotating,No,0.0,-0.0,0,5.0,,,heading fragment
676,coannotating,No,0.0,-0.0,0,5.0,,,heading fragment
677,coannotating,No,0.0,-0.0,0,5.0,,,heading fragment
678,coannotating,No,0.0,-0.0,0,5.0,,,heading fragment
679,coannotating,No,0.0,-0.0,0,5.0,,,"definition, not a checkable obligation"
680,coannotating,No,0.0,-0.0,0,5.0,,,design-process duty requiring judgment and external data
681,coannotating,No,0.0,-0.0,0,5.0,,,"definition, no obligation"
682,coannotating,No,0.0,-0.0,0,5.0,,,"definition, no obligation"
683,coannotating,No,0.0,-0.0,0,5.0,,,"definition, no obligation"
684,coannotating,No,0.0,-0.0,0,5.0,,,"definition, no obligation"
685,coannotating,No,0.0,-0.0,0,5.0,,,definition of a metric
686,coannotating,No,0.0,-0.0,0,5.0,,,"definition, no obligation"
687,coannotating,No,0.0,-0.0,0,5.0,,,"definition, no obligation"
688,coannotating,No,0.0,-0.0,0,5.0,,,definition of a metric
689,coannotating,No,0.0,-0.0,0,5.0,,,heading fragment
690,coannotating,No,0.0,-0.0,0,5.0,,,administrative scope statement
691,coannotating,No,0.0,-0.0,0,5.0,,,"administrative, no verifiable criterion"
692,coannotating,No,0.0,-0.0,0,5.0,,,administrative parameter reference
693,coannotating,No,0.0,-0.0,0,5.0,,,"requires access-control judgment, not model-checkable"
694,coannotating,No,0.0,-0.0,0,5.0,,,administrative reference to external standard
695,coannotating,No,0.0,-0.0,0,5.0,,,procedural documentation duty
696,coannotating,No,0.0,-0.0,0,5.0,,,process/inspection requirement
697,coannotating,No,0.0,-0.0,0,5.0,,,legal repeal statement
698,coannotating,No,0.0,-0.0,0,5.0,,,advisory/administrative use of data
699,coannotating,No,0.0,-0.0,0,5.0,,,scope statement citing external standard
700,coannotating,No,0.0,-0.0,0,5.0,,,applicability scope statement
1,tavakoli_zamani,Yes,1.0,0.3933,0,3.0,,,room occupancy/type attribute checkable from model
2,tavakoli_zamani,Yes,0.0,0.2867,0,3.0,,,explicit area value per workstation is geometrically checkable
3,tavakoli_zamani,No,0.0,0.12,0,3.0,,,permissive and relies on subjective 'visual privacy'
4,tavakoli_zamani,Yes,1.0,0.4667,0,3.0,,,countable ratio of stations to classified rooms
5,tavakoli_zamani,No,0.0,0.07,0,3.0,,,garbled fragment with no verifiable metric
6,tavakoli_zamani,Yes,1.0,0.45,0,3.0,,,"conditional presence of a fixture, countable in model"
7,tavakoli_zamani,No,0.0,0.0733,0,3.0,,,"process/coordination requirement, no model-checkable criterion"
8,tavakoli_zamani,Yes,1.0,1.11,0,3.0,,,compound door-adjacency requirements that could fail independently
9,tavakoli_zamani,No,0.0,0.3233,0,3.0,,,depends on 'required reach depth' given in another clause
10,tavakoli_zamani,No,1.0,0.4133,0,3.0,,,sight-line over shoulders needs anthropometric/occupancy assumptions beyond model
11,tavakoli_zamani,No,1.0,0.4133,0,3.0,,,depends on expected spectator behaviour and external sight-line data
12,tavakoli_zamani,No,0.0,0.09,0,3.0,,,"multiple security systems plus off-site monitoring, not model-verifiable"
13,tavakoli_zamani,No,1.0,0.4067,0,3.0,,,relies on expected standing behaviour and sight-line assumptions
14,tavakoli_zamani,No,0.0,0.2367,0,3.0,,,multiple equipment items and vague 'potentially'
15,tavakoli_zamani,No,1.0,1.14,0,3.0,,,two independently verifiable seat-count requirements
16,tavakoli_zamani,No,0.0,0.2667,0,3.0,,,loose furniture item with vague 'near' proximity
17,tavakoli_zamani,Yes,1.0,0.44,0,3.0,,,"countable workstation number, though courthouse size is external classification"
18,tavakoli_zamani,Yes,1.0,0.43,0,3.0,,,presence of a specified component at a defined location is model-checkable
19,tavakoli_zamani,Yes,0.0,0.3633,0,3.0,,,explicit clearances and material thicknesses measurable in model
20,tavakoli_zamani,No,0.0,0.0467,0,3.0,,,"defers determination to a legal decree, no checkable criterion"
21,tavakoli_zamani,No,1.0,0.42,0,3.0,,,Three independently failable dimensional limits in one sentence
22,tavakoli_zamani,Yes,1.0,0.4933,0,3.0,,,"Piloti configuration of ground floor arguably derivable from model geometry, though the term is loosely defined"
23,tavakoli_zamani,No,0.0,0.1967,0,3.0,,,Performance-based waterproofing alternatives requiring judgment and testing
24,tavakoli_zamani,No,0.0,0.21,0,3.0,,,"Exception hinges on equivalent structural strength, needing engineering analysis"
25,tavakoli_zamani,No,0.0,0.0467,0,3.0,,,Garbled fragment referencing external guidance documents
26,tavakoli_zamani,No,0.0,0.1367,0,3.0,,,"Prescribes a calculation procedure/interval, not a model-verifiable property"
27,tavakoli_zamani,No,1.0,0.41,0,3.0,,,Depends on externally defined building categories
28,tavakoli_zamani,No,0.0,0.1233,0,3.0,,,Requires overheating analysis and subjective consistency with occupancy assumptions
29,tavakoli_zamani,No,0.0,0.0733,0,3.0,,,Administrative submission requirement
30,tavakoli_zamani,No,0.0,0.12,0,3.0,,,"Rating assigned at completion, an administrative/empirical outcome"
31,tavakoli_zamani,No,0.0,0.0933,0,3.0,,,Administrative reporting triggered by comparison to original system capacity data
32,tavakoli_zamani,Yes,1.0,0.4933,0,3.0,,,"Floor area threshold and presence of sub-meters could be read from a populated model, though 'major use category' is vague"
33,tavakoli_zamani,No,0.0,0.0467,0,3.0,,,Definitional provision referring to other clauses and standards
34,tavakoli_zamani,Yes,0.0,0.2933,0,3.0,,,Room-specific ceiling finish is a checkable material attribute
35,tavakoli_zamani,Yes,1.0,0.4633,0,3.0,,,Separateness and adjacency of named spaces are geometric/topological checks
36,tavakoli_zamani,Yes,1.0,1.1667,0,3.0,,,"Wall finish attributes checkable, though finish code PNT-2 relies on an external schedule"
37,tavakoli_zamani,No,0.0,0.05,0,3.0,,,Incomplete sentence pointing to an enumerated list
38,tavakoli_zamani,No,0.0,0.08,0,3.0,,,"Reliability over service life is a performance objective, not model-verifiable"
39,tavakoli_zamani,No,0.0,0.1267,0,3.0,,,Requires external design flow and water-quality data plus alternative compliance route
40,tavakoli_zamani,No,0.0,0.32,0,3.0,,,Combines a checkable cavity width with a mortar-droppings condition verifiable only by inspection
41,tavakoli_zamani,Yes,1.0,0.43,0,3.0,,,"exit width computable from occupant load and modelled widths, though occupant count derivation is borderline"
42,tavakoli_zamani,No,0.0,0.0633,0,3.0,,,moisture damage and health hazard need physical testing and judgment
43,tavakoli_zamani,No,0.0,0.1867,0,3.0,,,exception relies on subjective 'space precludes' and 'as near as possible'
44,tavakoli_zamani,No,0.0,0.1133,0,3.0,,,several independent placement obligations plus vague 'other selected areas'
45,tavakoli_zamani,No,0.0,0.34,0,3.0,,,states a permission (unlimited area) with multiple conditions rather than a single obligation
46,tavakoli_zamani,Yes,0.0,0.3133,0,3.0,,,single dimensional threshold checkable against modelled route width
47,tavakoli_zamani,Yes,0.0,0.1467,0,3.0,,,single geometric placement dimension measurable in the model
48,tavakoli_zamani,No,0.0,0.26,0,3.0,,,"acoustic frequency of a signal requires product test data, not model geometry"
49,tavakoli_zamani,No,0.0,0.1367,0,3.0,,,duration of device effectiveness needs timed verification
50,tavakoli_zamani,No,0.0,0.1367,0,3.0,,,"door dwell time requires operational timing, not model data"
51,tavakoli_zamani,Yes,0.0,0.1867,0,3.0,,,"wall thickness, storey count and floor area all derivable from the model"
52,tavakoli_zamani,No,0.0,0.1067,0,3.0,,,sound level limit requires acoustic measurement and noise character assessment
53,tavakoli_zamani,No,0.0,0.2033,0,3.0,,,reverberation time demands acoustic analysis/measurement beyond model checking
54,tavakoli_zamani,Yes,0.0,0.2267,0,3.0,,,rebar diameter and cover thickness are modelled quantities
55,tavakoli_zamani,Yes,0.0,0.2267,0,3.0,,,cover thickness for stated bar diameter is geometrically verifiable
56,tavakoli_zamani,Yes,1.0,0.3933,0,3.0,,,alternative spacing/reinforcement criteria both measurable in geometry
57,tavakoli_zamani,No,0.0,0.3067,0,3.0,,,"durability grading or chemical treatment needs certification, not model data"
58,tavakoli_zamani,No,0.0,0.32,0,3.0,,,prescribes a time calculation whose compliance ultimately needs timed door verification
59,tavakoli_zamani,No,0.0,0.0867,0,3.0,,,bundles several acoustic requirements needing measurement
60,tavakoli_zamani,Yes,1.0,0.47,0,3.0,,,"turning circle diameter measurable, though occupancy intent and multiple spaces weaken it"
61,tavakoli_zamani,No,0.0,0.0533,0,3.0,,,Defers entirely to an external standard
62,tavakoli_zamani,No,0.0,0.1133,0,3.0,,,Heat-activated closing behaviour needs physical/functional testing
63,tavakoli_zamani,No,0.0,0.0933,0,3.0,,,"""Secure storage"" is subjective and unquantified"
64,tavakoli_zamani,No,0.0,0.11,0,3.0,,,"Performance of ventilation and pressure changes needs analysis, not model geometry"
65,tavakoli_zamani,No,0.0,0.0733,0,3.0,,,Concerns designer knowledge and external water-quality data
66,tavakoli_zamani,No,0.0,0.14,0,3.0,,,Refers vaguely to unstated accessibility requirements
67,tavakoli_zamani,No,0.0,0.08,0,3.0,,,Feasibility and heritage significance are subjective judgments
68,tavakoli_zamani,No,0.0,0.1033,0,3.0,,,Pressure fluctuation and noise performance require testing
69,tavakoli_zamani,Yes,0.0,0.19,0,3.0,,,Single explicit dimensional threshold checkable in model
70,tavakoli_zamani,Yes,0.0,0.1067,0,3.0,,,Explicit clear-width dimension measurable from model
71,tavakoli_zamani,Yes,0.0,0.1067,0,3.0,,,Explicit clear-width dimension measurable from model
72,tavakoli_zamani,Yes,0.0,0.2333,0,3.0,,,Average height computable from model geometry
73,tavakoli_zamani,No,0.0,0.3667,0,3.0,,,Two independently failing requirements (count and distance)
74,tavakoli_zamani,No,0.0,0.1433,0,3.0,,,"Sensor activation requires functional testing, not model data"
75,tavakoli_zamani,No,1.0,0.45,0,3.0,,,Button numbering/ordering is not standard BIM data and states multiple arrangement rules
76,tavakoli_zamani,Yes,0.0,0.2133,0,3.0,,,Single measurable clearance dimension
77,tavakoli_zamani,No,0.0,0.16,0,3.0,,,Combines three separate requirements including door self-closing feature
78,tavakoli_zamani,Yes,0.0,0.24,0,3.0,,,Conditional height threshold checkable from model geometry
79,tavakoli_zamani,No,0.0,0.07,0,3.0,,,Compound and depends on consultation with authority
80,tavakoli_zamani,Yes,0.0,0.2133,0,3.0,,,Single explicit vertical distance measurable between modelled openings
81,tavakoli_zamani,Yes,0.0,0.3533,0,3.0,,,"geometric clear-width limits at a defined turn condition, fully self-contained"
82,tavakoli_zamani,No,0.0,0.2667,0,3.0,,,"exception hinges on demonstrating no moisture damage, a non-model judgment"
83,tavakoli_zamani,Yes,1.0,1.1333,0,3.0,,,combines two independently checkable clear-height requirements for different route types
84,tavakoli_zamani,No,0.0,0.1133,0,3.0,,,grants permission for overlap rather than imposing an obligation
85,tavakoli_zamani,Yes,0.0,0.1833,0,3.0,,,single area limit computable from walls' material and enclosed floor area
86,tavakoli_zamani,No,1.0,0.4433,0,3.0,,,circulation-separation intent needs route interpretation beyond model geometry
87,tavakoli_zamani,No,1.0,0.4233,0,3.0,,,depends on external definition of large/extra-large courthouse size class
88,tavakoli_zamani,Yes,0.0,0.31,0,3.0,,,self-contained area figure with inline courtroom-count threshold
89,tavakoli_zamani,No,0.0,0.13,0,3.0,,,exemption that also relies on landing dimensions in cited clause 405.7
90,tavakoli_zamani,Yes,0.0,0.3033,0,3.0,,,stair count triggered by computable floor area threshold
91,tavakoli_zamani,Yes,1.0,0.46,0,3.0,,,"window type and pane area are model attributes, though product spec is near-boundary"
92,tavakoli_zamani,Yes,0.0,0.2467,0,3.0,,,purely geometric sphere-passage limit checkable on model
93,tavakoli_zamani,Yes,0.0,0.27,0,3.0,,,stair provision keyed to computable basement room area
94,tavakoli_zamani,No,0.0,0.13,0,3.0,,,"states a relaxation/permission, not an obligation"
95,tavakoli_zamani,No,0.0,0.14,0,3.0,,,permissive material allowance with multiple compound conditions
96,tavakoli_zamani,Yes,0.0,0.2567,0,3.0,,,geometric opening limit at ramp edges decidable from geometry
97,tavakoli_zamani,Yes,1.0,1.1567,0,3.0,,,"openability is a model attribute, though ventilation performance wording is vague"
98,tavakoli_zamani,No,0.0,0.0567,0,3.0,,,"garbled, incoherent sentence with approval process"
99,tavakoli_zamani,No,0.0,0.1733,0,3.0,,,phrased as a permitted protrusion allowance rather than an obligation
100,tavakoli_zamani,No,0.0,0.04,0,3.0,,,"truncated fragment, not a whole statement"
101,tavakoli_zamani,No,0.0,0.1567,0,3.0,,,permissive allowance rather than obligation
102,tavakoli_zamani,No,0.0,0.0533,0,3.0,,,truncated fragment referring to another paragraph
103,tavakoli_zamani,Yes,0.0,0.2533,0,3.0,,,countable accessible-space ratio derivable from model
104,tavakoli_zamani,No,0.0,0.2733,0,3.0,,,"stated as a permitted reduction, not an obligation"
105,tavakoli_zamani,Yes,0.0,0.2533,0,3.0,,,quantified count of accessible spaces checkable from model
106,tavakoli_zamani,Yes,0.0,0.2167,0,3.0,,,clear ceiling height measurable in classified rooms
107,tavakoli_zamani,Yes,1.0,0.49,0,3.0,,,"geometric trigger and route provision checkable, though 'alternative accessible route' is loosely defined"
108,tavakoli_zamani,No,0.0,0.1,0,3.0,,,planning discretion and external public-facility data required
109,tavakoli_zamani,Yes,0.0,0.2,0,3.0,,,seat count and wheelchair space count both in model
110,tavakoli_zamani,Yes,0.0,0.3433,0,3.0,,,ratio of van accessible to accessible spaces countable
111,tavakoli_zamani,No,0.0,0.0667,0,3.0,,,opening force needs physical test and authority determination
112,tavakoli_zamani,Yes,0.0,0.15,0,3.0,,,single mounting height measurable from model
113,tavakoli_zamani,Yes,1.0,0.4667,0,3.0,,,"dimensional clear-space check, though width and length are arguably two criteria"
114,tavakoli_zamani,Yes,0.0,0.1867,0,3.0,,,per-bed floor area computable with stated exclusions
115,tavakoli_zamani,Yes,0.0,0.17,0,3.0,,,clear floor area computable with stated exclusions
116,tavakoli_zamani,Yes,1.0,0.5067,0,3.0,,,1500 mm turning circle measurable although purpose clause invites judgment
117,tavakoli_zamani,No,0.0,0.38,0,3.0,,,procedural counting rule depending on an obligation defined elsewhere
118,tavakoli_zamani,Yes,1.0,0.4867,0,3.0,,,"space ratio and charger rating are model attributes, though 'major renovation' is project context"
119,tavakoli_zamani,No,0.0,0.1133,0,3.0,,,functional performance requiring physical activation test
120,tavakoli_zamani,No,0.0,0.07,0,3.0,,,describes conduct of a physical test
121,tavakoli_zamani,No,0.0,0.26,0,3.0,,,"functional signalling behaviour requires operational testing, and covers two indications"
122,tavakoli_zamani,No,1.0,1.1567,0,3.0,,,presence of a deactivation control is a functional capability rather than reliably modelled geometry
123,tavakoli_zamani,No,1.0,0.4433,0,3.0,,,visibility from a vaguely defined adjacent floor area needs judgment/line-of-sight assumptions
124,tavakoli_zamani,No,0.0,0.15,0,3.0,,,"restricts use/purpose of a device, not modellable"
125,tavakoli_zamani,No,0.0,0.05,0,3.0,,,"truncated, incomplete sentence"
126,tavakoli_zamani,No,0.0,0.1067,0,3.0,,,'maximum extent practicable' and 'uniform' are subjective
127,tavakoli_zamani,Yes,0.0,0.2933,0,3.0,,,conditional count of roll-in showers per gendered facility is model-checkable
128,tavakoli_zamani,No,0.0,0.1967,0,3.0,,,administrative scoping rule referring to requirements stated elsewhere
129,tavakoli_zamani,No,1.0,0.43,0,3.0,,,direction of pedestrian flow is not standard model data
130,tavakoli_zamani,Yes,1.0,0.4867,0,3.0,,,"presence and parallel orientation of clear deck space is geometric, though undimensioned"
131,tavakoli_zamani,No,0.0,0.3767,0,3.0,,,'unless otherwise specified' defers to other clauses and lacks concrete dimensions
132,tavakoli_zamani,No,1.0,0.3967,0,3.0,,,relies on pedestrian flow direction external to the model
133,tavakoli_zamani,Yes,0.0,0.26,0,3.0,,,fully dimensioned geometric positioning check
134,tavakoli_zamani,No,1.0,0.46,0,3.0,,,two independently failing requirements (orientation and extent)
135,tavakoli_zamani,No,1.0,0.42,0,3.0,,,dominant direction of travel is project-specific external information
136,tavakoli_zamani,Yes,0.0,0.1133,0,3.0,,,explicit slope limit computable from geometry
137,tavakoli_zamani,No,0.0,0.1433,0,3.0,,,grants a permission rather than imposing an obligation
138,tavakoli_zamani,Yes,0.0,0.3533,0,3.0,,,end connectivity to specified member types is checkable in a structural model
139,tavakoli_zamani,Yes,1.0,0.4367,0,3.0,,,geometric alternative compliance options both checkable from the model
140,tavakoli_zamani,No,0.0,0.1367,0,3.0,,,climbability judgment is subjective
141,tavakoli_zamani,No,1.0,0.4567,0,3.0,,,"combines levelness, cross-slope and running-slope limits as independently failing requirements"
142,tavakoli_zamani,Yes,0.0,0.2867,0,3.0,,,single measurable slope limit on identifiable routes computable from model geometry
143,tavakoli_zamani,Yes,1.0,1.18,0,3.0,,,"geometric protrusion and height check, though it depends on road level and building line data in the model"
144,tavakoli_zamani,No,0.0,0.0567,0,3.0,,,definitional and subjective classification of design difficulty
145,tavakoli_zamani,Yes,1.0,1.13,0,3.0,,,"placement of tactile identification is a locatable component attribute, though tactility verification is borderline"
146,tavakoli_zamani,Yes,1.0,1.1333,0,3.0,,,compound rule with nested exceptions yielding several independently testable conditions
147,tavakoli_zamani,Yes,0.0,0.1267,0,3.0,,,simple count threshold of parking and accessible spaces in the model
148,tavakoli_zamani,Yes,1.0,0.4967,0,3.0,,,"seating layout and adjacent access route are geometric, though 'rows' and 'side' are loosely defined"
149,tavakoli_zamani,No,0.0,0.1467,0,3.0,,,accessibility for maintenance is a subjective performance judgment
150,tavakoli_zamani,Yes,0.0,0.2767,0,3.0,,,area aggregation triggers presence check of ventilation facilities
151,tavakoli_zamani,Yes,0.0,0.2633,0,3.0,,,area threshold triggers presence check of a modelled valve component
152,tavakoli_zamani,No,0.0,0.25,0,3.0,,,"relies on hazard classification and performance of fire/explosion containment, not model data"
153,tavakoli_zamani,Yes,0.0,0.15,0,3.0,,,percentage of counted parking spaces computable from the model
154,tavakoli_zamani,Yes,0.0,0.3133,0,3.0,,,explicit dimensional limits on identified doors checkable from geometry
155,tavakoli_zamani,Yes,0.0,0.38,0,3.0,,,"fire rating is a standard object attribute, though normally evidenced by certification"
156,tavakoli_zamani,Yes,0.0,0.3,0,3.0,,,height condition and ladder step width are measurable model properties
157,tavakoli_zamani,No,0.0,0.1333,0,3.0,,,requires structural load analysis with external vehicle load data
158,tavakoli_zamani,No,0.0,0.2067,0,3.0,,,'immediate vicinity' is undefined and site-dependent judgment
159,tavakoli_zamani,No,0.0,0.1467,0,3.0,,,exemption clause resting on comparative viewing-angle judgment
160,tavakoli_zamani,Yes,1.0,0.4667,0,3.0,,,"conditional presence count of TTY in classified secured areas, though space use classification is uncertain"
161,tavakoli_zamani,Yes,0.0,0.31,0,3.0,,,geometric positioning and offset dimension measurable in model
162,tavakoli_zamani,No,0.0,0.2067,0,3.0,,,"obligation directed at local ordinance, external regulatory data"
163,tavakoli_zamani,No,0.0,0.16,0,3.0,,,states an exemption rather than an obligation
164,tavakoli_zamani,Yes,1.0,0.46,0,3.0,,,reinforcement material attribute of identified elements is modellable
165,tavakoli_zamani,No,0.0,0.22,0,3.0,,,requires structural load analysis and design judgment
166,tavakoli_zamani,Yes,0.0,0.3833,0,3.0,,,room-type floor finish material checkable as model attribute
167,tavakoli_zamani,No,0.0,0.2533,0,3.0,,,interpretive rule referring to other clauses' requirements
168,tavakoli_zamani,Yes,1.0,0.4133,0,3.0,,,layer position within wall assembly geometrically verifiable
169,tavakoli_zamani,Yes,1.0,0.4467,0,3.0,,,"material property and height limit checkable, though occupancy classification assumed"
170,tavakoli_zamani,Yes,1.0,1.1833,0,3.0,,,presence of fixing fittings modellable but open-ended and inspection-like
171,tavakoli_zamani,Yes,0.0,0.3833,0,3.0,,,seat-zone and viewing-angle criteria computable from model geometry
172,tavakoli_zamani,No,0.0,0.2467,0,3.0,,,"permission plus separate prohibition, compound and non-mandatory"
173,tavakoli_zamani,Yes,0.0,0.3033,0,3.0,,,"explicit dimensions measurable, though two paired values"
174,tavakoli_zamani,Yes,1.0,0.4167,0,3.0,,,"fire-resistance attributes and partitioning checkable, exclusion vague"
175,tavakoli_zamani,No,0.0,0.1133,0,3.0,,,exception conditioned on subjective terrain feasibility
176,tavakoli_zamani,No,0.0,0.2167,0,3.0,,,deflection limit requires structural/load analysis or testing
177,tavakoli_zamani,No,1.0,0.4233,0,3.0,,,'usable' and 'near street level' need subjective judgment
178,tavakoli_zamani,No,0.0,0.36,0,3.0,,,dispersion requirement lacks quantified criterion
179,tavakoli_zamani,No,0.0,0.1367,0,3.0,,,"exemption statement, no obligation to check"
180,tavakoli_zamani,No,0.0,0.0933,0,3.0,,,grammatically incomplete truncated sentence
181,tavakoli_zamani,Yes,0.0,0.3133,0,3.0,,,single room-adjacency relation decidable from model spatial data
182,tavakoli_zamani,Yes,1.0,1.1367,0,3.0,,,two independent adjacency requirements to different spaces
183,tavakoli_zamani,No,0.0,0.1867,0,3.0,,,states an exemption/relaxation rather than an obligation
184,tavakoli_zamani,Yes,1.0,0.4067,0,3.0,,,exit access from each storey is topologically checkable in the model
185,tavakoli_zamani,Yes,1.0,1.1367,0,3.0,,,compound adjacency requirement with two separately failing conditions
186,tavakoli_zamani,Yes,0.0,0.3767,0,3.0,,,conditional route connectivity decidable from modelled circulation topology
187,tavakoli_zamani,No,1.0,0.3867,0,3.0,,,'usable without assistance' requires performance/usability judgment beyond model
188,tavakoli_zamani,No,0.0,0.15,0,3.0,,,objective-based and multi-purpose with no measurable criteria
189,tavakoli_zamani,Yes,1.0,1.1267,0,3.0,,,coincidence with circulation paths is geometrically testable though 'same area' is vague
190,tavakoli_zamani,Yes,0.0,0.3067,0,3.0,,,interior/exterior attribute of routes checkable from model
191,tavakoli_zamani,Yes,0.0,0.3633,0,3.0,,,counting of accessible telephones per floor derivable from model
192,tavakoli_zamani,No,0.0,0.22,0,3.0,,,depends on externally cited exception clauses
193,tavakoli_zamani,No,0.0,0.1067,0,3.0,,,"broad list of security provisions, not model-decidable"
194,tavakoli_zamani,Yes,1.0,0.4167,0,3.0,,,refuge zone frequency and stair connectivity computable from model geometry
195,tavakoli_zamani,No,1.0,1.14,0,3.0,,,bundles three separate provisions that could independently fail
196,tavakoli_zamani,No,0.0,0.2,0,3.0,,,non-application clause rather than an obligation
197,tavakoli_zamani,Yes,1.0,1.1067,0,3.0,,,combines a prohibition and a separate discharge destination requirement
198,tavakoli_zamani,No,0.0,0.1633,0,3.0,,,material compatibility is not determinable from model data
199,tavakoli_zamani,No,0.0,0.33,0,3.0,,,requires project-specific backwater level external to the model
200,tavakoli_zamani,Yes,0.0,0.2667,0,3.0,,,trap connection and 50 mm seal depth are explicit model parameters
201,tavakoli_zamani,Yes,1.0,0.4233,0,3.0,,,"Continuous fall and absence of horizontal offsets is derivable from pipe geometry, though 'sags' is an installation defect"
202,tavakoli_zamani,Yes,0.0,0.19,0,3.0,,,Explicit 3 m pipework distance measurable along modelled pipe runs
203,tavakoli_zamani,No,0.0,0.0867,0,3.0,,,Requires thermal/flow analysis and noise judgment beyond the model
204,tavakoli_zamani,No,0.0,0.0833,0,3.0,,,"Exemption/permission about audible content, not a model-checkable obligation"
205,tavakoli_zamani,No,0.0,0.0867,0,3.0,,,Functional operating capability requiring physical testing
206,tavakoli_zamani,No,0.0,0.07,0,3.0,,,"Deeming/definitional provision, not a geometric obligation"
207,tavakoli_zamani,No,0.0,0.1633,0,3.0,,,Design factor requirement not representable or verifiable in model data
208,tavakoli_zamani,Yes,0.0,0.2567,0,3.0,,,Handrail continuity across landing is checkable from modelled geometry
209,tavakoli_zamani,Yes,1.0,0.4967,0,3.0,,,"Back support or wall attachment are object attributes/geometry, though back support is a product property"
210,tavakoli_zamani,Yes,1.0,0.42,0,3.0,,,Egress path analysis through modelled tenant spaces to refuge area
211,tavakoli_zamani,Yes,0.0,0.32,0,3.0,,,"Material classification of modelled interior elements, with two permitted options of one requirement"
212,tavakoli_zamani,No,0.0,0.04,0,3.0,,,"Administrative submittal with timing, not model content"
213,tavakoli_zamani,No,0.0,0.0367,0,3.0,,,Contractual payment provision with subjective 'significant change' test
214,tavakoli_zamani,No,1.0,0.4167,0,3.0,,,Assigns a capacity credit value rather than imposing a checkable design condition
215,tavakoli_zamani,No,0.0,0.1167,0,3.0,,,Multiple requirements including peening and pull-resistance verified by inspection
216,tavakoli_zamani,No,0.0,0.34,0,3.0,,,"Continuous illumination is an operational/timed condition, not model data"
217,tavakoli_zamani,Yes,1.0,1.1067,0,3.0,,,Floor construction properties of designated hazardous storage spaces are model attributes
218,tavakoli_zamani,Yes,0.0,0.3733,0,3.0,,,"Wall-to-earth contact geometry plus material attribute, exception stated inline"
219,tavakoli_zamani,No,0.0,0.31,0,3.0,,,"Depends on the sign's listed viewing distance, external product data"
220,tavakoli_zamani,Yes,1.0,1.1533,0,3.0,,,Concerns operational release mechanisms and offers alternatives verified functionally rather than in the model
221,tavakoli_zamani,No,0.0,0.2,0,3.0,,,trigger 'where falling danger exists' requires subjective judgment
222,tavakoli_zamani,No,0.0,0.3533,0,3.0,,,'near' is undefined and the exception clause makes it vague
223,tavakoli_zamani,No,0.0,0.17,0,3.0,,,rating depends on requirements stated elsewhere for the building type
224,tavakoli_zamani,No,0.0,0.1733,0,3.0,,,"live-load reduction is a structural analysis matter, not model data"
225,tavakoli_zamani,No,0.0,0.33,0,3.0,,,"definitional statement with two conditions, including vague 'equally distributed'"
226,tavakoli_zamani,Yes,0.0,0.3,0,3.0,,,presence of at least one designated accessible space is countable in the model
227,tavakoli_zamani,Yes,0.0,0.3333,0,3.0,,,fire-resistance rating property of floor and supporting elements is model-checkable
228,tavakoli_zamani,No,0.0,0.13,0,3.0,,,requires geotechnical capacity data and analysis outside the model
229,tavakoli_zamani,No,0.0,0.1067,0,3.0,,,"performance goal on settlement effects, not model-decidable"
230,tavakoli_zamani,No,0.0,0.2667,0,3.0,,,lists several independently failable valve-location requirements
231,tavakoli_zamani,No,0.0,0.2967,0,3.0,,,metarule on rounding that depends on other clauses' required quantities
232,tavakoli_zamani,Yes,1.0,1.11,0,3.0,,,handrail extension height and 300 mm length are geometric measurements
233,tavakoli_zamani,No,0.0,0.1067,0,3.0,,,opening force requires physical testing
234,tavakoli_zamani,Yes,0.0,0.27,0,3.0,,,"storey count, stair extent to roof and roof slope are all model geometry"
235,tavakoli_zamani,No,0.0,0.32,0,3.0,,,applicability hinges on operational length-of-stay data not in the model
236,tavakoli_zamani,Yes,1.0,0.4867,0,3.0,,,presence and location of a named space relative to another is model-checkable
237,tavakoli_zamani,No,0.0,0.3667,0,3.0,,,area-computation convention rather than a checkable obligation
238,tavakoli_zamani,No,1.0,0.41,0,3.0,,,'other sloped areas' and alteration scope need external judgment/project data
239,tavakoli_zamani,Yes,0.0,0.3767,0,3.0,,,3% minimum-one cell count is computable from the model inventory
240,tavakoli_zamani,No,0.0,0.35,0,3.0,,,depends on project-specific alteration scope and existing facility provision
241,tavakoli_zamani,No,0.0,0.12,0,3.0,,,exemption/permission with subjective 'essential to the function' test
242,tavakoli_zamani,No,0.0,0.1067,0,3.0,,,"performance durability requirement needing testing, not model geometry"
243,tavakoli_zamani,No,0.0,0.1333,0,3.0,,,"design-to-resist load requirement with 'where applicable', needs structural analysis"
244,tavakoli_zamani,No,0.0,0.1067,0,3.0,,,"marking method verified by physical inspection, and refers to information required elsewhere"
245,tavakoli_zamani,No,0.0,0.08,0,3.0,,,requires external flood analysis and project-specific hydraulic data
246,tavakoli_zamani,Yes,0.0,0.3667,0,3.0,,,countable bolt minimum at modelled beam-column connections
247,tavakoli_zamani,No,0.0,0.1667,0,3.0,,,construction sequencing and material placement verified on site
248,tavakoli_zamani,No,0.0,0.2833,0,3.0,,,"garbled, vague attachment requirement not model-decidable"
249,tavakoli_zamani,No,0.0,0.1067,0,3.0,,,permissive statement rather than obligation
250,tavakoli_zamani,Yes,0.0,0.2367,0,3.0,,,volume limit computable from modelled reservoir geometry
251,tavakoli_zamani,Yes,0.0,0.2933,0,3.0,,,net volume threshold computable for rooms flagged as naturally ventilated
252,tavakoli_zamani,Yes,0.0,0.2267,0,3.0,,,compartment volume limit computable from model geometry and occupancy attribute
253,tavakoli_zamani,Yes,0.0,0.2,0,3.0,,,single geometric volume minimum for an identifiable space
254,tavakoli_zamani,Yes,0.0,0.2733,0,3.0,,,ratio of crawl space volume to floor area computable from geometry
255,tavakoli_zamani,No,0.0,0.3267,0,3.0,,,definitional calculation method with no pass/fail threshold
256,tavakoli_zamani,No,0.0,0.2067,0,3.0,,,depends on external design flow rate and duration data
257,tavakoli_zamani,No,0.0,0.2933,0,3.0,,,calculation definition without compliance threshold
258,tavakoli_zamani,No,0.0,0.1433,0,3.0,,,requires smoke-movement performance analysis beyond the model
259,tavakoli_zamani,No,0.0,0.1567,0,3.0,,,relies on external reference value and energy loss computation
260,tavakoli_zamani,No,0.0,0.1467,0,3.0,,,definitional energy calculation needing external consumption data
261,tavakoli_zamani,No,0.0,0.3133,0,3.0,,,Combines two obligations and relies on liquid-class and stored-quantity data plus an unspecified fire rating outside the model
262,tavakoli_zamani,Yes,1.0,1.14,0,3.0,,,"Explicit 2-hour rating on separating construction is a model attribute check, though triggering stored-volume data is external"
263,tavakoli_zamani,No,0.0,0.3467,0,3.0,,,Defines a measurement/calculation basis rather than imposing a single pass/fail requirement
264,tavakoli_zamani,No,0.0,0.12,0,3.0,,,Requires design fire heat release rate and smoke density inputs and provides no formula
265,tavakoli_zamani,Yes,0.0,0.3467,0,3.0,,,Single quantified positional tolerance measurable against model grid lines
266,tavakoli_zamani,Yes,0.0,0.32,0,3.0,,,Purely geometric alignment of nosings decidable from model geometry
267,tavakoli_zamani,No,1.0,0.4,0,3.0,,,Two separate conditions (level and collinear) tied to a construction-sequence stage
268,tavakoli_zamani,Yes,0.0,0.2667,0,3.0,,,Single collinearity tolerance on drain centrelines is geometrically computable
269,tavakoli_zamani,Yes,0.0,0.32,0,3.0,,,"Geometric alignment between fascia top and wall plate top checkable in model, though no tolerance given"
270,tavakoli_zamani,No,1.0,1.1267,0,3.0,,,"Bundles collinearity, constant slope and a tolerance as independently failing conditions"
271,tavakoli_zamani,No,0.0,0.37,0,3.0,,,"""Abrupt change"" is unquantified and requires subjective judgment"
272,tavakoli_zamani,Yes,1.0,0.4567,0,3.0,,,Alignment to a baseline with an explicit 10 mm tolerance is geometrically decidable
273,tavakoli_zamani,Yes,1.0,0.43,0,3.0,,,Quantified positional/collinearity tolerance for modelled reinforcement geometry
274,tavakoli_zamani,Yes,0.0,0.3867,0,3.0,,,Explicit ±5 mm collinearity tolerance dominates the subjective purpose clause
275,tavakoli_zamani,Yes,1.0,1.1467,0,3.0,,,"Collinear alignment of adjacent top plates is geometric, though no tolerance is stated"
276,tavakoli_zamani,Yes,1.0,0.44,0,3.0,,,"5 mm gap limit is a dimensional check, albeit phrased as a site measurement"
277,tavakoli_zamani,Yes,0.0,0.2333,0,3.0,,,Centreline collinearity of openings across floors computable from model geometry
278,tavakoli_zamani,No,0.0,0.15,0,3.0,,,Compliance hinges on a supplementary structural analysis outside the model
279,tavakoli_zamani,Yes,1.0,0.4233,0,3.0,,,Collinearity of joint faces in plan and elevation is a single geometric alignment check
280,tavakoli_zamani,No,0.0,0.08,0,3.0,,,"Sealant movement capability requires material testing, not model data"
281,tavakoli_zamani,Yes,0.0,0.2467,0,3.0,,,single geometric concentricity condition decidable from model geometry
282,tavakoli_zamani,Yes,0.0,0.24,0,3.0,,,single concentricity check between sleeve and pipe geometry
283,tavakoli_zamani,Yes,0.0,0.3067,0,3.0,,,handrail helix axis versus column axis is geometrically checkable
284,tavakoli_zamani,No,1.0,1.1433,0,3.0,,,combines a concentricity rule and a separate 5 mm offset tolerance that could pass or fail independently
285,tavakoli_zamani,Yes,0.0,0.2867,0,3.0,,,concentric placement of column within pile cap is model geometry
286,tavakoli_zamani,No,1.0,0.3933,0,3.0,,,"two distinct obligations, concentricity and maximum hole diameter ratio"
287,tavakoli_zamani,No,0.0,0.1967,0,3.0,,,multiple requirements and relies on external design minimum thickness
288,tavakoli_zamani,Yes,1.0,0.39,0,3.0,,,"single concentricity obligation with uniform-thickness purpose clause, geometrically decidable"
289,tavakoli_zamani,No,1.0,0.4,0,3.0,,,separate concentricity and 25 mm clearance obligations
290,tavakoli_zamani,Yes,0.0,0.2533,0,3.0,,,single concentricity check between kerb and dome opening
291,tavakoli_zamani,Yes,0.0,0.2733,0,3.0,,,gap uniformity within 10 mm measurable from model geometry
292,tavakoli_zamani,Yes,0.0,0.2333,0,3.0,,,coincidence of two centrelines is a single geometric test
293,tavakoli_zamani,Yes,0.0,0.2133,0,3.0,,,single quantified clear-distance measurement from geometry
294,tavakoli_zamani,Yes,0.0,0.3633,0,3.0,,,tangency at a curve-to-straight junction is computable from geometry
295,tavakoli_zamani,Yes,0.0,0.3033,0,3.0,,,tangency between arc and straight wall segments is geometric
296,tavakoli_zamani,Yes,0.0,0.3333,0,3.0,,,kerb tangency at curve ends decidable from alignment geometry
297,tavakoli_zamani,Yes,1.0,0.42,0,3.0,,,tread orientation tangency at a defined point is geometrically testable
298,tavakoli_zamani,Yes,0.0,0.37,0,3.0,,,tangency of ramp curve to landing is a single geometric condition
299,tavakoli_zamani,Yes,1.0,0.4233,0,3.0,,,one tangency obligation quantified by a slope-change limit computable from geometry
300,tavakoli_zamani,Yes,1.0,0.4767,0,3.0,,,"tangency with a 5 degree angular-break limit is geometric, though arguably two conditions"
301,tavakoli_zamani,Yes,0.0,0.3233,0,3.0,,,"single quantified geometric distance from door opening, measurable in model"
302,tavakoli_zamani,Yes,1.0,0.4333,0,3.0,,,"tangency and 1-degree slope transition are computable geometry, though arguably two conditions"
303,tavakoli_zamani,Yes,0.0,0.28,0,3.0,,,purely geometric tangency condition decidable from model geometry
304,tavakoli_zamani,No,1.0,0.4233,0,3.0,,,'entire illuminated area' and 'upper parts of walls' are not model-resolvable and combine two conditions
305,tavakoli_zamani,Yes,1.0,0.4767,0,3.0,,,line-of-sight visibility from all room points is computable over model geometry
306,tavakoli_zamani,Yes,1.0,0.44,0,3.0,,,quantified 20 m radius coverage check on floor area
307,tavakoli_zamani,No,1.0,0.4067,0,3.0,,,"depends on occupant eye position while lying, not represented in a BIM model"
308,tavakoli_zamani,No,1.0,0.39,0,3.0,,,'standard bed location' and furniture obstruction judgement lie outside model data
309,tavakoli_zamani,No,0.0,0.19,0,3.0,,,signal registering and answering calls is a functional behaviour requiring testing
310,tavakoli_zamani,Yes,1.0,0.53,0,3.0,,,"visibility from adjacent floor area is a geometric line-of-sight check, though 'immediately in front' is loose"
311,tavakoli_zamani,No,0.0,0.3067,0,3.0,,,pillow/sleeping position and illuminated field coverage are not modelled and it states two conditions
312,tavakoli_zamani,No,1.0,0.4033,0,3.0,,,relies on standard sleeping position and unmodelled furniture placement
313,tavakoli_zamani,No,0.0,0.37,0,3.0,,,depends on externally specified locations required for audible alarms
314,tavakoli_zamani,No,0.0,0.3133,0,3.0,,,occupant orientation at a primary workstation is project-specific data absent from BIM
315,tavakoli_zamani,Yes,0.0,0.3233,0,3.0,,,equal counts of tagged accessible lockers per room are countable in the model
316,tavakoli_zamani,No,0.0,0.2133,0,3.0,,,'dispersed throughout' lacks any measurable criterion
317,tavakoli_zamani,No,0.0,0.22,0,3.0,,,'concentrated in a single area' is subjective and unquantified
318,tavakoli_zamani,Yes,1.0,0.4967,0,3.0,,,quantified 3 m separation between accessible and standard handsets is measurable
319,tavakoli_zamani,No,0.0,0.2967,0,3.0,,,'distributed uniformly' gives no testable threshold
320,tavakoli_zamani,No,1.0,0.4533,0,3.0,,,'single row or area' is partly vague and states two alternative criteria
321,tavakoli_zamani,No,0.0,0.1667,0,3.0,,,'comparable decision point' and 'reliably predict' require subjective judgment
322,tavakoli_zamani,No,0.0,0.21,0,3.0,,,'uniformly' and 'disproportionately greater distance' are subjective and the sentence bundles two aims
323,tavakoli_zamani,No,0.0,0.2567,0,3.0,,,"states measurement conventions with no threshold, and two separate directives"
324,tavakoli_zamani,Yes,0.0,0.1067,0,3.0,,,single explicit geometric slope limit computable from model surfaces
325,tavakoli_zamani,Yes,1.0,0.4867,0,3.0,,,"parallelism of path to stall axis is geometric, though the purpose clause adds interpretive load"
326,tavakoli_zamani,Yes,0.0,0.2267,0,3.0,,,parallel alignment of aisles is directly checkable geometry
327,tavakoli_zamani,No,0.0,0.38,0,3.0,,,'general customer flow path' is not modelled data and the test is comparative/vague
328,tavakoli_zamani,No,1.0,0.4567,0,3.0,,,combines bench orientation and separate clear-floor-space requirement that could fail independently
329,tavakoli_zamani,Yes,1.0,1.1067,0,3.0,,,imposes two distinct alignment conditions plus a consistency outcome
330,tavakoli_zamani,Yes,0.0,0.2867,0,3.0,,,level surface and explicit height range are measurable in the model
331,tavakoli_zamani,Yes,0.0,0.1533,0,3.0,,,single explicit minimum dimension checkable from geometry
332,tavakoli_zamani,Yes,0.0,0.2267,0,3.0,,,single orientation requirement relative to a modelled curb face
333,tavakoli_zamani,Yes,0.0,0.2233,0,3.0,,,perpendicularity of posts to supporting surface is geometric
334,tavakoli_zamani,Yes,0.0,0.2733,0,3.0,,,drain axis versus roof surface normal is computable from geometry
335,tavakoli_zamani,Yes,0.0,0.3833,0,3.0,,,bracing orientation relative to framing direction is derivable from model elements
336,tavakoli_zamani,Yes,1.0,0.4067,0,3.0,,,single perpendicularity requirement between route and approach lane geometry
337,tavakoli_zamani,Yes,0.0,0.15,0,3.0,,,single explicit clear-width dimension
338,tavakoli_zamani,Yes,1.0,1.12,0,3.0,,,orientation rule is geometric though 'dominant direction of travel' needs inference
339,tavakoli_zamani,Yes,0.0,0.2333,0,3.0,,,single explicit maximum slot width measurable in model
340,tavakoli_zamani,No,1.0,0.39,0,3.0,,,"construction plumb tolerance requires site measurement, not nominal model geometry"
341,tavakoli_zamani,Yes,0.0,0.3,0,3.0,,,purely geometric flushness check on modelled framing
342,tavakoli_zamani,Yes,1.0,0.47,0,3.0,,,orientation of corrugations vs route direction is geometric but relies on fine detail attributes
343,tavakoli_zamani,Yes,0.0,0.3567,0,3.0,,,explicit dimensional limit measurable on modelled profile
344,tavakoli_zamani,Yes,1.0,0.4233,0,3.0,,,perpendicular orientation of ramp slope to curb is objectively derivable from geometry
345,tavakoli_zamani,Yes,1.0,0.3967,0,3.0,,,spatial encroachment/clash check between flare and adjacent path
346,tavakoli_zamani,No,1.0,0.3933,0,3.0,,,"bundles extension length, constant height and return termination as separately failing conditions"
347,tavakoli_zamani,No,0.0,0.21,0,3.0,,,multiple independent dimensional criteria plus reference to external elevator criteria
348,tavakoli_zamani,No,0.0,0.1067,0,3.0,,,performance detailing for water shedding and creep loading needs analysis and judgment
349,tavakoli_zamani,No,0.0,0.08,0,3.0,,,"sealant durability and movement performance require testing, not model data"
350,tavakoli_zamani,No,1.0,0.3967,0,3.0,,,combines stair extension to roof with separate fire-rating requirement
351,tavakoli_zamani,No,0.0,0.34,0,3.0,,,two independent requirements: landing dimension and door swing direction
352,tavakoli_zamani,Yes,0.0,0.2667,0,3.0,,,presence of handrails on both sides is directly verifiable in model
353,tavakoli_zamani,Yes,1.0,0.43,0,3.0,,,grab bar placement checkable if shower transfer type is a model attribute
354,tavakoli_zamani,Yes,0.0,0.3867,0,3.0,,,hardware presence on each leaf face verifiable from populated model
355,tavakoli_zamani,Yes,0.0,0.3567,0,3.0,,,outlet placement relative to workbench sides is a model query
356,tavakoli_zamani,Yes,0.0,0.3333,0,3.0,,,equal fixture counts can be tallied from the model
357,tavakoli_zamani,No,1.0,0.48,0,3.0,,,"states two separately failing conditions, equal height and equal projection"
358,tavakoli_zamani,No,1.0,1.12,0,3.0,,,'allow vehicle doors to open fully' is an unquantified performance judgment
359,tavakoli_zamani,Yes,0.0,0.3133,0,3.0,,,end-to-end alignment is a single geometric check
360,tavakoli_zamani,No,0.0,0.16,0,3.0,,,multiple conflated criteria including subjective symmetry and orientation
361,tavakoli_zamani,No,1.0,0.4,0,3.0,,,"""visual contrast"" and ""eye level"" are undefined and require subjective judgment"
362,tavakoli_zamani,Yes,0.0,0.2933,0,3.0,,,door/space adjacency and occupancy classification are model data
363,tavakoli_zamani,Yes,0.0,0.3067,0,3.0,,,area threshold and presence of ramp or lift connection are geometrically decidable
364,tavakoli_zamani,No,0.0,0.3267,0,3.0,,,"""obstruct the required accessible route"" is vague and relies on external route definition"
365,tavakoli_zamani,Yes,0.0,0.1467,0,3.0,,,explicit clear-width dimension measurable from geometry
366,tavakoli_zamani,Yes,0.0,0.3567,0,3.0,,,door position relative to modelled accessible route is a geometric relation
367,tavakoli_zamani,Yes,0.0,0.1533,0,3.0,,,quantified clear opening width checkable from door geometry
368,tavakoli_zamani,No,0.0,0.1967,0,3.0,,,combines an area limit and a separate access-provision requirement
369,tavakoli_zamani,No,0.0,0.15,0,3.0,,,obstruction of natural light or ventilation needs empirical analysis and judgment
370,tavakoli_zamani,No,0.0,0.2933,0,3.0,,,multiple conditions plus ill-defined comparison path for non-disabled occupants
371,tavakoli_zamani,No,1.0,0.41,0,3.0,,,"""supported independently"" describes an installation practice not reliably encoded or judged in a model"
372,tavakoli_zamani,Yes,1.0,0.41,0,3.0,,,presence of a sleeve around pipes within masonry walls is modellable and checkable
373,tavakoli_zamani,No,1.0,0.43,0,3.0,,,maintaining the assembly rating implies tested/certified glazing rather than model data alone
374,tavakoli_zamani,No,0.0,0.2867,0,3.0,,,"requires a ""listed"" certified enclosure, verifiable only outside the model"
375,tavakoli_zamani,Yes,0.0,0.26,0,3.0,,,single comparison of rating properties between panel and host assembly
376,tavakoli_zamani,No,1.0,0.4167,0,3.0,,,states two separately failable hardware requirements (self-closing and positive-latching)
377,tavakoli_zamani,Yes,0.0,0.17,0,3.0,,,explicit cover dimension measurable from embedded conduit geometry
378,tavakoli_zamani,Yes,0.0,0.2967,0,3.0,,,cross-sectional area ratio computable from shaft and equipment geometry
379,tavakoli_zamani,Yes,0.0,0.2067,0,3.0,,,explicit minimum clear shaft dimensions checkable geometrically
380,tavakoli_zamani,Yes,0.0,0.3,0,3.0,,,presence of a fire-rated access door at each compartment-crossing floor is model-checkable
381,tavakoli_zamani,No,1.0,0.4,0,3.0,,,combines a containment/location requirement with a separate dimensional one that could fail independently
382,tavakoli_zamani,Yes,0.0,0.3267,0,3.0,,,single geometric/relational check of seat position relative to controls
383,tavakoli_zamani,No,1.0,1.1433,0,3.0,,,"egress connectivity is topologically checkable in a full model, though 'required' leans on external clauses"
384,tavakoli_zamani,Yes,1.0,0.4367,0,3.0,,,"floor-plate width and exit placement are geometric, though 'opposite sides' is loosely defined"
385,tavakoli_zamani,Yes,0.0,0.3533,0,3.0,,,system topology (collector–heat exchanger–vessel) is verifiable from an MEP model
386,tavakoli_zamani,Yes,0.0,0.2867,0,3.0,,,anchorage spacing is a single measurable dimension
387,tavakoli_zamani,No,0.0,0.1067,0,3.0,,,load resistance without permanent deformation needs structural testing or analysis
388,tavakoli_zamani,No,0.0,0.1267,0,3.0,,,sealing quality and uplift/expansion performance require inspection and testing
389,tavakoli_zamani,Yes,0.0,0.36,0,3.0,,,"flexible duct presence and maximum length are model-checkable, vibration clause is rationale"
390,tavakoli_zamani,Yes,1.0,0.4867,0,3.0,,,"handrail continuity between termini is geometrically derivable, though phrased as user performance"
391,tavakoli_zamani,Yes,1.0,0.4467,0,3.0,,,corner fitting height and cross-section continuity can be measured in the model
392,tavakoli_zamani,Yes,0.0,0.2267,0,3.0,,,explicit maximum gap dimension measurable from geometry
393,tavakoli_zamani,No,1.0,0.39,0,3.0,,,"couples fixing spacing with a bonded patch requirement, and bonding is an inspection matter"
394,tavakoli_zamani,No,1.0,0.4433,0,3.0,,,depends on project-specific 'highest designed water level' not inherent to the model
395,tavakoli_zamani,No,0.0,0.0667,0,3.0,,,"submission within a time limit is a procedural, timed obligation"
396,tavakoli_zamani,No,1.0,1.1067,0,3.0,,,aimed at commissioning measurement and verification against design values
397,tavakoli_zamani,No,0.0,0.0767,0,3.0,,,"documentary submission by the applicant, not a model attribute"
398,tavakoli_zamani,No,0.0,0.0933,0,3.0,,,prescribes certificate documentation format rather than physical model content
399,tavakoli_zamani,No,0.0,0.0833,0,3.0,,,requires a rating document with calculated ratings outside model geometry
400,tavakoli_zamani,No,0.0,0.05,0,3.0,,,requires a physical air-tightness test report and accredited tester
401,tavakoli_zamani,No,0.0,0.0633,0,3.0,,,"documentation hand-over process, not model-checkable"
402,tavakoli_zamani,Yes,1.0,1.1167,0,3.0,,,sign presence and symbol attribute along routes can be checked in a populated model
403,tavakoli_zamani,No,0.0,0.09,0,3.0,,,document content requirement listing many independent items
404,tavakoli_zamani,No,0.0,0.0733,0,3.0,,,drawing legibility is subjective and not a model property
405,tavakoli_zamani,No,0.0,0.09,0,3.0,,,"administrative allocation rule, no geometric or model data"
406,tavakoli_zamani,No,0.0,0.09,0,3.0,,,"operational availability, not verifiable from a model"
407,tavakoli_zamani,No,0.0,0.0733,0,3.0,,,submission demonstration covering multiple comparative judgments
408,tavakoli_zamani,Yes,0.0,0.3267,0,3.0,,,height threshold and sprinkler coverage are geometric/system attributes
409,tavakoli_zamani,No,0.0,0.0933,0,3.0,,,requires timed operational verification and commissioning
410,tavakoli_zamani,Yes,0.0,0.2133,0,3.0,,,area ratio computable from model geometry
411,tavakoli_zamani,No,1.0,1.11,0,3.0,,,ratio and area-weighted U-value calculation from model geometry and properties
412,tavakoli_zamani,Yes,0.0,0.3,0,3.0,,,count of accessible compartments per toilet room is model queryable
413,tavakoli_zamani,No,0.0,0.37,0,3.0,,,defines a calculation method rather than a testable obligation
414,tavakoli_zamani,No,1.0,0.4133,0,3.0,,,"calculation exclusion rule, not a checkable building property"
415,tavakoli_zamani,Yes,0.0,0.2,0,3.0,,,explicit mounting heights checkable geometrically
416,tavakoli_zamani,Yes,0.0,0.2867,0,3.0,,,spatial relationship between appliance and partitions is model checkable
417,tavakoli_zamani,No,1.0,1.1433,0,3.0,,,visibility with door in open position depends on dynamic state and judgment
418,tavakoli_zamani,No,0.0,0.3767,0,3.0,,,sightline from user position is subjective/observational
419,tavakoli_zamani,No,0.0,0.32,0,3.0,,,'distributed uniformly' is subjective and combines two requirements
420,tavakoli_zamani,No,0.0,0.3067,0,3.0,,,'consistent locations' is subjective alongside a separate height rule
421,tavakoli_zamani,Yes,0.0,0.27,0,3.0,,,seating placement per level is checkable from model geometry and space data
422,tavakoli_zamani,Yes,1.0,0.47,0,3.0,,,"negatively phrased distribution rule still decidable from seat locations, though loosely worded"
423,tavakoli_zamani,No,0.0,0.1,0,3.0,,,"air velocity in occupied zone requires airflow simulation or measurement, not model geometry"
424,tavakoli_zamani,Yes,0.0,0.15,0,3.0,,,collinearity with explicit 10 mm tolerance is pure geometry
425,tavakoli_zamani,Yes,0.0,0.2133,0,3.0,,,in-plan collinearity of tread nosings is geometrically decidable
426,tavakoli_zamani,Yes,1.0,0.48,0,3.0,,,concentricity is geometric though the uniform-compression purpose clause hints at physical verification
427,tavakoli_zamani,Yes,1.0,0.46,0,3.0,,,"bolt-circle concentricity checkable geometrically, with performance clause as rationale only"
428,tavakoli_zamani,Yes,1.0,1.1533,0,3.0,,,"combines concentricity, equal angular spacing and equal radius, which can fail independently"
429,tavakoli_zamani,Yes,1.0,0.44,0,3.0,,,concentricity and 5 mm maximum gap are measurable in geometry despite vague 'seats uniformly'
430,tavakoli_zamani,Yes,1.0,0.42,0,3.0,,,parallelism of markings to traffic lane is geometric if lanes are modelled
431,tavakoli_zamani,Yes,0.0,0.19,0,3.0,,,centring of clear floor space is a single geometric check
432,tavakoli_zamani,Yes,0.0,0.19,0,3.0,,,parallel orientation of clear space to mounting wall is geometric
433,tavakoli_zamani,Yes,1.0,0.43,0,3.0,,,depends on modelled accessible route direction but is otherwise geometric
434,tavakoli_zamani,Yes,0.0,0.2767,0,3.0,,,parallelism of strip to kerb line is directly measurable
435,tavakoli_zamani,Yes,0.0,0.26,0,3.0,,,300 mm extent relative to crossing edges is a dimensional check
436,tavakoli_zamani,Yes,0.0,0.3867,0,3.0,,,"landing orientation relative to travel direction is geometric, purpose clause aside"
437,tavakoli_zamani,Yes,1.0,0.5,0,3.0,,,"travel direction inferable from seat and control positions, so orientation is computable"
438,tavakoli_zamani,Yes,1.0,0.48,0,3.0,,,"perpendicularity of plate to stud direction is geometric, though 'without shimming' is installation-based"
439,tavakoli_zamani,Yes,1.0,0.4867,0,3.0,,,plumbness is checkable but 'consistent vertical surface' invites subjective judgment
440,tavakoli_zamani,No,1.0,0.4767,0,3.0,,,couples a minimum width and a gradient-change limit that could pass or fail independently
441,tavakoli_zamani,Yes,0.0,0.2733,0,3.0,,,pure geometric tangency check on modelled pipe centrelines
442,tavakoli_zamani,Yes,0.0,0.3133,0,3.0,,,gradient continuity at landing/ramp junction is derivable from model geometry
443,tavakoli_zamani,Yes,1.0,0.42,0,3.0,,,"equal count of accessible fixtures in each facility is countable, though 'equivalent provision' is loose"
444,tavakoli_zamani,No,1.0,0.46,0,3.0,,,couples equal height and equal gripping profile as two independently failable conditions
445,tavakoli_zamani,Yes,1.0,0.4133,0,3.0,,,presence and location of switches on both door sides is verifiable from the model
446,tavakoli_zamani,Yes,1.0,0.4767,0,3.0,,,height limit is numeric but two-sided 'reachable' adds a judgment element
447,tavakoli_zamani,Yes,0.0,0.3367,0,3.0,,,door adjacency to the accessible route is a topological model query
448,tavakoli_zamani,Yes,0.0,0.2267,0,3.0,,,per-floor count of accessible restrooms is checkable in the model
449,tavakoli_zamani,Yes,0.0,0.35,0,3.0,,,spatial relation of restroom to modelled accessible route is checkable
450,tavakoli_zamani,No,0.0,0.24,0,3.0,,,"requires a listed/certified product restoring the rating, i.e. external certification"
451,tavakoli_zamani,Yes,0.0,0.3267,0,3.0,,,150 mm positional tolerance relative to ceiling plane is measurable in the model
452,tavakoli_zamani,No,0.0,0.2267,0,3.0,,,depends on listing/certification of the enclosure rather than model data
453,tavakoli_zamani,Yes,0.0,0.28,0,3.0,,,prohibition on shared duct/sleeve is a containment check on modelled services
454,tavakoli_zamani,No,0.0,0.16,0,3.0,,,air leakage limit requires physical testing
455,tavakoli_zamani,No,1.0,0.4067,0,3.0,,,"load-transfer performance of the slip joint needs structural analysis, not model data"
456,tavakoli_zamani,No,0.0,0.1533,0,3.0,,,load and deflection performance requires structural testing or analysis
457,tavakoli_zamani,No,0.0,0.17,0,3.0,,,logging interval and retention period are operational functions not held in a BIM
458,tavakoli_zamani,Yes,0.0,0.16,0,3.0,,,clear opening area versus floor area ratio is computable from geometry
459,tavakoli_zamani,Yes,0.0,0.2467,0,3.0,,,explicit dimensional minimum measurable in the model
460,tavakoli_zamani,Yes,0.0,0.29,0,3.0,,,spacing of passing places along a modelled route is measurable
461,tavakoli_zamani,Yes,0.0,0.3567,0,3.0,,,"Geometric tolerance checkable from model, though it bundles concentricity and uniform width"
462,tavakoli_zamani,Yes,0.0,0.3067,0,3.0,,,Equality of aisle widths is a self-contained geometric check
463,tavakoli_zamani,No,0.0,0.08,0,3.0,,,Requires an audit record/documentation outside the model
464,tavakoli_zamani,No,0.0,0.04,0,3.0,,,"Heading fragment, not a requirement"
465,tavakoli_zamani,No,0.0,0.0567,0,3.0,,,Compliance depends on a cited clause
466,tavakoli_zamani,No,0.0,0.0567,0,3.0,,,Cross-reference only
467,tavakoli_zamani,No,0.0,0.06,0,3.0,,,Cross-reference only
468,tavakoli_zamani,No,0.0,0.06,0,3.0,,,Cross-reference only
469,tavakoli_zamani,No,0.0,0.0633,0,3.0,,,Cross-reference only
470,tavakoli_zamani,No,0.0,0.06,0,3.0,,,Cross-reference only
471,tavakoli_zamani,No,0.0,0.06,0,3.0,,,Cross-reference only
472,tavakoli_zamani,No,0.0,0.06,0,3.0,,,Cross-reference only
473,tavakoli_zamani,No,0.0,0.05,0,3.0,,,Refers to another clause and an external standard
474,tavakoli_zamani,No,0.0,0.06,0,3.0,,,Cross-reference only
475,tavakoli_zamani,No,0.0,0.07,0,3.0,,,Grants permission rather than imposing an obligation
476,tavakoli_zamani,No,0.0,0.0633,0,3.0,,,Cross-reference only
477,tavakoli_zamani,No,0.0,0.06,0,3.0,,,Cross-reference only
478,tavakoli_zamani,No,0.0,0.06,0,3.0,,,Cross-reference only
479,tavakoli_zamani,No,0.0,0.25,0,3.0,,,"""Integral part of the seating plan"" is subjective and unquantified"
480,tavakoli_zamani,No,0.0,0.0967,0,3.0,,,"Exemption referencing another clause, not a checkable obligation"
481,tavakoli_zamani,No,0.0,0.04,0,3.0,,,"Descriptive statement, not a requirement"
482,tavakoli_zamani,No,0.0,0.08,0,3.0,,,Compliance depends entirely on a cited clause
483,tavakoli_zamani,No,0.0,0.08,0,3.0,,,Requirement content resides in referenced clause
484,tavakoli_zamani,No,0.0,0.1233,0,3.0,,,Grants a permission rather than imposing an obligation
485,tavakoli_zamani,No,0.0,0.07,0,3.0,,,"Advisory preference, not a checkable obligation"
486,tavakoli_zamani,No,0.0,0.1067,0,3.0,,,Exemption rather than an obligation
487,tavakoli_zamani,No,0.0,0.08,0,3.0,,,Relies on external cited clauses
488,tavakoli_zamani,No,0.0,0.1967,0,3.0,,,Vague performance outcome requiring judgment/analysis
489,tavakoli_zamani,No,0.0,0.0567,0,3.0,,,Scope/application provision referring to other chapters
490,tavakoli_zamani,No,0.0,0.16,0,3.0,,,Clear floor space criteria deferred to cited clause
491,tavakoli_zamani,No,0.0,0.1,0,3.0,,,Exemption dependent on referenced clauses
492,tavakoli_zamani,No,0.0,0.0633,0,3.0,,,"Advisory recommendation, not enforceable rule"
493,tavakoli_zamani,No,0.0,0.0767,0,3.0,,,Blanket cross-reference covering multiple element types
494,tavakoli_zamani,No,0.0,0.0467,0,3.0,,,"Explanatory commentary, no obligation"
495,tavakoli_zamani,No,0.0,0.09,0,3.0,,,Definition of toe clearance rather than a requirement
496,tavakoli_zamani,No,0.0,0.1333,0,3.0,,,Permissive allowance
497,tavakoli_zamani,No,0.0,0.2667,0,3.0,,,Dispersion is subjective and criteria are in cited clause
498,tavakoli_zamani,Yes,1.0,0.45,0,3.0,,,Self-contained conditional count of provided fixtures checkable in model
499,tavakoli_zamani,No,0.0,0.1,0,3.0,,,"Definitional exclusion, not an obligation"
500,tavakoli_zamani,No,0.0,0.0833,0,3.0,,,Content deferred to referenced section 232
501,tavakoli_zamani,No,0.0,0.07,0,3.0,,,"""maximum extent feasible"" and accessibility judgment are subjective, not model-decidable"
502,tavakoli_zamani,No,0.0,0.05,0,3.0,,,"advisory list of considerations, not an obligation"
503,tavakoli_zamani,No,0.0,0.0567,0,3.0,,,definition/description rather than a requirement
504,tavakoli_zamani,No,0.0,0.05,0,3.0,,,"advisory listing of decision factors, no obligation"
505,tavakoli_zamani,No,0.0,0.0767,0,3.0,,,feasibility qualifier and multiple independent elements
506,tavakoli_zamani,No,0.0,0.0533,0,3.0,,,defers wholly to external regulations and funding status
507,tavakoli_zamani,No,0.0,0.0467,0,3.0,,,recommendation/encouragement with subjective equivalence
508,tavakoli_zamani,No,0.0,0.06,0,3.0,,,feasibility qualifier plus date-of-commencement data outside the model
509,tavakoli_zamani,No,0.0,0.0933,0,3.0,,,content lies in cited clause 403
510,tavakoli_zamani,No,0.0,0.09,0,3.0,,,bare cross-reference to another section
511,tavakoli_zamani,No,0.0,0.09,0,3.0,,,bare cross-reference to another section
512,tavakoli_zamani,No,0.0,0.09,0,3.0,,,bare cross-reference to another section
513,tavakoli_zamani,No,0.0,0.09,0,3.0,,,bare cross-reference to another section
514,tavakoli_zamani,No,0.0,0.09,0,3.0,,,bare cross-reference to another section
515,tavakoli_zamani,No,0.0,0.0933,0,3.0,,,bare cross-reference to another section
516,tavakoli_zamani,No,0.0,0.09,0,3.0,,,bare cross-reference to another section
517,tavakoli_zamani,No,0.0,0.09,0,3.0,,,bare cross-reference to another section
518,tavakoli_zamani,No,0.0,0.0933,0,3.0,,,bare cross-reference to another section
519,tavakoli_zamani,No,0.0,0.08,0,3.0,,,cross-reference and two separate cited provisions
520,tavakoli_zamani,No,0.0,0.05,0,3.0,,,requires external standard and physical impact testing
521,tavakoli_zamani,No,0.0,0.0567,0,3.0,,,Requirement resides in cited clauses and offers alternatives
522,tavakoli_zamani,No,0.0,0.0567,0,3.0,,,Content deferred to cited section 224
523,tavakoli_zamani,No,0.0,0.0733,0,3.0,,,"Permissive statement, not an obligation"
524,tavakoli_zamani,No,0.0,0.0667,0,3.0,,,Refers to an entire chapter for its content
525,tavakoli_zamani,No,0.0,0.0567,0,3.0,,,Cross-reference to a range of sections
526,tavakoli_zamani,No,0.0,0.06,0,3.0,,,Content deferred to cited sections
527,tavakoli_zamani,No,0.0,0.07,0,3.0,,,Permissive and cross-referenced
528,tavakoli_zamani,No,0.0,0.07,0,3.0,,,Requirement contained in cited clause 216.9
529,tavakoli_zamani,No,0.0,0.06,0,3.0,,,Vague 'applicable requirements' of a cited section
530,tavakoli_zamani,No,0.0,0.0833,0,3.0,,,Cross-reference plus operational loading condition not modelled
531,tavakoli_zamani,No,0.0,0.0633,0,3.0,,,Content deferred to cited clause and covers multiple element types
532,tavakoli_zamani,No,0.0,0.1,0,3.0,,,"Two requirements, one cross-referenced, other about in-use obstruction"
533,tavakoli_zamani,No,0.0,0.07,0,3.0,,,Conditional cross-reference to 1008.3
534,tavakoli_zamani,No,0.0,0.0733,0,3.0,,,Requirement lies in cited section 308
535,tavakoli_zamani,No,0.0,0.07,0,3.0,,,Cross-reference to 1008.2.5
536,tavakoli_zamani,No,0.0,0.0567,0,3.0,,,Two separate cross-referenced requirements
537,tavakoli_zamani,No,0.0,0.0533,0,3.0,,,Procedural obligation depending on external buyer information
538,tavakoli_zamani,No,0.0,0.0467,0,3.0,,,Exemption requiring subjective demonstration of impracticability
539,tavakoli_zamani,No,0.0,0.0533,0,3.0,,,Multiple cross-referenced requirements in one sentence
540,tavakoli_zamani,No,0.0,0.08,0,3.0,,,Compliance content deferred to cited clause 810.2
541,tavakoli_zamani,No,0.0,0.1,0,3.0,,,"Depends on alteration history and unspecified external requirements, and states multiple obligations"
542,tavakoli_zamani,No,0.0,0.15,0,3.0,,,Requires external fixed-route service data and cites unspecified dimensional requirements
543,tavakoli_zamani,No,0.0,0.08,0,3.0,,,Cites clauses 707 and 811 and bundles two independent requirements
544,tavakoli_zamani,No,0.0,0.0733,0,3.0,,,"Exemption rather than obligation, and refers to another section"
545,tavakoli_zamani,No,0.0,0.09,0,3.0,,,"Exemption granting relief, not an obligation, and surface properties need physical testing"
546,tavakoli_zamani,No,0.0,0.0967,0,3.0,,,"Relies on external table and cited clause, and states two requirements"
547,tavakoli_zamani,No,0.0,0.0667,0,3.0,,,"Date-dependent choice referencing external standards, not model-checkable"
548,tavakoli_zamani,No,0.0,0.1,0,3.0,,,Definitional/exclusionary statement referring to another clause
549,tavakoli_zamani,No,0.0,0.07,0,3.0,,,Administrative temporal provision referencing external standards
550,tavakoli_zamani,No,0.0,0.07,0,3.0,,,Administrative temporal provision referencing external standards
551,tavakoli_zamani,No,0.0,0.0833,0,3.0,,,Multiple requirements relying on cited clause and table
552,tavakoli_zamani,No,0.0,0.06,0,3.0,,,"Permissive, date-based, and references external standards"
553,tavakoli_zamani,No,0.0,0.03,0,3.0,,,"Place and date, not a requirement"
554,tavakoli_zamani,No,0.0,0.0333,0,3.0,,,Heading fragment
555,tavakoli_zamani,No,0.0,0.0333,0,3.0,,,Heading fragment
556,tavakoli_zamani,No,0.0,0.0333,0,3.0,,,Heading fragment
557,tavakoli_zamani,No,0.0,0.07,0,3.0,,,Subjective qualitative terms with no measurable criterion
558,tavakoli_zamani,No,0.0,0.07,0,3.0,,,"Permissive statement of options, not an obligation"
559,tavakoli_zamani,No,0.0,0.05,0,3.0,,,"Fragment describing conditions, no obligation"
560,tavakoli_zamani,No,0.0,0.13,0,3.0,,,States a design input value not verifiable from model geometry
561,tavakoli_zamani,No,0.0,0.0333,0,3.0,,,"heading/annex title, no obligation"
562,tavakoli_zamani,No,0.0,0.08,0,3.0,,,"permissive and requires deformation analysis, not model geometry"
563,tavakoli_zamani,No,0.0,0.0333,0,3.0,,,"section heading, not a requirement"
564,tavakoli_zamani,No,0.0,0.07,0,3.0,,,"explanatory statement about a method, no obligation"
565,tavakoli_zamani,No,0.0,0.0333,0,3.0,,,heading fragment
566,tavakoli_zamani,No,0.0,0.1633,0,3.0,,,defines a design parameter rather than a model-checkable obligation
567,tavakoli_zamani,No,0.0,0.0733,0,3.0,,,permission referring to external annex
568,tavakoli_zamani,No,0.0,0.0667,0,3.0,,,exemption clause dependent on unstated preceding requirement
569,tavakoli_zamani,No,0.0,0.0467,0,3.0,,,explicitly subjective and permissive
570,tavakoli_zamani,No,0.0,0.0867,0,3.0,,,vague 'suitable for their use' requires subjective judgment
571,tavakoli_zamani,No,0.0,0.08,0,3.0,,,"scope/applicability statement, not a checkable obligation"
572,tavakoli_zamani,No,0.0,0.0767,0,3.0,,,'safe and appropriate' is subjective
573,tavakoli_zamani,No,0.0,0.1133,0,3.0,,,lighting adequacy needs performance analysis and judgment
574,tavakoli_zamani,No,0.0,0.07,0,3.0,,,exception fragment referencing unstated rule
575,tavakoli_zamani,No,0.0,0.1567,0,3.0,,,no explicit dimensions; subjective assessment of usability
576,tavakoli_zamani,No,0.0,0.11,0,3.0,,,climatic data adjustment external to the model
577,tavakoli_zamani,No,0.0,0.1133,0,3.0,,,explanatory statement without the load value itself
578,tavakoli_zamani,No,0.0,0.0933,0,3.0,,,refers to external standard curve and requires fire testing
579,tavakoli_zamani,No,0.0,0.1067,0,3.0,,,'proportionate' depends on project-specific goods traffic data
580,tavakoli_zamani,No,0.0,0.0467,0,3.0,,,"classification fragment, explicitly subjective"
581,tavakoli_zamani,No,0.0,0.2133,0,3.0,,,Prescribes a calculation procedure/input rather than a model-verifiable building property
582,tavakoli_zamani,No,0.0,0.04,0,3.0,,,"Definition, not an obligation"
583,tavakoli_zamani,No,0.0,0.04,0,3.0,,,"Definition, not an obligation"
584,tavakoli_zamani,No,0.0,0.1133,0,3.0,,,Performance aim requiring subjective judgment of activity suitability
585,tavakoli_zamani,No,0.0,0.0667,0,3.0,,,Permission and explicitly subjective assessment
586,tavakoli_zamani,No,0.0,0.3667,0,3.0,,,Vague alternative destinations outside the model's scope
587,tavakoli_zamani,No,0.0,0.1,0,3.0,,,No numeric limit; 'easy to use' is subjective
588,tavakoli_zamani,No,0.0,0.1233,0,3.0,,,Impermeability requires physical testing/inspection
589,tavakoli_zamani,No,0.0,0.04,0,3.0,,,"Definition, not an obligation"
590,tavakoli_zamani,No,0.0,0.0867,0,3.0,,,Permission conditioned on other clauses
591,tavakoli_zamani,No,0.0,0.06,0,3.0,,,Explicitly subjective and conditional
592,tavakoli_zamani,No,0.0,0.1333,0,3.0,,,"Broad performance goal needing risk judgment, no measurable criterion"
593,tavakoli_zamani,No,0.0,0.1033,0,3.0,,,'Easy to open' is subjective and requires physical trial
594,tavakoli_zamani,No,0.0,0.0967,0,3.0,,,Depends on data in an annex external to the sentence
595,tavakoli_zamani,No,0.0,0.1133,0,3.0,,,"Permissive classification statement, depends on fire load data"
596,tavakoli_zamani,No,0.0,0.24,0,3.0,,,"Two separable requirements, one needing pressure analysis"
597,tavakoli_zamani,No,0.0,0.1067,0,3.0,,,Refers to external design documents and site suitability
598,tavakoli_zamani,No,0.0,0.0533,0,3.0,,,"Definition of a metric, not a requirement"
599,tavakoli_zamani,No,0.0,0.1333,0,3.0,,,Duty on designers with subjective solution hierarchy
600,tavakoli_zamani,No,0.0,0.07,0,3.0,,,Defines a difficulty class using subjective criteria
601,tavakoli_zamani,No,0.0,0.0933,0,3.0,,,"definition of an energy metric, not an obligation"
602,tavakoli_zamani,No,0.0,0.1267,0,3.0,,,classificatory description rather than a checkable obligation
603,tavakoli_zamani,No,0.0,0.0433,0,3.0,,,"heading fragment, no requirement"
604,tavakoli_zamani,No,0.0,0.0433,0,3.0,,,"heading fragment, no requirement"
605,tavakoli_zamani,No,0.0,0.1233,0,3.0,,,"permissive relaxation concerning analysis, not a model-checkable obligation"
606,tavakoli_zamani,No,0.0,0.08,0,3.0,,,requires physical testing or empirical analysis
607,tavakoli_zamani,Yes,1.0,0.4667,0,3.0,,,single geometric measurement rule computable from model geometry
608,tavakoli_zamani,No,0.0,0.1733,0,3.0,,,depends on undefined category and external design values/energy calculation
609,tavakoli_zamani,No,0.0,0.0667,0,3.0,,,fragment citing an external standard clause
610,tavakoli_zamani,No,0.0,0.08,0,3.0,,,relies on values in a cited standard's national choices
611,tavakoli_zamani,No,0.0,0.0567,0,3.0,,,scope statement referring to an external standard
612,tavakoli_zamani,No,0.0,0.05,0,3.0,,,fragment requiring project-specific assessment
613,tavakoli_zamani,No,0.0,0.0567,0,3.0,,,scope statement referring to an external standard
614,tavakoli_zamani,No,0.0,0.0667,0,3.0,,,defers entirely to values in cited standards
615,tavakoli_zamani,No,0.0,0.0667,0,3.0,,,defers entirely to values in cited standards
616,tavakoli_zamani,No,0.0,0.05,0,3.0,,,requires calibration and measurement procedures outside the model
617,tavakoli_zamani,No,0.0,0.05,0,3.0,,,fragment requiring case-by-case assessment
618,tavakoli_zamani,No,0.0,0.1,0,3.0,,,vague design duty needing site data and judgment
619,tavakoli_zamani,No,0.0,0.2567,0,3.0,,,conditional on subjective leakage risk and maintainability judgment
620,tavakoli_zamani,No,0.0,0.0533,0,3.0,,,depends on project-specific risk assessment data
621,tavakoli_zamani,No,0.0,0.05,0,3.0,,,Permissive and relies on a physical full-scale test
622,tavakoli_zamani,No,0.0,0.04,0,3.0,,,"Requires project-specific risk assessment process, not model-checkable"
623,tavakoli_zamani,No,0.0,0.0633,0,3.0,,,Depends on external decrees for load values
624,tavakoli_zamani,No,0.0,0.0867,0,3.0,,,Numerical values reside in an external table and acoustic performance needs testing
625,tavakoli_zamani,No,0.0,0.1167,0,3.0,,,Requires dynamic energy simulation beyond model geometry
626,tavakoli_zamani,No,0.0,0.0467,0,3.0,,,Assigns responsibility and depends on site moisture measurement
627,tavakoli_zamani,No,0.0,0.0533,0,3.0,,,Discretionary authority requirement referencing external legislation
628,tavakoli_zamani,No,0.0,0.1467,0,3.0,,,"Scope/applicability statement, not an obligation"
629,tavakoli_zamani,No,0.0,0.0433,0,3.0,,,Fragmentary reference statement about an annex
630,tavakoli_zamani,No,0.0,0.08,0,3.0,,,Values come from external legislation
631,tavakoli_zamani,No,0.0,0.0567,0,3.0,,,Fragment dependent on external specification
632,tavakoli_zamani,No,0.0,0.05,0,3.0,,,"Informative reference to an annex, no obligation"
633,tavakoli_zamani,No,0.0,0.1133,0,3.0,,,Performance requirement needing external climate data and capacity analysis
634,tavakoli_zamani,No,0.0,0.0633,0,3.0,,,Definition of design-task difficulty with subjective criteria
635,tavakoli_zamani,No,0.0,0.0633,0,3.0,,,"Definitional classification, no obligation"
636,tavakoli_zamani,No,0.0,0.07,0,3.0,,,Permissive and hinges on designer's judgment
637,tavakoli_zamani,No,0.0,0.0633,0,3.0,,,Definitional classification with subjective terms
638,tavakoli_zamani,No,0.0,0.0633,0,3.0,,,Definition relying on subjective assessment
639,tavakoli_zamani,No,0.0,0.0633,0,3.0,,,"Definition, not an enforceable model requirement"
640,tavakoli_zamani,No,0.0,0.0633,0,3.0,,,Definitional classification with subjective criteria
641,tavakoli_zamani,No,0.0,0.0567,0,3.0,,,"Definition with subjective criteria, not a model-checkable obligation"
642,tavakoli_zamani,No,0.0,0.1,0,3.0,,,Requirement content resides in cited clause 216.4
643,tavakoli_zamani,No,0.0,0.1,0,3.0,,,"Exemption dependent on operational/occupancy policy, not model data"
644,tavakoli_zamani,No,0.0,0.06,0,3.0,,,"Advisory recommendation, not an obligation"
645,tavakoli_zamani,No,0.0,0.0867,0,3.0,,,Relaxation relying on cited clauses
646,tavakoli_zamani,No,0.0,0.2067,0,3.0,,,Cites clause 305 and states multiple independent requirements
647,tavakoli_zamani,No,0.0,0.06,0,3.0,,,"Definitional scoping statement, no obligation"
648,tavakoli_zamani,No,0.0,0.13,0,3.0,,,Refers to cited clause and dispersion judgment; two statements
649,tavakoli_zamani,No,0.0,0.1467,0,3.0,,,Conditional exemption referencing another clause
650,tavakoli_zamani,No,0.0,0.0767,0,3.0,,,Comparability judgment involving non-model factors
651,tavakoli_zamani,No,0.0,0.03,0,3.0,,,Not a building requirement
652,tavakoli_zamani,No,0.0,0.03,0,3.0,,,"Informational statement, no obligation"
653,tavakoli_zamani,No,0.0,0.2867,0,3.0,,,Cites clause 302 and combines two separable requirements
654,tavakoli_zamani,No,0.0,0.0933,0,3.0,,,"Permissive allowance, not an obligation"
655,tavakoli_zamani,No,0.0,0.13,0,3.0,,,Exemption conditioned on concealed reinforcement and cited clause
656,tavakoli_zamani,No,0.0,0.13,0,3.0,,,Exemption conditioned on concealed reinforcement and cited clause
657,tavakoli_zamani,No,0.0,0.03,0,3.0,,,Informational guidance only
658,tavakoli_zamani,No,0.0,0.1267,0,3.0,,,Exemption relying on use conditions and cited clause
659,tavakoli_zamani,No,0.0,0.1167,0,3.0,,,Substance deferred to cited section 504
660,tavakoli_zamani,No,0.0,0.11,0,3.0,,,Deferred to two cited sections
661,tavakoli_zamani,No,0.0,0.0567,0,3.0,,,"Requirement delegated to cited section, not self-contained"
662,tavakoli_zamani,No,0.0,0.0567,0,3.0,,,Compliance defined by cited sections 302 and 303
663,tavakoli_zamani,No,0.0,0.0433,0,3.0,,,References external standard and combines multiple operational requirements not modelable
664,tavakoli_zamani,No,0.0,0.06,0,3.0,,,Cites external sections and states two separable requirements
665,tavakoli_zamani,No,0.0,0.0467,0,3.0,,,"Explanatory/definitional list, not an obligation"
666,tavakoli_zamani,No,0.0,0.0267,0,3.0,,,Heading fragment
667,tavakoli_zamani,No,0.0,0.06,0,3.0,,,Requirement content resides in cited section 611
668,tavakoli_zamani,No,0.0,0.0733,0,3.0,,,Depends on cited clause 703.5 for sign criteria
669,tavakoli_zamani,No,0.0,0.0733,0,3.0,,,Depends on cited clause 703.5
670,tavakoli_zamani,No,0.0,0.06,0,3.0,,,Requires project cost data external to the model
671,tavakoli_zamani,No,0.0,0.0833,0,3.0,,,"Exemption/permission with use-based conditions, not a checkable obligation"
672,tavakoli_zamani,No,0.0,0.0267,0,3.0,,,Heading only
673,tavakoli_zamani,No,0.0,0.0267,0,3.0,,,Heading only
674,tavakoli_zamani,No,0.0,0.0267,0,3.0,,,Heading only
675,tavakoli_zamani,No,0.0,0.0267,0,3.0,,,Heading only
676,tavakoli_zamani,No,0.0,0.0267,0,3.0,,,Heading only
677,tavakoli_zamani,No,0.0,0.0267,0,3.0,,,Heading only
678,tavakoli_zamani,No,0.0,0.0267,0,3.0,,,Heading only
679,tavakoli_zamani,No,0.0,0.0467,0,3.0,,,"Definition of a category, not a requirement"
680,tavakoli_zamani,No,0.0,0.06,0,3.0,,,Process obligation requiring designer judgment and non-geometric data
681,tavakoli_zamani,No,0.0,0.0333,0,3.0,,,"definition, not an obligation"
682,tavakoli_zamani,No,0.0,0.0333,0,3.0,,,definition
683,tavakoli_zamani,No,0.0,0.0333,0,3.0,,,definition
684,tavakoli_zamani,No,0.0,0.0333,0,3.0,,,definition
685,tavakoli_zamani,No,0.0,0.0433,0,3.0,,,definition of a metric
686,tavakoli_zamani,No,0.0,0.0433,0,3.0,,,definition
687,tavakoli_zamani,No,0.0,0.0533,0,3.0,,,"definition, performance-based and untestable in BIM"
688,tavakoli_zamani,No,0.0,0.0467,0,3.0,,,"definition of a calculated quantity, no threshold"
689,tavakoli_zamani,No,0.0,0.0233,0,3.0,,,heading fragment
690,tavakoli_zamani,No,0.0,0.0667,0,3.0,,,"administrative exemption, not a model-checkable obligation"
691,tavakoli_zamani,No,0.0,0.06,0,3.0,,,administrative statement without explicit limits
692,tavakoli_zamani,No,0.0,0.07,0,3.0,,,"administrative parameter setting, not a checkable geometric/model requirement"
693,tavakoli_zamani,No,0.0,0.21,0,3.0,,,access control/operational security not verifiable from a BIM model
694,tavakoli_zamani,No,0.0,0.0467,0,3.0,,,administrative reference to external standard
695,tavakoli_zamani,No,0.0,0.04,0,3.0,,,documentation/process obligation
696,tavakoli_zamani,No,0.0,0.0367,0,3.0,,,conditional process requiring inspection and judgment
697,tavakoli_zamani,No,0.0,0.0233,0,3.0,,,"legislative repeal, no design requirement"
698,tavakoli_zamani,No,0.0,0.0567,0,3.0,,,"refers to external annex data, calculation procedure"
699,tavakoli_zamani,No,0.0,0.0467,0,3.0,,,scope statement citing external standard
700,tavakoli_zamani,No,0.0,0.0567,0,3.0,,,scope/applicability statement with subjective risk judgment
1,dream,Yes,0.0,0.0,0,4.0,Yes,Yes,"Spaces typed as patient care stations can be tested for enclosure and for containing exactly one bed/station instance, both model geometry and semantics."
2,dream,,1.0,1.0,0,4.0,Yes,No,"Net area of each workstation space is directly computable and compared to the unambiguous 64 NSF threshold, the faulty metric conversion notwithstanding."
3,dream,No,0.0,0.0,0,4.0,No,No,"It is a permission whose sole condition, ""visual privacy,"" is an undefined qualitative judgement with no modelled threshold, so the opposing point stands."
4,dream,Yes,0.0,0.0,0,4.0,Yes,Yes,Counting Class 1 imaging rooms and patient care stations and applying a ceiling ratio is a pure instance-count query on space classifications.
5,dream,No,0.0,0.0,0,4.0,No,No,"The sentence is a corrupt fragment with no determinable subject, quantity or testable criterion."
6,dream,Yes,0.0,0.0,0,4.0,Yes,Yes,"Both trigger and requirement reduce to counting typed telephone and TTY fixtures within spaces classified as emergency, recovery or waiting rooms."
7,dream,No,0.0,0.0,0,4.0,No,No,"It states an intent about an electrician's field verification of panel capacity, with no geometric or semantic threshold to evaluate."
8,dream,,1.0,1.0,0,4.0,Yes,No,"Door-to-space connectivity plus space security/access classification is explicit model topology, so the two required door adjacencies are checkable."
9,dream,,1.0,1.0,0,4.0,Yes,No,The depth of clear floor space beneath the element and the reach depth over the obstruction are both model dimensions and directly comparable.
10,dream,,1.0,1.0,0,4.0,Yes,No,"As the appended argument concedes, the over-shoulder/between-heads condition is a deterministic ray analysis between wheelchair-space eye points and the modelled rows ahead, so the check is geometric."
11,dream,No,0.0,0.0,0,4.0,No,No,"The trigger hinges on spectators being ""expected to remain seated during events,"" an operational assumption not recorded in model geometry or semantics."
12,dream,No,0.0,0.0,0,4.0,No,No,"It bundles several independent security systems with cable capacity and off-site USMS monitoring, which are operational facts outside the model."
13,dream,No,0.0,0.0,0,4.0,No,No,"Applicability depends on spectators being ""expected to stand during events,"" a behavioural premise external to the model."
14,dream,No,0.0,0.0,0,4.0,No,No,"It lists loose equipment and qualifies vending machines with ""potentially,"" yielding no determinate pass/fail criterion."
15,dream,Yes,0.0,0.0,0,4.0,Yes,Yes,Spectator seat instances and wheelchair spaces in the courtroom are countable and testable against the 75–82 range and the four-space figure.
16,dream,No,0.0,0.0,0,4.0,No,No,"""Near lounge areas"" fixes no measurable distance and the rack is owner-furnished loose furniture carrying no normative model semantics."
17,dream,,1.0,1.0,0,4.0,Yes,No,"Counting workstation elements within the typed workstation space against three is checkable, with courthouse size held as a project attribute."
18,dream,Yes,0.0,0.0,0,4.0,Yes,Yes,Presence of a doorbell device hosted at the dwelling unit's primary entrance with a hard-wired circuit property is an element-and-attribute query.
19,dream,Yes,0.0,0.0,0,4.0,Yes,Yes,Clearances from chimney geometry to elements carrying combustibility properties and the thickness of any non-combustible non-metal covering are all measurable in the model.
20,dream,No,0.0,0.0,0,4.0,No,No,It delegates the requirement to a Presidential Decree and states no criterion testable against a model.
21,dream,,1.0,1.0,0,4.0,Yes,No,"A single material trigger (unreinforced masonry structural members) leads to three purely quantitative tests — roof height, eave height and storey count — all directly derivable from model geometry and the structural material attribute, so I concur with the opposing framing that it is checkable."
22,dream,,1.0,1.0,0,4.0,Yes,No,"The parenthetical defines the piloti condition explicitly, so the engine need only verify that storey 1 contains no enclosed occupiable spaces other than the enumerated core rooms — a space-classification and level-geometry query."
23,dream,No,0.0,0.0,0,4.0,No,No,"Although a waterproof layer in below-grade wall assemblies is model-visible, the disjunctive alternative — a 'structurally managed water removal system' that lets the wall dry outward and prevents moisture ingress — is a performance objective whose adequacy no rule engine can decide, so non-compliance can never be established from the model."
24,dream,No,0.0,0.0,0,4.0,No,No,"Whether a column is single-piece or jointed is fabrication data not normally carried in a BIM, and the proviso turns on an engineering judgement of equivalent strength."
25,dream,No,0.0,0.0,0,4.0,No,No,"Garbled, interleaved text citing external guidance and an unstated contributing-area factor; there is no self-contained rule to evaluate."
26,dream,No,0.0,0.0,0,4.0,No,No,"It constrains the time step of an energy calculation procedure, not any geometric or semantic property of the modelled building."
27,dream,,1.0,1.0,0,4.0,Yes,No,"Building category is a classification attribute and the three permitted heat sources form a closed enumeration matchable against the modelled heat-generation plant type, so the engine can decide compliance without external judgement."
28,dream,No,0.0,0.0,0,4.0,No,No,"'Consistent with intended use and occupancy schedule' is an assessor judgement over simulation inputs, not a model-resident fact."
29,dream,No,0.0,0.0,0,4.0,No,No,Purely procedural duty to submit a document with a permit application.
30,dream,No,0.0,0.0,0,4.0,No,No,"Requires an administratively assigned rating derived from an energy calculation at completion, not a property resolvable from the model."
31,dream,No,0.0,0.0,0,4.0,No,No,Trigger depends on original installed system capacity held outside the model and the requirement is a reporting obligation.
32,dream,,1.0,1.0,0,4.0,Yes,No,Total floor area is computable from the model and the presence of electricity and heat sub-meter objects associated with each major use-category zone is a checkable MEP semantic condition.
33,dream,No,0.0,0.0,0,4.0,No,No,"A definitional/interpretive provision about term meanings in referenced standards, with nothing physical to evaluate."
34,dream,,1.0,1.0,0,4.0,Yes,No,Two named spaces plus a required ceiling finish material is a direct lookup of the ceiling element's finish attribute in those rooms.
35,dream,,1.0,1.0,0,4.0,Yes,No,"Identifiable space types, their non-overlap (separateness) and shared-boundary adjacency are topological relations computable directly from the space model."
36,dream,,1.0,1.0,0,4.0,Yes,No,"A single named room with specified wall finish codes, including a ceramic tile wainscot layer, is checkable against the finish attributes of the bounding walls."
37,dream,No,0.0,0.0,0,4.0,No,No,Truncated fragment that states no actual requirement.
38,dream,No,0.0,0.0,0,4.0,No,No,"An open-ended reliability/durability objective across a service life, requiring expert appraisal rather than model evaluation."
39,dream,No,0.0,0.0,0,4.0,No,No,"Sufficiency for design flow and effluent quality requires hydraulic calculation and external design data, and the material-resistance alternative is a performance judgement."
40,dream,,1.0,1.0,0,4.0,Yes,No,"The operative criterion — new dwellings, external masonry cavity walls, cavity width ≥50 mm maintained continuously over the full wall height — is measurable from the wall assembly's layer geometry, the mortar-droppings clause being merely workmanship qualifying the same clear-cavity dimension."
41,dream,,1.0,1.0,0,4.0,Yes,No,"Occupant load from space area/occupancy semantics and summed clear widths of exit doors give a deterministic arithmetic threshold, as the opposing point concedes."
42,dream,No,0.0,0.0,0,4.0,No,No,"'Excessive moisture', 'damage' and 'health hazard' are performance outcomes requiring hygrothermal analysis and judgment, with no model-evaluable criterion."
43,dream,No,0.0,0.0,0,4.0,No,No,"Tactile signage placement is below normal model granularity and the exception ('space precludes', 'as near as possible') is unquantified judgment."
44,dream,No,0.0,0.0,0,4.0,No,No,"'Near', 'staff side' and 'other selected areas' are undefined and the sentence packs multiple independent placement criteria."
45,dream,,1.0,1.0,0,4.0,Yes,No,"Agreeing with the opposing analysis, floor-level count, stories above grade plane and construction type are explicit model attributes that fully decide the exemption."
46,dream,Yes,0.0,0.0,0,4.0,Yes,Yes,A single numeric clear-width threshold measurable on the modelled route geometry.
47,dream,Yes,0.0,0.0,0,4.0,Yes,Yes,"A dimensional range between modelled WC and rear wall face, directly measurable."
48,dream,No,0.0,0.0,0,4.0,No,No,"Signal frequency is an acoustic device performance property established by measurement, not model geometry or semantics."
49,dream,No,0.0,0.0,0,4.0,No,No,"Effectiveness duration is an operational timing property verified by test, not a model attribute."
50,dream,No,0.0,0.0,0,4.0,No,No,"Door dwell time is control-system behaviour, not derivable from model geometry or semantics."
51,dream,Yes,0.0,0.0,0,4.0,Yes,Yes,"Storey count, floor area, masonry material and wall thickness are standard model quantities against a fixed 90 mm threshold."
52,dream,No,0.0,0.0,0,4.0,No,No,"Requires acoustic measurement and classification of noise character, which the model cannot supply."
53,dream,No,0.0,0.0,0,4.0,No,No,Volume is model-derivable but reverberation time requires absorption data and acoustic simulation or measurement.
54,dream,Yes,0.0,0.0,0,4.0,Yes,Yes,Bar diameter and clear cover to the concrete face are explicit reinforcement parameters and measurable geometry in a structural model.
55,dream,Yes,0.0,0.0,0,4.0,Yes,Yes,Column bar diameter and cover distance are explicit modelled reinforcement parameters checkable against 40 mm.
56,dream,,1.0,1.0,0,4.0,Yes,No,"Both branches reduce to spacing and diameter measurements on modelled buttresses or reinforcement, evaluable as an OR condition."
57,dream,,1.0,1.0,0,4.0,Yes,No,Scope is fixed geometrically at ≤1 m above ground and both compliance routes are material attributes (durability grade or treatment) carried on the modelled elements.
58,dream,No,0.0,0.0,0,4.0,No,No,"The model yields D and the required T, but compliance turns on the installed elevator's actual door-closing time, which is not a model property."
59,dream,No,0.0,0.0,0,4.0,No,No,"Packs verbal annunciation, frequency band, level above ambient and absolute cap — all measured acoustic performance criteria."
60,dream,Yes,0.0,0.0,0,4.0,Yes,Yes,"A 1,500 mm circle can be inscribed automatically in each modelled room, bathroom, toilet, laundry and balcony space, with dwelling type from space classification."
61,dream,No,0.0,0.0,0,4.0,No,No,It merely incorporates an external standards document by reference and states no measurable model criterion.
62,dream,No,0.0,0.0,0,4.0,No,No,"Complete closure on heat detection is dynamic product behaviour established by test or certification, not derivable from geometry or semantics."
63,dream,No,0.0,0.0,0,4.0,No,No,"""Secure storage"" of unspecified items is a programmatic function with no quantifiable model parameter."
64,dream,No,0.0,0.0,0,4.0,No,No,"""Controlled manner without detrimental pressure changes"" is an airflow performance outcome requiring simulation and engineering judgment."
65,dream,No,0.0,0.0,0,4.0,No,No,"It obliges a designer to know external water-quality data, a process requirement outside the model."
66,dream,No,0.0,0.0,0,4.0,No,No,It is a scoping/exception provision pointing generically to unspecified accessibility requirements rather than a testable criterion.
67,dream,No,0.0,0.0,0,4.0,No,No,"Feasibility, threat to historic significance and the undefined ""alternative methods"" are all expert judgments."
68,dream,No,0.0,0.0,0,4.0,No,No,"It bundles device provisions with subjective performance outcomes (""no disturbing pressure fluctuations or noises"") that no model can evaluate."
69,dream,Yes,0.0,0.0,0,4.0,Yes,Yes,The clear height of the designated evacuation safety zone is a single floor-to-ceiling dimension compared to a 2.1 m threshold.
70,dream,Yes,0.0,0.0,0,4.0,Yes,Yes,The clear width of a parking space object is measured directly from geometry against the 2440 mm minimum.
71,dream,Yes,0.0,0.0,0,4.0,Yes,Yes,Van parking spaces are a typed space object whose clear width is measurable against the 3350 mm minimum.
72,dream,Yes,0.0,0.0,0,4.0,Yes,Yes,Average crawl space height is computable from the space's bounding geometry in a new-building model and compared to 0.8 m.
73,dream,,1.0,1.0,0,4.0,Yes,No,Both the count of wells connected to a floor drain and their 3 m distance are topological and geometric facts in the model.
74,dream,No,0.0,0.0,0,4.0,No,No,"Activation of a reopening device by an obstruction passing the door is operational behaviour confirmed by physical test, not modelled geometry."
75,dream,No,0.0,0.0,0,4.0,No,No,Numbering sequence and row/column layout of car operating panel buttons are product-fabrication details not represented in a building model.
76,dream,Yes,0.0,0.0,0,4.0,Yes,Yes,The horizontal distance from the door's opening side to the inner corner of the porch or lobby is a direct geometric measurement against 400 mm.
77,dream,,1.0,1.0,0,4.0,Yes,No,Effective entrance and landing widths are measurable from stair geometry and the self-closing fire door is a door type/property flag on the same identified element.
78,dream,Yes,0.0,0.0,0,4.0,Yes,Yes,Guard rail height and the floor-to-ground height of roof plazas and balconies are both dimensional values obtainable from model geometry.
79,dream,No,0.0,0.0,0,4.0,No,No,"It offers alternative compliance routes that terminate in consultation with the permitting authority, an unmodellable negotiated determination."
80,dream,Yes,0.0,0.0,0,4.0,Yes,Yes,The vertical distance from the head of the lower opening to the sill of the one above is directly measurable and the exception resolves from the presence of shutters or sprinklers in the model.
81,dream,Yes,0.0,0.0,0,4.0,Yes,Yes,"The turn geometry, the width of the pivot element (<1220 mm) and the three 915 mm clear widths approaching, at and leaving the turn are all measurable from route and object geometry, as the opposing summary itself concedes."
82,dream,,1.0,1.0,0,4.0,Yes,No,"Finished floor level versus site ground level is a direct 0.3 m elevation comparison and the slab-on-ground exception is a floor-type attribute, leaving only a rarely-invoked demonstration clause outside the automated test."
83,dream,,1.0,1.0,0,4.0,Yes,No,"Vertical clearance from the underside of modelled beams and overhead elements to the driveway or walkway surface is measurable, with the single applicable threshold (2.2 m or 4.5 m) selected by the classified route type."
84,dream,No,0.0,0.0,0,4.0,No,No,"The sentence merely permits overlap of landing areas and the accessible route, imposing no condition a rule engine could ever find violated."
85,dream,Yes,0.0,0.0,0,4.0,Yes,Yes,Floor area bounded by walls carrying load-bearing masonry semantics is computable directly from space and wall data and compared to the 80 m² cap.
86,dream,,1.0,1.0,0,4.0,Yes,No,"With jury suite, courtroom and public seating spaces classified and circulation modelled, a graph/path analysis can test whether any jury route traverses the public seating zone."
87,dream,,1.0,1.0,0,4.0,Yes,No,"Net area of the space typed Central Mail Facility is a quantity take-off compared to 1,100 NSF, and the large/extra-large class follows from the modelled courtroom count."
88,dream,,1.0,1.0,0,4.0,Yes,No,Both the 700 NSF area of the Equipment Storage space and the >18 courtroom size class are directly quantifiable from modelled spaces.
89,dream,No,0.0,0.0,0,4.0,No,No,"The clause is an exemption from edge protection whose landing area is defined only by reference to another provision, so it yields no independent pass/fail test."
90,dream,Yes,0.0,0.0,0,4.0,Yes,Yes,"Occupancy classification, total floor area against 5,000 m², and the count of stairs or ramps connecting to escape storeys or grade are all derivable from model semantics and connectivity."
91,dream,Yes,0.0,0.0,0,4.0,Yes,Yes,"Window location on the special stair balcony or attached room, operability type, wired-glass material and per-unit area against 1 m² are all model attributes and geometry."
92,dream,,1.0,1.0,0,4.0,Yes,No,Presence of a curb or barrier and the size and vertical position of openings within 100 mm of the floor surface is a purely geometric sphere-passage test.
93,dream,Yes,0.0,0.0,0,4.0,Yes,Yes,Aggregate room area on basement storeys against 200 m² and the number of stairs or ramps reaching escape storeys or ground are computable from spaces and vertical circulation.
94,dream,,1.0,1.0,0,4.0,Yes,No,The operative criterion is a single computable ratio of enclosed mezzanine area to total mezzanine area against 10 percent.
95,dream,,1.0,1.0,0,4.0,Yes,No,"Construction type, platform material property, height above the main floor, platform-to-room area ratio and the 279 m² cap are conjunctive but each readable from model properties and geometry."
96,dream,Yes,0.0,0.0,0,4.0,Yes,Yes,The 100 mm sphere passage through barrier openings and the 100 mm horizontal proximity to the ramp edge surface are strictly geometric opening/clash checks.
97,dream,Yes,0.0,0.0,0,4.0,Yes,Yes,"Windows on the exterior wall of an evacuation stairwell are identifiable by host and location, and the openable-panel property plus the fixed-wired-glass ≤1 m² exclusion are model attributes."
98,dream,No,0.0,0.0,0,4.0,No,No,"The text is garbled and its substance is an administrative justification approved by a judicial council, wholly outside model data."
99,dream,,1.0,1.0,0,4.0,Yes,No,"The handrail's horizontal projection into the modelled circulation path is measurable against the 115 mm maximum, so an over-projecting rail is detectable."
100,dream,No,0.0,0.0,0,4.0,No,No,"It is a truncated, corrupted fragment containing no complete testable proposition."
101,dream,,1.0,1.0,0,4.0,Yes,No,"Although phrased as a permission, it reduces to a single geometric test — the underside of door closers and stops must sit at or above 1980 mm from finished floor — which an engine can measure from placed component geometry."
102,dream,No,0.0,0.0,0,4.0,No,No,"As the opposing side rightly notes, it is a truncated fragment that merely cross-refers to another paragraph and contains no measurable criterion."
103,dream,Yes,0.0,0.0,0,4.0,Yes,Yes,"Total space count and accessible-flagged space count are model semantics, and the 10-plus-2%-over-200 formula is pure arithmetic on those counts."
104,dream,,1.0,1.0,0,4.0,Yes,No,The taper is a purely geometric gradient — knee-clearance depth sampled against height between 230 mm and 685 mm at 25 mm per 150 mm — fully evaluable from model geometry.
105,dream,Yes,0.0,0.0,0,4.0,Yes,Yes,"Facility occupancy type, total space count and accessible space count are model attributes, so the 5%/no-fewer-than-1 test is computable."
106,dream,Yes,0.0,0.0,0,4.0,Yes,Yes,"Space use classification plus the finished-floor-to-finished-ceiling clear distance are directly derivable, giving a single numeric comparison against 2743 mm."
107,dream,,1.0,1.0,0,4.0,Yes,No,"Storey count, protected-lobby classification and corridor clear width form a conjunctive trigger, and the required outcome — existence of an alternative accessible vertical route — is testable from model topology."
108,dream,No,0.0,0.0,0,4.0,No,No,"It governs zoning plan content and discretionary floor-area-ratio relaxation judged against public facility provision, which lies outside any building model."
109,dream,Yes,0.0,0.0,0,4.0,Yes,Yes,"Seat objects and designated wheelchair spaces per assembly area are countable, and the 4-to-25 band maps to a fixed required minimum of 1."
110,dream,Yes,0.0,0.0,0,4.0,Yes,Yes,"A ratio test over counted accessible and van-accessible space classifications, fully resolvable from model semantics."
111,dream,No,0.0,0.0,0,4.0,No,No,"The threshold is deferred to an administrative authority and opening force is a measured physical property, so no model value exists to test."
112,dream,Yes,0.0,0.0,0,4.0,Yes,Yes,The centre elevation of hall signal fixtures above finished floor is a direct geometric measurement against a 1830 mm minimum.
113,dream,Yes,0.0,0.0,0,4.0,Yes,Yes,Clear pier space width and its length relative to the adjacent slip are both measurable from placed geometry.
114,dream,Yes,0.0,0.0,0,4.0,Yes,Yes,Bed count and wall-to-wall clear area with named space exclusions are computable from room boundaries and space classification.
115,dream,Yes,0.0,0.0,0,4.0,Yes,Yes,"Room type, finished-wall-to-wall clear area and subtraction of column and casework projections are standard geometric operations on the model."
116,dream,,1.0,1.0,0,4.0,Yes,No,"Adjacency of an accessible unisex toilet to a stair or lift lobby and the fitting of an unobstructed 1500 mm turning circle are geometric tests, the trailing clause merely stating intent."
117,dream,,1.0,1.0,0,4.0,Yes,No,"Parking spaces carry covered/open and charge-point attributes, so the engine can verify no covered space is counted toward the obligation while any open space remains unequipped."
118,dream,,1.0,1.0,0,4.0,Yes,No,"Building use, associated car park space count, the 1-in-5 ratio and the charge point's rated kW output are all model semantics or component properties."
119,dream,No,0.0,0.0,0,4.0,No,No,"It specifies a device's behavioural response on activation, verifiable only by operational test, not by model geometry or attributes."
120,dream,No,0.0,0.0,0,4.0,No,No,"It prescribes the conduct of a physical pressure test on site, with no counterpart in the model."
121,dream,,1.0,1.0,0,4.0,Yes,No,"Although the timing is operational, the deliverable is hardware provision — a rule engine can verify that each call button object has an associated visible signal appliance with registration/answer indication properties, which is model-resident."
122,dream,,1.0,1.0,0,4.0,Yes,No,"Both the trigger (visible doorbell signal placed in a space typed as sleeping area) and the required feature (an associated deactivation control) are placed objects with properties, so the conditional is decidable from the model."
123,dream,,1.0,1.0,0,4.0,Yes,No,Line of sight from the floor area adjacent to a located hall call button to the signal device is a computable ray/occlusion test between modelled geometry and spaces.
124,dream,No,0.0,0.0,0,4.0,No,No,"""Shall not be used for any other purpose"" constrains operational use of the appliance rather than any geometric or semantic model attribute, so no static model state can prove compliance."
125,dream,No,0.0,0.0,0,4.0,No,No,The sentence is truncated before any criterion is stated and therefore contains nothing to evaluate.
126,dream,No,0.0,0.0,0,4.0,No,No,"""To the maximum extent practicable"" and ""uniform locations"" set no measurable threshold and rest on assessor judgement about site constraints."
127,dream,Yes,0.0,0.0,0,4.0,Yes,Yes,"Separate men's and women's shower rooms are classified spaces and roll-in showers are typed fixtures, so the conditional count is a straightforward semantic query."
128,dream,No,0.0,0.0,0,4.0,No,No,"It is an administrative scoping instruction that hands off to referenced tables for the required numbers and types, so no model condition is tested."
129,dream,,1.0,1.0,0,4.0,Yes,No,"Curb ramp type, its edge geometry and the crossing/pedestrian path direction are all modelled, making the parallelism an angular comparison."
130,dream,,1.0,1.0,0,4.0,Yes,No,"Existence, side relative to the water body, and parallel orientation of a clear deck space to the seat are all resolvable from placed geometry and dimensions."
131,dream,,1.0,1.0,0,4.0,Yes,No,"Despite the permissive phrasing, it mandates that each clear floor space be oriented for at least one of two defined approaches, and orientation and adjacency to the element are geometrically testable, so a wrongly oriented space fails."
132,dream,,1.0,1.0,0,4.0,Yes,No,Returned curbs or defined edges are modelled features whose orientation can be compared geometrically with the crossing direction.
133,dream,,1.0,1.0,0,4.0,Yes,No,Centering and parallelism of the 1220 mm transfer space against the 610 mm platform side are exact dimensional and orientation computations on modelled solids.
134,dream,,1.0,1.0,0,4.0,Yes,No,Grab bar axis versus pool wall normal and bar length versus transfer wall depth are direct geometric measurements on modelled elements.
135,dream,,1.0,1.0,0,4.0,Yes,No,"The long axis of an elongated opening and the dominant travel direction of the adjoining circulation path are both derivable from geometry, so perpendicularity is computable."
136,dream,Yes,0.0,0.0,0,4.0,Yes,Yes,"Ramp runs and the ground-level play components they connect are typed objects, and running slope is measured from geometry against the explicit 1:16 numeric limit."
137,dream,No,0.0,0.0,0,4.0,No,No,"It grants a permission for a 6.4 mm vertical change with no bevel required, imposing no condition that a model could fail."
138,dream,Yes,0.0,0.0,0,4.0,Yes,Yes,"Brace end connectivity to columns, beams or other members is an explicit structural topology relationship carried in the model and queryable at both ends."
139,dream,Yes,0.0,0.0,0,4.0,Yes,Yes,"Island geometry, level relative to the street surface, and the presence of curb ramp objects on both sides are all determinable from modelled elements and elevations."
140,dream,No,0.0,0.0,0,4.0,No,No,"""Patterns that make it possible to climb"" supplies no geometric threshold (no height band, spacing or projection limit), so climbability remains an assessor judgement."
141,dream,,1.0,1.0,0,4.0,Yes,No,"Agreeing with the opposing framing, the platform floor's levelness, cross slope and running slope are gradients derivable directly from model geometry and compared against 1:50 and 1:20."
142,dream,,1.0,1.0,0,4.0,Yes,No,"The accessible-route classification is a semantic tag and the floor cross slope a computable gradient against 1:50, with the trailing safety clause being mere rationale, not a separate test."
143,dream,,1.0,1.0,0,4.0,Yes,No,"As the opposing side concedes, the opening's height above the adjacent road surface and its swept projection relative to the building-line plane in both open and closed states are geometric quantities the model can resolve."
144,dream,No,0.0,0.0,0,4.0,No,No,"This merely defines ""exceptionally difficult"" by reference to intended use and unspecified ""exceptionally strict"" requirements, offering no model-derivable metric."
145,dream,,1.0,1.0,0,4.0,Yes,No,"Against the concern about signage detail, the check reduces to existence of tactile identification components on both hoistway jambs and their vertical position relative to the floor designation, both object and placement queries."
146,dream,,1.0,1.0,0,4.0,Yes,No,"Handrail objects on each side of stairs and ramps, plus the assembly-area aisle exception resolved from space classification and aisle width, are all adjacency and geometry checks on a single subject."
147,dream,Yes,0.0,0.0,0,4.0,Yes,Yes,Counting total parking spaces in the facility and accessible-designated spaces gives a direct arithmetic threshold test.
148,dream,,1.0,1.0,0,4.0,Yes,No,Fixed seat objects can be clustered into rows and tested for an adjacent circulation space at the row side using model geometry and space semantics.
149,dream,No,0.0,0.0,0,4.0,No,No,"""Accessible for inspections and maintenance"" specifies no opening size, clearance or height, leaving compliance to human judgment."
150,dream,Yes,0.0,0.0,0,4.0,Yes,Yes,"Summing living-space areas per storey against 1,000 m² and testing for ventilation equipment on that level are standard quantity and object-existence queries."
151,dream,Yes,0.0,0.0,0,4.0,Yes,Yes,Basement storey area is a computable quantity and the presence of at least one drinking-water stop valve is an object-existence check.
152,dream,No,0.0,0.0,0,4.0,No,No,"The exception rests on whether a structure ""prevents the spread of fire and explosion"" with no rating or metric, and the flammable-atmosphere classification is an operational judgment."
153,dream,Yes,0.0,0.0,0,4.0,Yes,Yes,Total and accessible parking space counts allow the 2 percent ratio within the 501–1000 band to be computed arithmetically.
154,dream,Yes,0.0,0.0,0,4.0,Yes,Yes,"Door width and height are model dimensions and the host wall's fire-isolation type and timber construction are semantic properties, so the 2.5 m cap is testable."
155,dream,Yes,0.0,0.0,0,4.0,Yes,Yes,The door's fire-resistance rating property and the host wall's fire-isolation classification are explicit model attributes compared against 60 minutes.
156,dream,Yes,0.0,0.0,0,4.0,Yes,Yes,The vertical distance from basement floor to the exit opening sill and the ladder's step width are measurable geometric quantities against 1.2 m and 20 cm.
157,dream,No,0.0,0.0,0,4.0,No,No,"Conceding the opposing point, design for fire engine and rescue vehicle loads is a structural analysis outcome outside model geometry and semantics."
158,dream,No,0.0,0.0,0,4.0,No,No,"""Immediate vicinity"" fixes no distance, width or surfacing criterion, so no threshold can be applied to the route's placement."
159,dream,No,0.0,0.0,0,4.0,No,No,"This is an exemption hinging on equivalence to an undefined ""average viewing angle provided in the facility"", a benchmark that is not a modelled attribute."
160,dream,,1.0,1.0,0,4.0,Yes,No,Counting pay telephone and TTY fixtures within spaces classified as secured detainee-only areas is a conditional object-existence check the model supports.
161,dream,Yes,0.0,0.0,0,4.0,Yes,Yes,"Appliance space, clear floor space, approach orientation and centerline offset against 610 mm are all measurable from model geometry."
162,dream,No,0.0,0.0,0,4.0,No,No,"Although a plaza-area-to-site-area ratio is computable, the sentence delegates the actual required amount to a local ordinance, i.e. external legislative data."
163,dream,No,0.0,0.0,0,4.0,No,No,It is an exemption that removes an obligation rather than a condition a model can pass or fail.
164,dream,,1.0,1.0,0,4.0,Yes,No,"Element type (masonry cantilever/corbel window) and the material semantics of associated reinforcement elements are both model-resident, so presence of steel or reinforced concrete reinforcement is decidable."
165,dream,No,0.0,0.0,0,4.0,No,No,"Absence of eccentric load action requires structural load analysis and engineering judgment, not model data."
166,dream,,1.0,1.0,0,4.0,Yes,No,Space classification plus the floor finish material attribute permits a simple membership test against the enumerated finishes.
167,dream,No,0.0,0.0,0,4.0,No,No,"It is a definitional aggregation rule prescribing how areas are combined, not a requirement whose compliance is itself evaluable."
168,dream,Yes,0.0,0.0,0,4.0,Yes,Yes,"Ordered layer semantics of the exterior wall assembly fix the waterproofing layer's position relative to structure, insulation and the ground-facing side, making the location check decidable."
169,dream,,1.0,1.0,0,4.0,Yes,No,"Occupancy/space classification, the 1 m wall extent and surface material water-resistance attributes are all model data supporting a computable test."
170,dream,,1.0,1.0,0,4.0,Yes,No,"Presence of modelled bolts, fasteners or metal fittings at the geometric interface between masonry infill and the wood or steel frame is a decidable semantic and spatial test."
171,dream,,1.0,1.0,0,4.0,Yes,No,"Seat and screen geometry let the engine rank seats for the rear 60% and compute viewing-angle percentiles, then test wheelchair and companion seat placement on risers or cross-aisles."
172,dream,,1.0,1.0,0,4.0,Yes,No,"The operative condition is a geometric intersection test between the water closet clearance and the door's required clearance, with the permitted overlaps merely relaxing other intersections, all evaluable from modelled clearance zones."
173,dream,Yes,0.0,0.0,0,4.0,Yes,Yes,Fixed knee-clearance depths at fixed heights above finish floor are directly measurable from element and floor geometry.
174,dream,,1.0,1.0,0,4.0,Yes,No,"Spatial adjacency of stair, balcony and attached room to other spaces plus fire-resistance ratings of bounding elements, with windows excluded by element type, are all model attributes."
175,dream,No,0.0,0.0,0,4.0,No,No,"The relief turns on whether provision is infeasible due to terrain, an external site-specific judgment."
176,dream,No,0.0,0.0,0,4.0,No,No,Total load deflection derives from structural analysis or test data that the model does not carry; only the span length is model-resident.
177,dream,,1.0,1.0,0,4.0,Yes,No,"The engine can trace the route from the point of access to each dwelling entrance, detect any step or level change, and compare entrance and street levels."
178,dream,No,0.0,0.0,0,4.0,No,No,"""Disperse around the field"" specifies no measurable distribution metric or threshold, leaving the pass/fail line to judgment."
179,dream,No,0.0,0.0,0,4.0,No,No,"It is a scoping exception withdrawing an obligation, not a testable condition."
180,dream,No,0.0,0.0,0,4.0,No,No,"The sentence is an incomplete fragment ending ""and to"", so no complete condition exists to evaluate."
181,dream,Yes,0.0,0.0,0,4.0,Yes,Yes,Both space types are classified objects and the required adjacency is a pure shared-boundary test on space geometry.
182,dream,Yes,0.0,0.0,0,4.0,Yes,Yes,"A single adjacency predicate evaluated between one classified space and two others, all derivable from space classification and boundary geometry."
183,dream,No,0.0,0.0,0,4.0,No,No,"As the opposing argument correctly notes, this is an exemption imposing no positive testable requirement and it hinges on the undefined term 'very narrow passageways'."
184,dream,Yes,0.0,0.0,0,4.0,Yes,Yes,Two-storey apartments are identifiable from space-to-storey assignment and egress from each storey to an exit is a connectivity check on the circulation graph.
185,dream,Yes,0.0,0.0,0,4.0,Yes,Yes,"Adjacency of three named, classified spaces is decidable from space boundaries alone."
186,dream,Yes,0.0,0.0,0,4.0,Yes,Yes,The trigger condition and the required accessible connection are both route-topology tests between classified performance and assembly seating spaces.
187,dream,,1.0,1.0,0,4.0,Yes,No,"Occupancy classification and pool objects are model semantics, and the presence of an associated lift element carrying an independent-use attribute is an element/attribute check."
188,dream,No,0.0,0.0,0,4.0,No,No,"It states only a performance objective with no compartment size, fire rating or evacuation metric a rule engine could measure."
189,dream,,1.0,1.0,0,4.0,Yes,No,Coincidence or co-location of accessible-route geometry with general circulation-path geometry is a spatial overlap/containment test.
190,dream,Yes,0.0,0.0,0,4.0,Yes,Yes,"Interior versus exterior status of each path follows from containment within the building envelope, a simple geometric classification."
191,dream,Yes,0.0,0.0,0,4.0,Yes,Yes,Counting telephone elements per storey or site and verifying at least one carries the wheelchair-accessible attribute is a straightforward quantity rule.
192,dream,,1.0,1.0,0,4.0,Yes,No,"The core requirement is an accessible-route connectivity check across storeys and mezzanines, with exemptions filtered by storey count and occupancy classification already carried in the model."
193,dream,No,0.0,0.0,0,4.0,No,No,It enumerates many independent operational and managerial security topics with no geometric or attribute criterion to evaluate.
194,dream,Yes,0.0,0.0,0,4.0,Yes,Yes,"Despite the parenthetical definition, storey count, the presence of a refuge space at each 30-storey interval and its direct connection to an evacuation stair are all model-derivable."
195,dream,,1.0,1.0,0,4.0,Yes,No,"Living-space floor area per level is computable and the presence and connectivity of stairway, emergency exit and ventilation duct are element and system-topology checks."
196,dream,No,0.0,0.0,0,4.0,No,No,"It is a disapplication clause carrying no requirement of its own, merely relieving the preceding rule."
197,dream,Yes,0.0,0.0,0,4.0,Yes,Yes,Piping system topology shows whether rainwater runs connect to foul drainage or terminate at a surface-water drain or soakaway.
198,dream,No,0.0,0.0,0,4.0,No,No,'Compatibility' of products and materials is an external material/product-data judgement with no model-evaluable threshold.
199,dream,,1.0,1.0,0,4.0,Yes,No,"With the backwater level held as a project datum, comparing drainage-point elevation against it and testing for a pump in the downstream run are geometric and system-topology checks."
200,dream,Yes,0.0,0.0,0,4.0,Yes,Yes,Connectivity of condensate lines from cooling coils to the drainage system and the trap's seal-depth parameter against the 50 mm threshold are directly evaluable model data.
201,dream,Yes,0.0,0.0,0,4.0,Yes,Yes,"Invert elevations along the routed pipe run, flow direction to the discharge node, and any level or counter-sloped segments are all derivable from drainage geometry and connectivity."
202,dream,Yes,0.0,0.0,0,4.0,Yes,Yes,The branch path length from the circulation-loop connection node to each outlet is measurable in the modelled network against a fixed 3 m threshold.
203,dream,No,0.0,0.0,0,4.0,No,No,"Support adequacy against thermal expansion, flow forces and 'disturbing noises' is a performance outcome requiring calculation and testing, not a model-readable property."
204,dream,No,0.0,0.0,0,4.0,No,No,"It is a permission hinging on whether content is usable in a transaction, a content-based human judgement with no model representation."
205,dream,No,0.0,0.0,0,4.0,No,No,"Callability of the lift from the opposite position is an equipment operational capability, not geometry or semantics a model carries."
206,dream,No,0.0,0.0,0,4.0,No,No,A deeming/definitional exclusion that imposes no measurable requirement on any model element.
207,dream,No,0.0,0.0,0,4.0,No,No,"'Without reduction factor' is a structural analysis parameter held in calculation, not checkable model data."
208,dream,Yes,0.0,0.0,0,4.0,Yes,Yes,Continuity of handrail elements across the intermediate landing is a geometric/topological gap check along the flight–landing–flight path.
209,dream,Yes,0.0,0.0,0,4.0,Yes,Yes,A bench in an accessible shower/changing space can be tested for a back-support attribute or geometric fixing/adjacency to a bounding wall.
210,dream,Yes,0.0,0.0,0,4.0,Yes,Yes,Path search over the space graph can verify a route from each occupied space to a refuge area that avoids spaces attributed to other tenants.
211,dream,Yes,0.0,0.0,0,4.0,Yes,Yes,Interior walls and partitions carry material/construction-type attributes testable against mass timber or noncombustible classification.
212,dream,No,0.0,0.0,0,4.0,No,No,A contractual submission deadline for a CPM schedule involves no model content.
213,dream,No,0.0,0.0,0,4.0,No,No,An administrative payment/change-order rule turning on the judgemental 'significantly change the character of the work'.
214,dream,,1.0,1.0,0,4.0,Yes,No,Turnstile lane clear passage width is measurable geometry and the resulting 50-person capacity cap is mechanically assigned into the model-based egress computation.
215,dream,No,0.0,0.0,0,4.0,No,No,It packs several independent criteria and depends on hinge peening/pin-removal fabrication detail and a judgement of when hardware is 'required to permit access'.
216,dream,No,0.0,0.0,0,4.0,No,No,"'Illuminated at all times' is a continuous operational and power-supply condition over time, not a static model state."
217,dream,,1.0,1.0,0,4.0,Yes,No,Storage spaces are identifiable by hazardous-material function attributes and their floor assemblies tested for liquid-tight and noncombustible construction properties.
218,dream,Yes,0.0,0.0,0,4.0,Yes,Yes,"Wall faces in contact with earth are derivable from geometry against the site grade, and material water-resistance plus the structure-type exception are semantic attribute checks."
219,dream,Yes,0.0,0.0,0,4.0,Yes,Yes,Distance from any corridor point to the nearest visible exit sign is computable geometry tested against 30 480 mm or the sign's listed viewing-distance property.
220,dream,,1.0,1.0,0,4.0,Yes,No,Doors typed as remote-release mechanically operated can be queried for an associated local mechanical release component or a redundant remote release control.
221,dream,No,0.0,0.0,0,4.0,No,No,"The applicability trigger ""where falling danger exists"" carries no geometric threshold (no sill height, no drop height), so the model cannot determine where a restrictor is required, as the opposing argument correctly states."
222,dream,,1.0,1.0,0,4.0,Yes,No,"Agreeing with the appended reasoning, tank objects can be tested for containment or proximity above stair and elevator-shaft spaces, and the exception is a simple query for a slab or roof element immediately beneath the tank."
223,dream,,1.0,1.0,0,4.0,Yes,No,"It reduces to a property comparison between the fire-resistance ratings of tower, spire, dome or cupola elements and the rating required for the supporting building's construction type carried in the model."
224,dream,No,0.0,0.0,0,4.0,No,No,"Live-load reduction is a permission applied in structural design calculations, and neither the reduction percentage nor the members supporting two or more floors' load assumptions reside in model geometry or semantics."
225,dream,,1.0,1.0,0,4.0,Yes,No,"Opening areas, the interior area of each tier side, and their spacing along the tier length are all measurable from geometry against the explicit 50 percent threshold."
226,dream,Yes,0.0,0.0,0,4.0,Yes,Yes,The engine counts parking space objects and verifies at least one bears the accessible/designated-for-mobility-impairment attribute.
227,dream,Yes,0.0,0.0,0,4.0,Yes,Yes,Control areas are semantic spaces and the fire-resistance rating of their floor assembly and supporting construction is a queryable element property compared against 2 hours.
228,dream,No,0.0,0.0,0,4.0,No,No,Both actual and allowable pile bearing capacities come from geotechnical investigation data and load calculations that lie outside the model.
229,dream,No,0.0,0.0,0,4.0,No,No,"""Adverse effects due to settlement"" is a performance objective requiring engineering analysis and judgment with no model-resident criterion."
230,dream,,1.0,1.0,0,4.0,Yes,No,"Contrary to the packing objection, this is one conjunctive placement rule for a single element type, and each named location (dwelling/apartment inlet, vertical service pipe, either side of in-line devices and meters, upstream of fixtures) is a topological relation resolvable in the modelled piping network."
231,dream,No,0.0,0.0,0,4.0,No,No,"It is a rounding/interpretation instruction governing the application of other rules, with no model content to test."
232,dream,Yes,0.0,0.0,0,4.0,Yes,Yes,"Handrail geometry yields the extension's height relative to the inclined run, the plane of the top riser face, and the 300 mm horizontal projection before any turn, all directly measurable."
233,dream,No,0.0,0.0,0,4.0,No,No,"The 220 N operating force must be established by physical test of the installed sliding door, not from geometry or semantics."
234,dream,Yes,0.0,0.0,0,4.0,Yes,Yes,"Story count above grade plane, whether a stair enclosure terminates at the roof surface, and the 4:12 roof slope exception are all derivable from model geometry."
235,dream,,1.0,1.0,0,4.0,Yes,No,"The stay-duration wording is embodied in the institutional occupancy classification carried in the model, so the engine can test for a passenger loading zone adjacent to an entrance tagged accessible."
236,dream,,1.0,1.0,0,4.0,Yes,No,"Space classifications for jury suite, soundlock and custodian station plus the station's position outside the soundlock entrance are checkable from space topology and adjacency."
237,dream,No,0.0,0.0,0,4.0,No,No,This is a floor-area measurement convention rather than a requirement a model can pass or fail.
238,dream,,1.0,1.0,0,4.0,Yes,No,"Walkway, curb ramp and sloped-area objects with their slopes are model entities, so existence of a ramp or sloped area at walkway intersections is an adjacency-plus-existence query."
239,dream,Yes,0.0,0.0,0,4.0,Yes,Yes,Counting cell spaces and those tagged with mobility features against a 3 percent ratio with a minimum of one is pure arithmetic on model semantics.
240,dream,,1.0,1.0,0,4.0,Yes,No,"With altered cells identified in the model, the engine can count altered cells, accessible cells and total cells and compare against the 3 percent thresholds."
241,dream,No,0.0,0.0,0,4.0,No,No,"The geometric filters (<28 m², ≥180 mm) are measurable, but the operative trigger 'where the elevation is essential to the function of the space' is a designer's judgement and the sentence only grants an exemption, so no pass/fail test remains for the engine."
242,dream,No,0.0,0.0,0,4.0,No,No,"Withstanding soil pressure, corrosion and subsidence 'without loss of function' is a performance outcome established by structural and durability analysis or testing, with no threshold or geometric attribute the model could decide."
243,dream,No,0.0,0.0,0,4.0,No,No,'Designed to resist uplift loads where applicable' states a design obligation with an undefined applicability condition and no model-measurable quantity or limit.
244,dream,No,0.0,0.0,0,4.0,No,No,"The permitted marking processes and the open-ended 'cannot be removed without being destroyed' durability test are physical fabrication and inspection attributes, not model geometry or semantics."
245,dream,No,0.0,0.0,0,4.0,No,No,"Compliance turns on a submitted hydraulic floodway analysis using external design flood elevation data, which lies wholly outside the building model."
246,dream,Yes,0.0,0.0,0,4.0,Yes,Yes,"As the opposing debater concedes, the engine can traverse every beam-to-column connection in the structural model and count associated fastener objects against the explicit minimum of two."
247,dream,,1.0,1.0,0,4.0,Yes,No,"The checkable core is that every joint object between precast elements carries a non-shrink grout material assignment, which is a straightforward semantic query; 'before the structure is loaded' merely fixes sequencing and does not add a second design criterion the model must satisfy."
248,dream,No,0.0,0.0,0,4.0,No,No,"The sentence is circular and gives no dimensional definition of 'precut' or any measurable tolerance between panel and surrounding framing, so no geometric test can be formulated."
249,dream,Yes,0.0,0.0,0,4.0,Yes,Yes,"The permission carries a single testable condition: any floor drain, sump or sump pump located at the base of a hoistway enclosure must have its drainage connection typed as indirect in the plumbing system topology, both of which are model semantics."
250,dream,Yes,0.0,0.0,0,4.0,Yes,Yes,"Curtain boards, ceiling and floor bound a closed reservoir whose volume is computable geometry, compared directly with the explicit 12,000 m³ limit."
251,dream,Yes,0.0,0.0,0,4.0,Yes,Yes,"Net room volume is a standard quantity take-off from space geometry and naturally ventilated rooms are identifiable from openable window objects, giving a direct comparison with 7.5 m³."
252,dream,Yes,0.0,0.0,0,4.0,Yes,Yes,"Fire compartment boundaries and storage occupancy classification are model semantics, so the aggregated compartment volume can be measured against the explicit 25,000 m³ cap."
253,dream,Yes,0.0,0.0,0,4.0,Yes,Yes,A space typed as a transformer vault has a directly computable volume tested against the stated 14 m³ minimum.
254,dream,Yes,0.0,0.0,0,4.0,Yes,Yes,"Crawl space volume and the floor area above it are both geometric quantities in the model, making the 0.015 m³/m² ratio fully computable."
255,dream,No,0.0,0.0,0,4.0,No,No,This is a definitional calculation rule for heated net volume with no threshold or pass/fail criterion to evaluate.
256,dream,No,0.0,0.0,0,4.0,No,No,"The design flow rate and required operating duration derive from external hydraulic design and referenced tables, and the sentence sets no limit the model could test."
257,dream,No,0.0,0.0,0,4.0,No,No,"Although the two inputs are geometric, the sentence only defines how plenum volume is computed and states no compliance limit."
258,dream,No,0.0,0.0,0,4.0,No,No,"The 1.8 m interface height is geometric, but 'sufficient exhaust volume flow rate' requires smoke-production and CFD analysis that no model-only check can supply."
259,dream,No,0.0,0.0,0,4.0,No,No,"The reference value is 'established for the building type' in an external table and the numerator requires a full transmission-loss calculation, so the model alone cannot decide compliance."
260,dream,No,0.0,0.0,0,4.0,No,No,It defines an energy indicator dependent on annual delivered-energy simulation results and states no limiting value against which compliance could be judged.
261,dream,,1.0,1.0,0,4.0,Yes,No,"I agree with the appended reasoning: stored liquid class and volume can be carried as space/zone properties, so the engine can total them building-wide, test the 57.5 m3 trigger, and check each storage room's volume cap and presence of a fire-resistance rating on its bounding construction."
262,dream,,1.0,1.0,0,4.0,Yes,No,"As the appended argument concedes, room-to-occupancy adjacency comes from space boundaries and the separating elements carry fire-resistance-rating properties, so a single numeric test against 2 hours resolves compliance."
263,dream,,1.0,1.0,0,4.0,Yes,No,"Finished floor level, suspended ceiling soffit, space classifications and direct door openings into the theatre are all model data, so both the measurement datums and the set of spaces to be aggregated are computable and the resulting net volume verifiable."
264,dream,No,0.0,0.0,0,4.0,No,No,"The exhaust rate depends on design fire heat release rate and design smoke density at the inlet elevation, which are external engineering design inputs and analysis results the model does not supply."
265,dream,,1.0,1.0,0,4.0,Yes,No,"Pile insertion points and grid lines are both explicit model objects, so the perpendicular offset is a direct measurement against the 75 mm limit."
266,dream,,1.0,1.0,0,4.0,Yes,No,Nosing projection edges are explicit stair geometry and testing whether their projections share one plane is a pure geometric coplanarity check.
267,dream,,1.0,1.0,0,4.0,Yes,No,"Wall plate elements carry elevation and axis geometry, so levelness and collinearity along the wall run are directly computable from the model."
268,dream,,1.0,1.0,0,4.0,Yes,No,Drain centre coordinates are model data and a best-fit line residual test against a 20 mm band is straightforward.
269,dream,,1.0,1.0,0,4.0,Yes,No,Fascia top edges and wall plate top faces are modelled surfaces whose relative alignment along the eave can be compared numerically.
270,dream,,1.0,1.0,0,4.0,Yes,No,"Gripping-surface centreline geometry and support positions are modelled, so collinearity, constancy of slope and the 5 mm vertical deviation are all measurable."
271,dream,,1.0,1.0,0,4.0,Yes,No,"Landing and flight handrail end geometry, heights and direction vectors are in the model, so continuity at the transition reduces to a computable height and angle offset test."
272,dream,,1.0,1.0,0,4.0,Yes,No,"Post top points, the structure edge and a best-fit baseline are all derivable geometry, so parallelism and the 10 mm deviation are evaluable."
273,dream,,1.0,1.0,0,4.0,Yes,No,Modelled reinforcement centrelines allow coplanarity within the leaf and offset from the specified position to be tested against 12 mm geometrically.
274,dream,,1.0,1.0,0,4.0,Yes,No,"Luminaire insertion points and the corridor centreline are model data, so the ±5 mm collinearity tolerance is a direct geometric measurement."
275,dream,,1.0,1.0,0,4.0,Yes,No,"Top plate axes of adjacent panels are modelled elements, so collinearity across the joint is a direct geometric test and the load-path wording is merely its rationale."
276,dream,,1.0,1.0,0,4.0,Yes,No,"End stud faces are modelled solids, so the clear gap at top plate level is computable against 5 mm, the straight edge being only a site measurement analogue."
277,dream,,1.0,1.0,0,4.0,Yes,No,"Floor opening geometry exists on each storey, so comparing centreline coordinates for vertical alignment across the served floors is a direct computation."
278,dream,No,0.0,0.0,0,4.0,No,No,"Compliance for any deviation beyond 25 mm turns on a supplementary structural analysis demonstrating load-path adequacy, an external document and engineering judgement outside the model."
279,dream,,1.0,1.0,0,4.0,Yes,No,"Joint face geometry on both sides is modelled, so in-plan collinearity and elevation coincidence are computable geometric comparisons."
280,dream,No,0.0,0.0,0,4.0,No,No,"Sealant capability to accommodate the design movement range without tearing or debonding is a material performance property established by physical testing, not model geometry or semantics."
281,dream,,1.0,1.0,0,4.0,Yes,No,"Concurring with the appended argument, guard and column are both modelled solids of revolution whose axes/centres can be extracted and tested for coincidence within tolerance."
282,dream,,1.0,1.0,0,4.0,Yes,No,"Sleeve openings and pipes carry derivable centrelines in the model, so concentricity is a direct axis-coincidence computation."
283,dream,,1.0,1.0,0,4.0,Yes,No,"The handrail's helical sweep axis and the central column axis are both model geometry, and their coincidence is computable."
284,dream,Yes,0.0,0.0,0,4.0,Yes,Yes,"Cover and drain-body centres are model points and the sentence supplies its own 5 mm numeric tolerance, so the check is fully self-contained."
285,dream,,1.0,1.0,0,4.0,Yes,No,"Column and pile-cap centroids in plan are both modelled, so concentric placement is a computable plan-position comparison."
286,dream,,1.0,1.0,0,4.0,Yes,No,Both clauses — opening axis coincidence with the column axis and hole diameter as a stated 25% ratio of the modelled outer diameter — are evaluated from the same two objects' geometry.
287,dream,,1.0,1.0,0,4.0,Yes,No,"Core and encasement solids yield axis coincidence and radial thickness sampled around the circumference, with the design minimum carried as a model parameter for the numeric comparison."
288,dream,,1.0,1.0,0,4.0,Yes,No,"Pipe and sleeve centrelines are modelled, so concentricity and the resulting uniform annular gap are directly measurable geometry."
289,dream,,1.0,1.0,0,4.0,Yes,No,"Opening-to-column centre coincidence and the explicit 25 mm perimeter clearance are measurable, and the trailing clause is only stated rationale."
290,dream,,1.0,1.0,0,4.0,Yes,No,Kerb and dome opening are modelled circular features whose centres can be compared for coincidence.
291,dream,Yes,0.0,0.0,0,4.0,Yes,Yes,The radial gap can be sampled around the perimeter and its variation tested against the explicit 10 mm limit.
292,dream,,1.0,1.0,0,4.0,Yes,No,"Column centreline and helical tread-path centreline are extractable axes, and coincidence on a common vertical axis is a geometric test."
293,dream,Yes,0.0,0.0,0,4.0,Yes,Yes,Minimum clear distance from the column face to tread nosings is a standard minimum-distance query against the stated 250 mm threshold.
294,dream,,1.0,1.0,0,4.0,Yes,No,Tangency is a computable G1 continuity test comparing the arc's end tangent vector with the straight run's direction at the shared junction.
295,dream,,1.0,1.0,0,4.0,Yes,No,"Wall centrelines carry arc and line parameters, so tangent continuity at the intersection point is evaluable from geometry alone."
296,dream,,1.0,1.0,0,4.0,Yes,No,Kerb alignments are modelled arcs and lines whose end tangent directions can be differenced automatically at each curve end.
297,dream,,1.0,1.0,0,4.0,Yes,No,"The tread edge direction at mid-width can be compared with the plan-path tangent at that radius, a purely geometric comparison."
298,dream,,1.0,1.0,0,4.0,Yes,No,"Ramp and landing surface gradients at the departure point are derivable from the modelled surfaces, so tangential continuity is computable."
299,dream,,1.0,1.0,0,4.0,Yes,No,Slopes either side of the junction within the stated 300 mm band are measurable from surface geometry and tested against the explicit 1:20 limit.
300,dream,,1.0,1.0,0,4.0,Yes,No,"Invert alignment directions at each junction can be differenced against the explicit 5 degree limit, the hydraulic wording being only purpose."
301,dream,,1.0,1.0,0,4.0,Yes,No,"I endorse that reading — the tangent point where the route's curved and straight segments meet and the nearest door opening are both model geometry, so the ≥1500 mm separation is a single deterministic distance measure, the trailing wheelchair clause being mere rationale."
302,dream,,1.0,1.0,0,4.0,Yes,No,Agreed with the appended reasoning: tangency of each straight leg to the semicircular platform and the ≤1 degree change in running-slope direction at the transition are both derivable from the modelled ramp surfaces and their slope vectors.
303,dream,Yes,0.0,0.0,0,4.0,Yes,Yes,Concurring — tangency of a curved wall to its adjacent straight walls at the intersection is a pure geometric continuity test on modelled wall centrelines with no external data or judgment.
304,dream,,1.0,1.0,0,4.0,Yes,No,Supporting the appended point: the mounting host (ceiling or upper wall) with its mounting height is a semantic attribute and the visibility of the appliance's lens face from a point at each served room's door is a ray-cast against modelled obstructions.
305,dream,,1.0,1.0,0,4.0,Yes,No,"Agreed — visibility from every point in the room is a standard isovist/line-of-sight sweep over the modelled room solid and its internal obstructions, a decidable geometric test."
306,dream,,1.0,1.0,0,4.0,Yes,No,Concurring: a 20 m radius disc from each appliance point compared with the served floor area is straightforward geometric coverage checking against an explicit numeric threshold.
307,dream,,1.0,1.0,0,4.0,Yes,No,"Agreed with the appended reasoning — with the bed placed in the accessible sleeping space, the sight line from the pillow eye point to the signal device is a deterministic ray-intersection test."
308,dream,,1.0,1.0,0,4.0,Yes,No,"Supporting that view: furniture solids at the modelled bed location can be intersected with the sight line to the signal, making obstruction a clash test on model geometry."
309,dream,No,0.0,0.0,0,4.0,No,No,"The opposing debater is right that indicating when a call is registered and answered is dynamic device signalling behaviour, not anything decidable from model geometry or semantics."
310,dream,,1.0,1.0,0,4.0,Yes,No,Agreed — the panel's placement and orientation plus surrounding geometry let the engine cast sight lines from the floor zone immediately in front of the panel to the signal face.
311,dream,,1.0,1.0,0,4.0,Yes,No,Concurring: the appliance's coverage footprint projected onto the ceiling above the modelled pillow location and the sight line from the sleeping position are both geometric evaluations on placed families.
312,dream,,1.0,1.0,0,4.0,Yes,No,"Supporting the appended point — door swing arcs, furniture solids and wall-mounted fixtures are all modelled objects, so intersecting them with the sight line from the sleeping position is a clash check."
313,dream,,1.0,1.0,0,4.0,Yes,No,"Agreed: the rule reduces to a set comparison over modelled devices, requiring a visual appliance at every location hosting an audible alarm device."
314,dream,,1.0,1.0,0,4.0,Yes,No,"Concurring — workstation families carry a placement point and facing direction, so the ≤90 degree horizontal turn angle and the unobstructed sight line to the appliance are both computable."
315,dream,Yes,0.0,0.0,0,4.0,Yes,Yes,Agreed — counting objects carrying the accessible-locker property inside each gendered locker room space and testing equality is a simple semantic query.
316,dream,No,0.0,0.0,0,4.0,No,No,"The opposing debater is correct that ""dispersed throughout"" fixes no spacing, proportion or subdivision threshold, leaving nothing determinate for a rule engine to measure."
317,dream,No,0.0,0.0,0,4.0,No,No,"Conceding the opposing point: ""concentrated in a single area"" gives no defined area boundary or concentration metric in the model, so compliance rests on assessor judgment."
318,dream,,1.0,1.0,0,4.0,Yes,No,"Agreed — the operative criterion is the explicit 3 m maximum distance from each accessible handset to a standard handset in the same modelled bank, a measurable geometric test."
319,dream,No,0.0,0.0,0,4.0,No,No,"The proportional-to-seat-count test is the debater's invention, not the sentence's: ""distributed uniformly"" supplies no metric, so the requirement cannot be decided from the model alone."
320,dream,,1.0,1.0,0,4.0,Yes,No,"Agreed — seating rows are discrete modelled entities, so counting the distinct rows containing wheelchair spaces and requiring more than one is a decidable test."
321,dream,No,0.0,0.0,0,4.0,No,No,"The opposing point stands: ""comparable decision point"" and whether users can ""reliably predict"" information placement are wayfinding judgments with no geometric or semantic counterpart in a model, and even sign placement ""uniformity"" has no computable threshold."
322,dream,,1.0,1.0,0,4.0,Yes,No,"As the opposing debater concedes, the test reduces to counting accessible appliances per laundry-room space (none may be the sole location) and comparing shortest-path route lengths from dwelling units to nearest accessible versus nearest general appliance — both enumerable on the model's spaces and circulation graph."
323,dream,No,0.0,0.0,0,4.0,No,No,"The sentence is purely a measurement-convention definition stating the direction in which running and cross slope are taken, with no threshold or condition for a rule engine to pass or fail."
324,dream,Yes,0.0,0.0,0,4.0,Yes,Yes,A single numeric geometric limit: sample the transverse gradient of every accessible-route surface and flag any point exceeding 1:48.
325,dream,,1.0,1.0,0,4.0,Yes,No,"Both the parking bay's long axis and the accessible path polyline are explicit geometry, so the parallelism test and the intersection test against modelled travel-lane areas are directly computable, the approach rationale being explanatory rather than a separate criterion."
326,dream,Yes,0.0,0.0,0,4.0,Yes,Yes,Compare the direction vector of the accessible checkout aisle object with those of the other checkout aisles and test the angle for parallelism within tolerance.
327,dream,,1.0,1.0,0,4.0,Yes,No,"Shortest-path lengths from the entrance/circulation graph to each checkout aisle are computable and the accessible aisle's route tested for not exceeding the others, with lateral offset read from aisle centreline positions relative to the main flow path."
328,dream,Yes,0.0,0.0,0,4.0,Yes,Yes,"All three parts are geometric attributes of one assembly — bench axis versus host-wall direction, a 760 mm × 1220 mm clear space on the non-wall side, and its parallelism to the bench axis — each evaluable from model geometry."
329,dream,Yes,0.0,0.0,0,4.0,Yes,Yes,"Wall face vectors, the nosing line and per-step tread depths sampled across the stair width are all derivable from stair and wall geometry, so parallelism, perpendicularity and depth consistency are computable."
330,dream,Yes,0.0,0.0,0,4.0,Yes,Yes,The counter-top surface normal versus vertical gives the horizontality test and the top-of-surface elevation above finished floor gives the 760–865 mm range check.
331,dream,Yes,0.0,0.0,0,4.0,Yes,Yes,"A single dimensional test of the accessible counter section's length against 900 mm, the wheelchair-approach clause being purpose text rather than an extra criterion."
332,dream,Yes,0.0,0.0,0,4.0,Yes,Yes,"The curb face alignment and the ramp run direction are both model geometry, so the included angle can be tested for perpendicularity within tolerance."
333,dream,Yes,0.0,0.0,0,4.0,Yes,Yes,Post axis vectors compared against the normal of the hosting floor or ramp surface is a pure geometric angle check.
334,dream,Yes,0.0,0.0,0,4.0,Yes,Yes,"The drain body axis and the local roof surface normal at the drain location are both available in the model, making the perpendicularity comparison computable."
335,dream,,1.0,1.0,0,4.0,Yes,No,"The bay's primary framing direction is inferable from the common orientation of its beam/joist members, and each bracing member's axis can be tested against it for perpendicularity."
336,dream,,1.0,1.0,0,4.0,Yes,No,The drive-through approach lane alignment and the accessible route segment from the pull-forward space to the window are both geometric entities whose included angle is evaluable.
337,dream,Yes,0.0,0.0,0,4.0,Yes,Yes,"A single clear-width measurement between bounding elements along the route, tested against 915 mm."
338,dream,,1.0,1.0,0,4.0,Yes,No,"The slot's long dimension and the direction of the accessible route crossing it are both model geometry, so the perpendicularity test is computable."
339,dream,Yes,0.0,0.0,0,4.0,Yes,Yes,Slot opening width measured along the route travel direction is a single dimension checked against the 13 mm limit.
340,dream,,1.0,1.0,0,4.0,Yes,No,"Stud axis vectors can be tested for perpendicularity to the top and bottom plate directions, and the lateral offset of the stud axis from vertical over its modelled height is a direct geometric computation against 3 mm."
341,dream,,1.0,1.0,0,4.0,Yes,No,Coplanarity of stud faces with the faces of the plates they abut is a pure geometric test on modelled framing solids.
342,dream,,1.0,1.0,0,4.0,Yes,No,"The grating panel's corrugation direction is a type attribute and the accessible route carries a travel vector, so perpendicularity is a vector comparison."
343,dream,,1.0,1.0,0,4.0,Yes,No,A single numeric dimensional limit on corrugation height is measurable from the panel's modelled or parameterised profile.
344,dream,,1.0,1.0,0,4.0,Yes,No,"Ramp slope vector, curb edge line and crossing direction are all model geometry, so perpendicularity and alignment are computable."
345,dream,,1.0,1.0,0,4.0,Yes,No,Encroachment is a plan-overlap test between flared-side geometry and the adjacent ramp's path-of-travel footprint.
346,dream,,1.0,1.0,0,4.0,Yes,No,"All operative parts — equal height of extension, ≥300 mm projection beyond the slope top, and presence of a return to post or wall — are measurable from handrail and ramp geometry, the trailing clause being only a statement of purpose."
347,dream,,1.0,1.0,0,4.0,Yes,No,"Travel distance between levels, platform plan dimensions and clear opening widths at both landings are all quantitative values derivable from the lift object and its host levels."
348,dream,No,0.0,0.0,0,4.0,No,No,"""Detailed to shed water"" and resistance to self-weight creep are performance and detailing judgements requiring analysis and expertise beyond model data."
349,dream,No,0.0,0.0,0,4.0,No,No,Thermal movement accommodation and a 20-year sealant watertightness service life are durability performance criteria not derivable from model geometry or properties.
350,dream,,1.0,1.0,0,4.0,Yes,No,"Storey count above grade plane, whether a stair enclosure extends to the roof surface, and the enclosure's fire-resistance-rating property are all model-resident facts."
351,dream,,1.0,1.0,0,4.0,Yes,No,Rooftop landing plan dimensions and the door leaf's swing direction relative to egress travel are explicit geometric and semantic model attributes.
352,dream,Yes,0.0,0.0,0,4.0,Yes,Yes,Presence of handrail objects flanking each stair flight on a designated accessible route is a spatial adjacency and count check.
353,dream,,1.0,1.0,0,4.0,Yes,No,"Grab bar placement on both side walls is a geometric adjacency check, with side-transfer configuration carried as a shower fixture type attribute."
354,dream,,1.0,1.0,0,4.0,Yes,No,Existence of hardware components on each face of each leaf of a double-leaf door assembly is a component-presence query on the door object.
355,dream,Yes,0.0,0.0,0,4.0,Yes,Yes,Outlet objects can be located and counted relative to each face of the modelled double-sided workbench.
356,dream,,1.0,1.0,0,4.0,Yes,No,"Counting accessible WC fixtures per restroom space and comparing the two counts is a simple quantity comparison, the rest being rationale."
357,dream,,1.0,1.0,0,4.0,Yes,No,Equality of wing wall heights and of projection distances from the door opening is directly measurable from wall geometry.
358,dream,,1.0,1.0,0,4.0,Yes,No,"The operative test is equality of access aisle widths on each side, a measurable comparison of modelled aisle zones, with door opening stated only as purpose."
359,dream,,1.0,1.0,0,4.0,Yes,No,End-to-end alignment of opposing access aisles is a collinearity and offset test on their modelled footprints.
360,dream,,1.0,1.0,0,4.0,Yes,No,"Maximum 15 m distance from any floor point to an appliance, plus equality of mounting height and orientation of opposing appliances, are computable from appliance placements and room boundary geometry."
361,dream,,1.0,1.0,0,4.0,Yes,No,"Full-height glazed partitions bounding a modelled accessible route can be tested for an associated marking/contrast-band element or property within the eye-level height band, as the opposing view concedes."
362,dream,Yes,0.0,0.0,0,4.0,Yes,Yes,Door-to-space topology combined with occupancy-classification attributes lets the engine flag any interior exit stairway door opening directly into a high-hazard space.
363,dream,Yes,0.0,0.0,0,4.0,Yes,Yes,"A single conditional rule: aggregate mezzanine area is computed geometrically and, above 65 m2, the existence of a connecting ramp or lift from the grade-level space is a topological element check."
364,dream,,1.0,1.0,0,4.0,Yes,No,Obstruction reduces to a solid-intersection test between kiosk geometry and the modelled required accessible route.
365,dream,Yes,0.0,0.0,0,4.0,Yes,Yes,Clear width of the walkway net of kiosk footprints is measurable along its full length against the explicit 1500 mm threshold.
366,dream,,1.0,1.0,0,4.0,Yes,No,Whether the toilet room door lies on the modelled accessible route through the locker room is a path/adjacency query on route geometry.
367,dream,Yes,0.0,0.0,0,4.0,Yes,Yes,Clear opening width in the direction of travel is a direct dimensional comparison against 915 mm.
368,dream,No,0.0,0.0,0,4.0,No,No,The sentence conjoins two independent requirements—a 33% area ratio and provision of vertical access—so a single rule cannot return one compliance determination.
369,dream,No,0.0,0.0,0,4.0,No,No,"It demands a daylight and ventilation performance assessment against externally defined 'required' levels, which cannot be resolved from model geometry alone."
370,dream,No,0.0,0.0,0,4.0,No,No,"It bundles route-purity with a comparative differential against a hypothetical non-disabled path and a usability judgment, none resolvable model-only."
371,dream,,1.0,1.0,0,4.0,Yes,No,Support elements can be located on each side of the fire wall and their attachment to structure on the same side verified from model semantics.
372,dream,Yes,0.0,0.0,0,4.0,Yes,Yes,Pipes intersecting masonry-material walls can be tested for a coincident sleeve element fully enclosing the pipe at the penetration.
373,dream,,1.0,1.0,0,4.0,Yes,No,Containment of the vision panel within the door leaf is geometric and the glazing's fire-resistance rating is compared to the door assembly's required rating.
374,dream,,1.0,1.0,0,4.0,Yes,No,Luminaires penetrating a rated ceiling can be tested for an enclosing enclosure element whose rating property meets or exceeds the ceiling assembly rating.
375,dream,Yes,0.0,0.0,0,4.0,Yes,Yes,A single property comparison between the access panel's fire-resistance rating and that of its host assembly.
376,dream,,1.0,1.0,0,4.0,Yes,No,"Self-closing and positive-latching are standard boolean hardware attributes on the same panel object, readable directly from model semantics."
377,dream,Yes,0.0,0.0,0,4.0,Yes,Yes,Minimum distance from the conduit's outer surface to the nearest slab face is a straightforward geometric measurement against 40 mm.
378,dream,,1.0,1.0,0,4.0,Yes,No,"Sectioning the shaft at any height and computing contained equipment area as a ratio of usable cross-section against 80% is purely geometric, the maintenance wording being mere rationale."
379,dream,Yes,0.0,0.0,0,4.0,Yes,Yes,Interior clear plan dimensions of the shaft are directly measurable against the stated 900 mm x 600 mm minimum.
380,dream,Yes,0.0,0.0,0,4.0,Yes,Yes,The engine can identify each compartment boundary the shaft crosses and verify presence of a door element carrying a fire-rating property at that level.
381,dream,,1.0,1.0,0,4.0,Yes,No,"Both clauses are spatial — bathroom containment/door connectivity to the sleeping room and a clear interior footprint of 915 mm × 1525 mm — each derivable from room boundaries, door hosting and clear-space geometry."
382,dream,,1.0,1.0,0,4.0,Yes,No,Existence of a folding seat object and comparison of its host wall against the wall hosting the shower control is an object-presence plus relative-placement check on model semantics.
383,dream,,1.0,1.0,0,4.0,Yes,No,It is a reachability test on the model's circulation graph: trace each accessible egress path from every floor's accessible areas to the public way and verify no traversed level lacks accessible egress.
384,dream,,1.0,1.0,0,4.0,Yes,No,The trigger (floor-plate width over 30 m) and the requirement (exit doors on opposing sides of the plate) are both measurable from slab extents and exit-door coordinates.
385,dream,,1.0,1.0,0,4.0,Yes,No,"A pure system-topology check that a heat-exchanger element separates the collector loop from the potable storage circuit, the contamination clause being stated rationale only."
386,dream,,1.0,1.0,0,4.0,Yes,No,Anchorage elements along the guardrail are discrete components whose centre-to-centre spacing can be measured against the 1200 mm limit.
387,dream,No,0.0,0.0,0,4.0,No,No,"Resistance to a 3 kN horizontal force without permanent deformation is a structural performance outcome requiring analysis or physical test, not model geometry or semantics."
388,dream,No,0.0,0.0,0,4.0,No,No,"Beyond the drop-outlet fitting, mastic sealing, fastening quality and resistance to uplift and thermal movement are workmanship and performance matters absent from the model."
389,dream,,1.0,1.0,0,4.0,Yes,No,"The engine can find flexible duct segments connected to each VAV terminal and compare their length to 1000 mm, the vibration wording being purpose only."
390,dream,,1.0,1.0,0,4.0,Yes,No,"Continuity of the gripping surface from bottom to top landing terminus, including through newel-post fittings, is a geometric connectivity test on linked handrail elements."
391,dream,,1.0,1.0,0,4.0,Yes,No,Presence of a corner fitting and equality of its mounting height and cross-sectional profile with the adjoining straight runs are readable from element geometry and profile parameters.
392,dream,,1.0,1.0,0,4.0,Yes,No,A single dimensional test of any gap between adjacent handrail sections measured along the gripping-surface path against 19 mm.
393,dream,No,0.0,0.0,0,4.0,No,No,"Although fixing spacing is measurable, the sentence also demands a membrane patch bonded over each fixing, an adhesion/installation condition not representable in the model, so it packs an uncheckable criterion."
394,dream,No,0.0,0.0,0,4.0,No,No,"The 150 mm datum is the highest designed water level, an output of external ponding/drainage calculation rather than a value carried in the model geometry."
395,dream,No,0.0,0.0,0,4.0,No,No,"A calculation-and-submission duty with a 30-day deadline to an authority, with no geometric or semantic model referent."
396,dream,,1.0,1.0,0,4.0,Yes,No,"Reduces to verifying that each supply and extract terminal in the ventilation system has an associated flow-indicating/measuring device, a component-existence and association check."
397,dream,No,0.0,0.0,0,4.0,No,No,A permit-submission obligation involving calculated demand and an externally defined reference value for the building type; nothing is decided from the model.
398,dream,No,0.0,0.0,0,4.0,No,No,"Prescribes the content and format of certificate documentation of externally calculated energy figures, not model geometry or semantics."
399,dream,No,0.0,0.0,0,4.0,No,No,"Requires provision of a rating document listing calculated demands, coefficients and emission rates — documentation and external calculation outputs."
400,dream,No,0.0,0.0,0,4.0,No,No,"Depends on a physical air-permeability test, its measured result and the accredited tester's identity recorded in a retained report, all external to the model."
401,dream,No,0.0,0.0,0,4.0,No,No,Delivery of a test report to an owner is a documentary transaction with no geometric or semantic correlate in the model.
402,dream,,1.0,1.0,0,4.0,Yes,No,The engine can traverse each modelled accessible route to accessible parking and confirm an associated sign object carrying the ISA symbol/type property.
403,dream,No,0.0,0.0,0,4.0,No,No,"It prescribes the content of an external document and bundles many independent content items, so no model state decides it."
404,dream,No,0.0,0.0,0,4.0,No,No,"Drawing scale and legibility are properties of a printed document judged by a person, not model data."
405,dream,No,0.0,0.0,0,4.0,No,No,Assignment of a space to a named individual is a management fact recorded outside any BIM.
406,dream,No,0.0,0.0,0,4.0,No,No,Availability to permit holders is an operational policy condition with no modelled geometry or property.
407,dream,No,0.0,0.0,0,4.0,No,No,It is a submission-procedure rule requiring comparative judgment against an external prior-use record across three unrelated discipline domains.
408,dream,,1.0,1.0,0,4.0,Yes,No,Floor elevations relative to the modelled fire-department access level and sprinkler coverage of each floor above 30 m are directly derivable from geometry and system semantics.
409,dream,No,0.0,0.0,0,4.0,No,No,It imposes a commissioning/occupancy sequencing condition in time that a static model cannot evidence.
410,dream,Yes,0.0,0.0,0,4.0,Yes,Yes,"Mezzanine and room gross floor areas, summed per room, give the 0.33 ratio test by pure quantity take-off."
411,dream,,1.0,1.0,0,4.0,Yes,No,"Glazing and opaque wall areas yield the WWR, and element U-value properties allow the area-weighted coefficient and the self-defined 0.30 reference facade to be computed and compared."
412,dream,,1.0,1.0,0,4.0,Yes,No,Space classification plus counting compartments flagged accessible in each qualifying toilet room is a straightforward semantic query.
413,dream,No,0.0,0.0,0,4.0,No,No,It defines a calculation method and states no threshold or pass/fail criterion to evaluate.
414,dream,No,0.0,0.0,0,4.0,No,No,It only qualifies a definition by exclusion and sets no compliance limit against which a model could be judged.
415,dream,Yes,0.0,0.0,0,4.0,Yes,Yes,"Appliance insertion height above finished floor and clearance below ceiling are explicit coordinates, so the 'whichever is lower' test is fully computable."
416,dream,Yes,0.0,0.0,0,4.0,Yes,Yes,A spatial-relation query can detect any visual alarm appliance located above a modelled partition.
417,dream,,1.0,1.0,0,4.0,Yes,No,"Sign presence, face orientation to the stairwell side, and line of sight with the door in its modelled open swing are all evaluable from element placement geometry."
418,dream,,1.0,1.0,0,4.0,Yes,No,"The viewpoint is fixed at the modelled hall call button, so a ray-cast visibility check to the signal fixture decides it geometrically."
419,dream,No,0.0,0.0,0,4.0,No,No,"'Distributed uniformly throughout the cubicle layout' supplies no metric and rests on subjective judgment, leaving the rule undecidable as written."
420,dream,,1.0,1.0,0,4.0,Yes,No,The operative criterion is dimensional — sign centreline elevation between 1370 and 1530 mm above finished floor — and consistency reduces to repeated relative placement of sign objects.
421,dream,Yes,0.0,0.0,0,4.0,Yes,Yes,"Seat objects carrying an accessibility flag and a storey/level assignment let an engine detect multiple seating levels and confirm at least one accessible seat exists on each, a pure count-per-level query."
422,dream,,1.0,1.0,0,4.0,Yes,No,"The prohibition reduces to a set test on the same modelled data — accessible seats must appear on levels other than the ground floor and the rearmost balcony, with 'rear' derivable from seating-tier position relative to the stage or screen."
423,dream,No,0.0,0.0,0,4.0,No,No,"Air velocity in the occupied zone is a performance outcome requiring CFD simulation or field measurement, not a property derivable from model geometry and semantics."
424,dream,Yes,0.0,0.0,0,4.0,Yes,Yes,Comparing the roof penetration centreline axis to the riser axis at the storey below against a 10 mm offset tolerance is a wholly geometric computation.
425,dream,,1.0,1.0,0,4.0,Yes,No,Tread nosing centre points within a flight are extractable and plan collinearity is a standard geometric fit test.
426,dream,,1.0,1.0,0,4.0,Yes,No,"Flange axis versus bore axis concentricity is a measurable geometric relation and the 'so that' gasket clause is stated rationale, not an independent criterion."
427,dream,,1.0,1.0,0,4.0,Yes,No,"Bolt-circle centre against flange-face centre is a computable concentricity check on component geometry, the gasket clause being explanatory only."
428,dream,,1.0,1.0,0,4.0,Yes,No,"Bolt insertion points and the column centroid support a single pattern test for equal radius and equal angular spacing, all geometric."
429,dream,,1.0,1.0,0,4.0,Yes,No,"Cover and frame are circular modelled elements, so centre coincidence and the maximum 5 mm annular gap are direct geometric measurements."
430,dream,,1.0,1.0,0,4.0,Yes,No,"Parking bay boundary edges and the adjacent traffic lane axis are both directional geometry, so parallelism is an angle comparison."
431,dream,,1.0,1.0,0,4.0,Yes,No,"The clearance object's centreline can be compared for coincidence with the fountain's centreline, a simple geometric alignment test."
432,dream,,1.0,1.0,0,4.0,Yes,No,"The long axis of the clearance rectangle and the host wall face are both vectors in the model, making parallelism an angular test."
433,dream,,1.0,1.0,0,4.0,Yes,No,"Ramp running-slope direction and the accessible route segment are both directional geometry, allowing an angle-between-vectors check."
434,dream,,1.0,1.0,0,4.0,Yes,No,"The tactile strip's long axis and the kerb line are modelled linear elements, so parallelism is directly computable."
435,dream,,1.0,1.0,0,4.0,Yes,No,Distance from strip end points to the crossing's lateral extents is a measurable quantity tested against the 300 mm limit.
436,dream,,1.0,1.0,0,4.0,Yes,No,Landing orientation relative to the ramp travel vector and landing width against ramp width are both geometric checks on modelled elements.
437,dream,,1.0,1.0,0,4.0,Yes,No,"The travel vector between transfer seat and control positions is derivable from fixture placements and slot orientation is element geometry, so perpendicularity is computable."
438,dream,,1.0,1.0,0,4.0,Yes,No,"Sill plate axis versus stud framing direction is an angular geometric test, and the bearing/shimming clause states purpose rather than a separate criterion."
439,dream,,1.0,1.0,0,4.0,Yes,No,"Plumbness is a test of the fascia element's face normal against the vertical reference axis, purely geometric."
440,dream,,1.0,1.0,0,4.0,Yes,No,The tangent point between straight and curved ramp segments is geometrically locatable and both width and gradient change there are measurable against explicit numeric limits.
441,dream,Yes,0.0,0.0,0,4.0,Yes,Yes,"Agreeing with the opposing point, the tangent directions of the curved and straight pipe centrelines at the shared connection node are explicit model geometry, so zero angular deflection is a direct vector comparison."
442,dream,,1.0,1.0,0,4.0,Yes,No,"Landing and ramp slab gradients are derivable from modelled surface geometry, so equality of slope along the shared transition edge is computable without judgment."
443,dream,,1.0,1.0,0,4.0,Yes,No,"Sanitary spaces carry gender designation and fixtures carry an accessible classification, so counts per facility can be tallied and tested for equality from model semantics alone."
444,dream,,1.0,1.0,0,4.0,Yes,No,"Guardrails flanking the corridor are locatable geometrically and their top-rail heights and profile/type identifiers compared for equality, a single symmetry test on modelled attributes."
445,dream,,1.0,1.0,0,4.0,Yes,No,"Presence of a control-switch component on each face of the sliding door and its offset from the leaf edge are both resolvable from placed component geometry, the reaching wording being explanatory."
446,dream,,1.0,1.0,0,4.0,Yes,No,Shelf mounting height above floor is a direct dimensional measure and access from aisle and window side reduces to adjacency/clearance tests against the modelled seating and circulation spaces.
447,dream,,1.0,1.0,0,4.0,Yes,No,Door-to-space adjacency plus the space connectivity graph lets an engine confirm the restroom door opens directly onto the suite's accessible route with no intervening room.
448,dream,Yes,0.0,0.0,0,4.0,Yes,Yes,"Occupancy type, elevator-served storeys and accessible-restroom instances per storey are all model attributes, making this a per-floor count against a minimum of one."
449,dream,,1.0,1.0,0,4.0,Yes,No,Reachability of each accessible restroom via the modelled accessible route is a topological path query over spaces and doors.
450,dream,,1.0,1.0,0,4.0,Yes,No,Fixtures recessed into rated wall assemblies are geometrically detectable and the presence of an enclosure element whose fire-rating property equals the host wall's rating is a semantic property comparison.
451,dream,Yes,0.0,0.0,0,4.0,Yes,Yes,The perpendicular distance from each sprinkler head to the suspended ceiling plane is a straightforward geometric measurement against the 150 mm limit.
452,dream,,1.0,1.0,0,4.0,Yes,No,"Junction boxes hosted in rated walls are identifiable from geometry and host relationships, and an associated enclosure element's fire-rating property can be matched to the assembly rating."
453,dream,,1.0,1.0,0,4.0,Yes,No,"Pipes carry hot/cold system classification and shared containment within a duct or sleeve element is a geometric containment test, so prohibited co-routing is detectable."
454,dream,No,0.0,0.0,0,4.0,No,No,"The opposing point is correct that leakage not exceeding 3% of design flow is a measured pressure-test outcome, not derivable from model geometry or semantics."
455,dream,,1.0,1.0,0,4.0,Yes,No,"Abutment of a non-structural partition against the structural frame is geometrically detectable and a slip-joint connection type at that interface is a semantic attribute, the load-transfer clause being stated purpose."
456,dream,No,0.0,0.0,0,4.0,No,No,Resistance to a 1.5 kN horizontal load with deflection under 25 mm demands structural analysis or physical testing that a model cannot supply.
457,dream,No,0.0,0.0,0,4.0,No,No,"Logging interval and twelve-month retention are operational device behaviours and commissioning records, outside model geometry and semantics."
458,dream,Yes,0.0,0.0,0,4.0,Yes,Yes,"Room floor area and window clear openable area are standard model quantities, so the 1/20 ratio is directly computable for rooms flagged as naturally ventilated."
459,dream,Yes,0.0,0.0,0,4.0,Yes,Yes,A single clear-width dimension of the modelled passing place is measurable directly against 1800 mm.
460,dream,,1.0,1.0,0,4.0,Yes,No,Spacing between passing places is a distance measured along the modelled route path against a 25 m maximum.
461,dream,,1.0,1.0,0,4.0,Yes,No,"The opposing debater concedes the point, and rightly so: slab opening and column solids are model geometry, so concentricity and the 5 mm circumferential width variation are directly computable."
462,dream,,1.0,1.0,0,4.0,Yes,No,"Agreeing with the opposing statement, accessible parking spaces and aisles are typed objects with derivable widths, so the equality test on the two flanking aisles is a self-contained geometric comparison."
463,dream,No,0.0,0.0,0,4.0,No,No,"Although the 70 kW output could be read from a system property, the required object is an audit record — documentary evidence external to the model."
464,dream,No,0.0,0.0,0,4.0,No,No,A bare section heading containing no requirement to evaluate.
465,dream,No,0.0,0.0,0,4.0,No,No,Bare cross-reference; the substantive landing criteria reside in 405.7.
466,dream,No,0.0,0.0,0,4.0,No,No,"Bare cross-reference to section 308 with no self-contained, evaluable criterion."
467,dream,No,0.0,0.0,0,4.0,No,No,Bare cross-reference to section 808.
468,dream,No,0.0,0.0,0,4.0,No,No,Bare cross-reference to section 238.
469,dream,No,0.0,0.0,0,4.0,No,No,Bare cross-reference to section 303.
470,dream,No,0.0,0.0,0,4.0,No,No,Bare cross-reference to section 225.
471,dream,No,0.0,0.0,0,4.0,No,No,Bare cross-reference to section 231.
472,dream,No,0.0,0.0,0,4.0,No,No,Bare cross-reference to section 239.
473,dream,No,0.0,0.0,0,4.0,No,No,Cross-reference plus an external mechanical standard whose performance criteria are not model data.
474,dream,No,0.0,0.0,0,4.0,No,No,Bare cross-reference to section 235.
475,dream,No,0.0,0.0,0,4.0,No,No,Grants a permission; nothing can fail this sentence.
476,dream,No,0.0,0.0,0,4.0,No,No,Conditional cross-reference whose entire substance lies in 240.2.
477,dream,No,0.0,0.0,0,4.0,No,No,Bare cross-reference to section 404.3.
478,dream,No,0.0,0.0,0,4.0,No,No,Bare cross-reference to section 404.2.6.
479,dream,No,0.0,0.0,0,4.0,No,No,"Despite wheelchair spaces being modelled objects, ""integral part of the seating plan"" sets no measurable geometric threshold and rests on design judgment."
480,dream,No,0.0,0.0,0,4.0,No,No,States an exemption from another clause rather than imposing any testable condition.
481,dream,No,0.0,0.0,0,4.0,No,No,Agreed with the opposition: a comparative advisory observation about firmness and roll resistance states no threshold or model property to evaluate.
482,dream,,1.0,1.0,0,4.0,Yes,No,"A power-assisted door is a typed model object and the referenced clearance is a dimensioned envelope, so obstruction and size can be tested from geometry alone."
483,dream,,1.0,1.0,0,4.0,Yes,No,"Maneuvering clearance envelopes follow deterministically from door type, swing and approach direction and can be tested against adjacent walls, fixtures and obstructions in the model."
484,dream,,1.0,1.0,0,4.0,Yes,No,"Despite permissive phrasing it fixes a measurable 1:48 maximum slope over clear floor spaces, computable from floor surface geometry."
485,dream,No,0.0,0.0,0,4.0,No,No,"Agreed with the opposition: 'preferably' and 'should' express a material recommendation with no mandatory, measurable criterion."
486,dream,No,0.0,0.0,0,4.0,No,No,"Agreed with the opposition: this relieves existing elevators of a requirement, leaving nothing in the model to verify."
487,dream,,1.0,1.0,0,4.0,Yes,No,"Call buttons and keypads are discrete typed elements whose mounting height, size and reach parameters can be tested against the referenced dimensional criteria."
488,dream,No,0.0,0.0,0,4.0,No,No,Agreed with the opposition: a performance objective about golf car access with no stated dimension or defined vehicle envelope to test.
489,dream,No,0.0,0.0,0,4.0,No,No,Agreed with the opposition: a purely administrative applicability statement containing no physical or geometric criterion.
490,dream,,1.0,1.0,0,4.0,Yes,No,"Beds are countable instances, the 25-bed trigger and 5 percent ratio are arithmetic, and the associated clear floor space is a geometric test."
491,dream,No,0.0,0.0,0,4.0,No,No,A conditional relief from a signage requirement rather than a criterion any modelled element must satisfy.
492,dream,No,0.0,0.0,0,4.0,No,No,"Agreed with the opposition: advisory commentary on dexterity, explicitly 'not recommended', with no checkable hardware property."
493,dream,No,0.0,0.0,0,4.0,No,No,"Agreed with the opposition: a bare scoping cross-reference bundling several element types under whole sections, with no criterion of its own."
494,dream,No,0.0,0.0,0,4.0,No,No,Agreed with the opposition: explanatory text on roll resistance stating no threshold or modellable property.
495,dream,No,0.0,0.0,0,4.0,No,No,"Agreed with the opposition: a definition of what constitutes toe clearance, not a requirement to be evaluated."
496,dream,,1.0,1.0,0,4.0,Yes,No,"Hole sequence numbering and accessible-hole flags are semantic model data, so the number of breaks and whether the accessible sequence ends at the last hole are decidable."
497,dream,No,0.0,0.0,0,4.0,No,No,Agreed with the opposition: 'dispersed throughout' supplies no measurable distribution metric and rests on evaluative judgment.
498,dream,,1.0,1.0,0,4.0,Yes,No,"The rule reduces to counting typed pay telephone and TTY instances within a facility of the given type, both enumerable from model semantics."
499,dream,No,0.0,0.0,0,4.0,No,No,Agreed with the opposition: an exclusion refining a definition rather than an independently verifiable requirement.
500,dream,No,0.0,0.0,0,4.0,No,No,Agreed with the opposition: applicability hinges on a detention/security use classification external to the model plus a bare cross-reference to another section.
501,dream,No,0.0,0.0,0,4.0,No,No,"Compliance hinges on ""maximum extent feasible"" construction judgement and an undefined accessibility scope, neither derivable from model geometry."
502,dream,No,0.0,0.0,0,4.0,No,No,"A non-exhaustive list of judgement factors with no measurable threshold, so no rule can be encoded."
503,dream,No,0.0,0.0,0,4.0,No,No,"It is a definition of a system type, stating no testable requirement."
504,dream,No,0.0,0.0,0,4.0,No,No,Same open-ended judgemental factor list with no model-derivable criterion.
505,dream,No,0.0,0.0,0,4.0,No,No,"Requires feasibility judgement plus identification of ""primary function"" areas by intended use, and bundles several independent elements."
506,dream,No,0.0,0.0,0,4.0,No,No,"It allocates regulatory obligation by funding source and program type, which are external administrative facts."
507,dream,No,0.0,0.0,0,4.0,No,No,"Purely advisory (""recommended"", ""encouraged"", ""equivalent experience"") with no enforceable, measurable criterion."
508,dream,No,0.0,0.0,0,4.0,No,No,"Turns on feasibility, on whose use the alteration served, and on a commencement date, none of which are model facts."
509,dream,Yes,0.0,0.0,0,4.0,Yes,Yes,"Aisles are identifiable model spaces and the referenced 403 accessible-route geometry can be dispatched and measured, as the opposing debater concedes."
510,dream,Yes,0.0,0.0,0,4.0,Yes,Yes,Play areas are classifiable model spaces that trigger evaluation of the encoded 1008 provisions.
511,dream,Yes,0.0,0.0,0,4.0,Yes,Yes,"Golf facilities are identifiable by space classification, allowing automatic dispatch to the encoded 1006 criteria."
512,dream,Yes,0.0,0.0,0,4.0,Yes,Yes,Check-out aisles are discrete modelled elements whose 904.3 dimensional compliance is computable.
513,dream,Yes,0.0,0.0,0,4.0,Yes,Yes,Golf car passages are modelled circulation elements whose 1006.3 widths and clearances are geometrically checkable.
514,dream,Yes,0.0,0.0,0,4.0,Yes,Yes,Transfer platforms are discrete model objects with directly measurable 1008.3.1 dimensions and clearances.
515,dream,Yes,0.0,0.0,0,4.0,Yes,Yes,Presence of a bus shelter is a model fact and 810.3's clear space and route requirements are geometric.
516,dream,Yes,0.0,0.0,0,4.0,Yes,Yes,"Slips, gangways and piers are model entities to which the encoded 1003 provisions can be applied automatically."
517,dream,Yes,0.0,0.0,0,4.0,Yes,Yes,"Wheelchair spaces in rides are modelled spaces with checkable size, clearance and access-route properties per 1002.4."
518,dream,Yes,0.0,0.0,0,4.0,Yes,Yes,Loading zones are detectable model elements and 209.2's number and location requirements are countable geometrically.
519,dream,,1.0,1.0,0,4.0,Yes,No,Dining and work surfaces are typed model objects whose heights and knee/toe clearances under 902.2–902.3 are measurable.
520,dream,No,0.0,0.0,0,4.0,No,No,"ASTM F 1292 impact attenuation is established by physical drop testing of the installed surface, not by any model attribute."
521,dream,,1.0,1.0,0,4.0,Yes,No,"Agreeing with the appended argument, counters are typed objects and both cited alternatives are purely dimensional (counter surface height, minimum length, clear floor space and approach direction), so a satisfies-either test runs on geometry alone."
522,dream,No,0.0,0.0,0,4.0,No,No,"A blanket scoping delegation to all of 224 that turns on facility-type classification, dispersion policy and cited count tables rather than any criterion stated in the sentence."
523,dream,No,0.0,0.0,0,4.0,No,No,"""Shall be permitted"" grants a permission and states no criterion that could ever be failed."
524,dream,,1.0,1.0,0,4.0,Yes,No,"The route to each accessible hole is a traversable path whose Chapter 4 parameters — clear width, running and cross slope, changes in level, landings — are all derivable from model geometry and route topology."
525,dream,,1.0,1.0,0,4.0,Yes,No,"Transfer walls are modelled pool elements and the five cited subsections are dimensional (wall height, clear deck space, wall depth and length, grab bar number, height and spacing), all measurable in the model."
526,dream,No,0.0,0.0,0,4.0,No,No,"""Key station"" and ""existing intercity rail station"" are externally conferred legal designations, and the six-section delegation bundles non-geometric provisions such as public address and telephone systems."
527,dream,No,0.0,0.0,0,4.0,No,No,"An optional allowance (""shall be permitted to comply"") with no mandatory state, so no pass/fail can be determined."
528,dream,,1.0,1.0,0,4.0,Yes,No,"Given TTY objects and sign objects carrying symbol/type semantics, existence, placement and directional signage at the specified decision points are proximity and path queries on the model."
529,dream,No,0.0,0.0,0,4.0,No,No,"A blanket referral to ""the applicable requirements of 904"" covering several independent element classes and subsection sets, stating no criterion of its own and leaving applicability undetermined."
530,dream,,1.0,1.0,0,4.0,Yes,No,"The loading/unloading position is a fixed design configuration, so the 1002.5 clear floor or ground space adjacent to the transfer seat is a straightforward geometric adjacency and dimension test."
531,dream,No,0.0,0.0,0,4.0,No,No,"Play-area ground surface compliance rests on ASTM impact-attenuation and firmness/stability test data, which is physical test evidence outside the model."
532,dream,No,0.0,0.0,0,4.0,No,No,It packs a dynamic in-use obstruction condition with 309.4 operable-part criteria involving grasping/twisting judgment and a 5 lbf force test.
533,dream,,1.0,1.0,0,4.0,Yes,No,"The conditional trigger is the presence of a transfer system object and the cited criteria (platform height and size, transfer step dimensions, clear floor space) are pure object and dimension queries."
534,dream,,1.0,1.0,0,4.0,Yes,No,Shelves and dispensers are placed components whose top-surface heights can be tested against the 308 forward and side reach ranges using the associated clear floor space and approach direction.
535,dream,,1.0,1.0,0,4.0,Yes,No,"Play-area ramps are geometric elements whose slope, clear width, rise, landings and handrail dimensions are directly measurable from the model."
536,dream,No,0.0,0.0,0,4.0,No,No,Two independent scoping sentences resting on a public/private entity legal classification and externally cited count tables.
537,dream,No,0.0,0.0,0,4.0,No,No,"A contractual/administrative duty toward pre-identified buyers, with no geometric or semantic model content to evaluate."
538,dream,No,0.0,0.0,0,4.0,No,No,"An exception resting on a demonstration of structural impracticability, an evidentiary judgment made by a person."
539,dream,No,0.0,0.0,0,4.0,No,No,"It bundles several independent scoping requirements — wheelchair spaces, companion seats, aisle seats and lawn seating — whose quantities come from cited tables."
540,dream,,1.0,1.0,0,4.0,Yes,No,"Where bus bays, stops or lift-deployment areas are modelled spaces, the 810.2 boarding pad dimensions, slope limits and connection to an accessible route are direct geometric checks."
541,dream,,1.0,1.0,0,4.0,Yes,No,"IFC carries element status (existing/new/modified) and elevator group/hall-call-control semantics, so an engine can test that any element type flagged as altered is likewise altered on every elevator in the same hall-call group — the alteration history the opponent calls external is in fact standard model metadata."
542,dream,,1.0,1.0,0,4.0,Yes,No,"Entrances can be grouped by their served fixed-route attribute and the engine can verify at least one public entrance per group meets the dimensional clear-width and maneuvering-clearance values, exactly as the opposing argument concedes."
543,dream,No,0.0,0.0,0,4.0,No,No,"It bundles two independent scoping rules and routes to 707, whose speech-output and operable-part performance features cannot be decided from model geometry or semantics."
544,dream,No,0.0,0.0,0,4.0,No,No,"It is a pure exemption relieving a class of rides from a scoping section, stating no condition the model could fail."
545,dream,No,0.0,0.0,0,4.0,No,No,"It withdraws a surface-property requirement whose subject matter (firmness, slip resistance) is a physical test result rather than model data, so there is nothing to evaluate."
546,dream,,1.0,1.0,0,4.0,Yes,No,"The engine can count elevated play components from model semantics and apply the deterministic, in-standard Table 240.2.1.2 lookup to verify the required number and types of ground-level components — an embedded lookup table is data, not an external unknown."
547,dream,No,0.0,0.0,0,4.0,No,No,"It is an administrative effective-date election between two standards, decidable only from project dates and regulatory history rather than model content."
548,dream,No,0.0,0.0,0,4.0,No,No,It is a definitional counting exclusion that imposes no verifiable condition on any modelled element.
549,dream,No,0.0,0.0,0,4.0,No,No,"It is a transitional legal obligation keyed to construction dates and prior-standard compliance status, both outside the model."
550,dream,No,0.0,0.0,0,4.0,No,No,"It is a date-triggered retrofit mandate depending on construction history and earlier standards, with no geometric or semantic criterion."
551,dream,No,0.0,0.0,0,4.0,No,No,It packs three distinct scoping rules and ends with an unquantified 'dispersed' criterion having no measurable threshold.
552,dream,No,0.0,0.0,0,4.0,No,No,"It is a date-based election among three standards with a carved-out exemption, purely administrative and undecidable from a model."
553,dream,No,0.0,0.0,0,4.0,No,No,A place-and-date signature fragment containing no requirement.
554,dream,No,0.0,0.0,0,4.0,No,No,A section heading with no predicate to evaluate.
555,dream,No,0.0,0.0,0,4.0,No,No,A title fragment carrying no testable content.
556,dream,No,0.0,0.0,0,4.0,No,No,A section heading announcing design values rather than stating a checkable criterion.
557,dream,No,0.0,0.0,0,4.0,No,No,"'Safe and appropriate' supplies no dimension, class or threshold that a rule engine could evaluate."
558,dream,No,0.0,0.0,0,4.0,No,No,It is a permissive enumeration of acceptable barrier types imposing no obligation that a model could violate.
559,dream,No,0.0,0.0,0,4.0,No,No,"A descriptive climatic observation about Finland, not a requirement on any building element."
560,dream,No,0.0,0.0,0,4.0,No,No,It fixes an external design input for structural calculation rather than a property of modelled geometry or semantics.
561,dream,No,0.0,0.0,0,4.0,No,No,"An annex title with no criterion; the density values reside in external tables, so nothing in a model can be tested against it."
562,dream,No,0.0,0.0,0,4.0,No,No,"A permissive relaxation whose trigger, reversibility of deformation, is established by structural analysis rather than model geometry or semantics."
563,dream,No,0.0,0.0,0,4.0,No,No,"A section heading announcing a topic, with no threshold or obligation to evaluate."
564,dream,No,0.0,0.0,0,4.0,No,No,"A caveat about a calculation method's limitations, imposing no condition a model could satisfy or violate."
565,dream,No,0.0,0.0,0,4.0,No,No,"A section heading; the compartment-size limits themselves are not stated, so no rule can be executed."
566,dream,,1.0,1.0,0,4.0,Yes,No,A single fixed numeric design parameter that a rule engine can compare directly against each heated space's design indoor-temperature property in the model.
567,dream,No,0.0,0.0,0,4.0,No,No,A discretionary permission ('may be applied') hinging on coastal terrain data external to the building model.
568,dream,No,0.0,0.0,0,4.0,No,No,"An exception fragment referring to an unstated preceding provision, so there is no self-contained condition to check."
569,dream,No,0.0,0.0,0,4.0,No,No,"Self-labelled subjective and phrased as a permission, giving no computable pass/fail condition."
570,dream,No,0.0,0.0,0,4.0,No,No,'Suitable for their use' is an open performance goal with no geometric or semantic threshold to evaluate.
571,dream,No,0.0,0.0,0,4.0,No,No,"A scope-of-application statement about which projects are governed, not a checkable property of a building."
572,dream,No,0.0,0.0,0,4.0,No,No,'Safe and appropriate' traffic areas is a judgment-based qualitative requirement with no measurable model criterion.
573,dream,No,0.0,0.0,0,4.0,No,No,"Requires an illuminance and safety appraisal with no stated levels, which the model alone cannot decide."
574,dream,No,0.0,0.0,0,4.0,No,No,"A dangling exception to 'the above', so no complete rule exists to evaluate."
575,dream,,1.0,1.0,0,4.0,Yes,No,"The criterion is purely dimensional — clear floor area, door widths and turning/manoeuvring space in dwelling rooms are geometry a rule engine can measure against a standard assistive-device envelope."
576,dream,No,0.0,0.0,0,4.0,No,No,"A climatic-data adjustment formula depending on external temperature records and site altitude, not a compliance condition on model content."
577,dream,No,0.0,0.0,0,4.0,No,No,Explanatory rationale whose load value comes from a cited category table and pertains to structural analysis rather than model data.
578,dream,No,0.0,0.0,0,4.0,No,No,"Conformity is established by physical fire testing against the standard time/temperature curve, which no model can reproduce."
579,dream,No,0.0,0.0,0,4.0,No,No,"'Proportionate to' load size and goods traffic depends on operational data and judgment, with no dimension stated."
580,dream,No,0.0,0.0,0,4.0,No,No,"A consequence-class definition, self-labelled subjective, imposing no obligation for a model to satisfy."
581,dream,No,0.0,0.0,0,4.0,No,No,"It governs the content of an energy calculation procedure rather than any modelled geometric or semantic state, so compliance lives in the calculation report, not the BIM."
582,dream,No,0.0,0.0,0,4.0,No,No,Pure definition of 'indoor climate' with no obligation or threshold to test.
583,dream,No,0.0,0.0,0,4.0,No,No,"Definitional sentence explaining 'recirculation air'; the 'two or more rooms' is descriptive, not a requirement."
584,dream,,1.0,1.0,0,4.0,Yes,No,"Luminaires, their switching/control groups and space activity classifications are model semantics, so an engine can verify every space's lighting is assigned to a control group and that groups do not span differing activity types."
585,dream,No,0.0,0.0,0,4.0,No,No,"Explicitly labelled subjective and phrased as a permission, so no determinate compliance state exists."
586,dream,,1.0,1.0,0,4.0,Yes,No,"Every waste water branch can be traced through modelled drainage connectivity to a terminal object typed as public sewer connection, on-site treatment unit or cesspit."
587,dream,No,0.0,0.0,0,4.0,No,No,"Riser and tread are modelled, but no ratio or limit is stated—only the judgment 'easy to use for its intended purpose'."
588,dream,No,0.0,0.0,0,4.0,No,No,"Impermeability of seams, penetrations and joints is material and workmanship performance verified by site testing, not derivable from model layers."
589,dream,No,0.0,0.0,0,4.0,No,No,Definition of a term with no checkable obligation.
590,dream,No,0.0,0.0,0,4.0,No,No,A permission whose conditions are delegated wholesale to unstated 'requirements in this section'.
591,dream,No,0.0,0.0,0,4.0,No,No,"Marked subjective and merely says longer integrity 'may be required', supplying no testable criterion."
592,dream,No,0.0,0.0,0,4.0,No,No,"General performance goal of avoiding fire or explosion hazard with no clearances, dimensions or classifications to evaluate."
593,dream,No,0.0,0.0,0,4.0,No,No,'Easy to open' by impaired persons is a usability judgment with no modelled metric such as clear width or opening force given.
594,dream,No,0.0,0.0,0,4.0,No,No,"It designates external climatic data from Annex 1 as calculation input, so the criterion lies outside the model."
595,dream,No,0.0,0.0,0,4.0,No,No,Permissive in form and dependent on fire load density values from an external classification table.
596,dream,,1.0,1.0,0,4.0,Yes,No,"For spaces typed as hazardous-substance or odour-generating, an engine can verify dedicated (non-shared) supply and extract duct systems and a negative design pressure attribute relative to adjacent spaces."
597,dream,No,0.0,0.0,0,4.0,No,No,"Requires comparison with separate design documents and a judgment of suitability for site conditions, both external to the model."
598,dream,No,0.0,0.0,0,4.0,No,No,Definition of the E-value indicator whose computation relies on external energy carrier factors.
599,dream,,1.0,1.0,0,4.0,Yes,No,"Stripped of the role framing, the operative test is topological and geometric—delay/infiltration components must exist within the site boundary upstream of any external discharge, which model connectivity and site geometry can decide."
600,dream,No,0.0,0.0,0,4.0,No,No,A definition of 'exceptionally difficult' resting on open-ended designer judgment with no thresholds.
601,dream,No,0.0,0.0,0,4.0,No,No,"The opposing view is right that this merely defines the composition of a calculated energy metric, requiring standardised-use calculation inputs rather than stating any geometric or semantic condition a model could satisfy."
602,dream,No,0.0,0.0,0,4.0,No,No,"As the opposing debater notes, it is a classification list mapping many occupancy types to a fire-load band, not a compliance criterion the model can be tested against."
603,dream,No,0.0,0.0,0,4.0,No,No,A bare standard-annex title with no requirement to evaluate.
604,dream,No,0.0,0.0,0,4.0,No,No,A bare standard-annex title with no requirement to evaluate.
605,dream,No,0.0,0.0,0,4.0,No,No,"It grants a permission about analysis assumptions, and load simultaneity is not a property recorded in or derivable from model geometry."
606,dream,No,0.0,0.0,0,4.0,No,No,Verification rests on physical testing or engineering analysis whose result the model cannot itself establish.
607,dream,,1.0,1.0,0,4.0,Yes,No,"Window objects carry explicit outer frame geometry, so a rule engine can compute area from the external perimeter and compare it with the declared area entirely from model data — I agree with the appended argument."
608,dream,No,0.0,0.0,0,4.0,No,No,It mandates an external energy calculation using design-value inputs that are not model geometry or semantics.
609,dream,No,0.0,0.0,0,4.0,No,No,"It only points to a procedure in a cited standard clause, supplying no self-contained criterion."
610,dream,No,0.0,0.0,0,4.0,No,No,"It sets load-combination factors for structural analysis, which are calculation parameters absent from the building model."
611,dream,No,0.0,0.0,0,4.0,No,No,"A scope statement deferring to an external standard, containing no testable condition."
612,dream,No,0.0,0.0,0,4.0,No,No,It expressly defers to project-specific expert assessment.
613,dream,No,0.0,0.0,0,4.0,No,No,"A scope statement deferring to an external standard, containing no testable condition."
614,dream,No,0.0,0.0,0,4.0,No,No,"A deference clause adopting recommended values from a cited standard, with no criterion to evaluate against a model."
615,dream,No,0.0,0.0,0,4.0,No,No,"A deference clause adopting recommended values from a cited standard, with no criterion to evaluate against a model."
616,dream,No,0.0,0.0,0,4.0,No,No,"It governs instrument calibration and measurement correction, a physical and procedural matter outside the model."
617,dream,No,0.0,0.0,0,4.0,No,No,It explicitly requires case-by-case expert assessment of special structures.
618,dream,No,0.0,0.0,0,4.0,No,No,"It depends on external site noise and vibration data plus designer judgment, with no quantified model-checkable threshold."
619,dream,No,0.0,0.0,0,4.0,No,No,"Although access clearances would be geometrically checkable, the rule is triggered by a judgmental leakage-risk finding and sets no quantified accessibility threshold, so the opposing argument holds."
620,dream,No,0.0,0.0,0,4.0,No,No,"The accidental actions to include come from an external risk assessment, not from model content."
621,dream,No,0.0,0.0,0,4.0,No,No,"It is a permissive alternative route to demonstrate compliance by a physical full-scale fire test, and no geometric or semantic model attribute can substitute for or evaluate that test result."
622,dream,No,0.0,0.0,0,4.0,No,No,"It mandates a project-specific risk-assessment process covering even 'unforeseeable' hazards, which is expert judgment and documentation rather than any model-encoded condition."
623,dream,No,0.0,0.0,0,4.0,No,No,"The governing load magnitudes reside in external decrees and vehicle-mass data not present in the model, so at most the presence of a load case could be seen, not its correctness."
624,dream,No,0.0,0.0,0,4.0,No,No,"The operative criterion is a cited table of numerical sound-insulation values whose satisfaction requires acoustic calculation or field measurement, not model geometry."
625,dream,No,0.0,0.0,0,4.0,No,No,"It prescribes a dynamic simulation methodology with one-hour time steps, a calculation procedure whose execution lies outside anything a model can assert."
626,dream,No,0.0,0.0,0,4.0,No,No,"It allocates responsibility to a site person and turns on measured in-situ moisture content and drying rates, data that no BIM holds."
627,dream,No,0.0,0.0,0,4.0,No,No,"It is a discretionary power of the authority conditioned on judgments about occupants' reduced capacity and premises use, with no determinate model-evaluable threshold."
628,dream,No,0.0,0.0,0,4.0,No,No,"It is a scope statement limiting the applicability of an analysis coefficient, containing no requirement on the modelled building itself."
629,dream,No,0.0,0.0,0,4.0,No,No,"It is a bare declaration that an annex is not applied, stating no testable requirement at all."
630,dream,No,0.0,0.0,0,4.0,No,No,"The energy carrier factors are external statutory figures merely referenced, so no value or condition is available for evaluation against the model."
631,dream,No,0.0,0.0,0,4.0,No,No,"It is an exemption contingent on an unspecified external specification, offering no criterion a rule engine could test on crane runway objects."
632,dream,No,0.0,0.0,0,4.0,No,No,It merely points to guidance in Annex B and supplies no partial factor values or combination rules that could be checked.
633,dream,No,0.0,0.0,0,4.0,No,No,"It states a thermal performance outcome requiring climatic-zone design temperatures and heat-loss/capacity calculation, none of which is decidable from model contents alone."
634,dream,No,0.0,0.0,0,4.0,No,No,"It is a definitional classification resting on qualitative judgment of 'strict' requirements and open-ended 'other characteristics', not on any quantified model attribute."
635,dream,No,0.0,0.0,0,4.0,No,No,It is a difficulty-class definition hinging on an undefined qualitative threshold of 'strict' requirements and unenumerated building characteristics.
636,dream,No,0.0,0.0,0,4.0,No,No,"The exemption depends on a special designer's determination about soil permeability and groundwater level, i.e. external site investigation data plus human judgment."
637,dream,No,0.0,0.0,0,4.0,No,No,"It defines a design-task class via the undefined qualitative threshold 'exceptionally strict', which no rule engine can operationalise from model data."
638,dream,No,0.0,0.0,0,4.0,No,No,"It is a definition combining several qualitative judgments about strictness and special demands of environment, site and use, with no model-checkable parameter."
639,dream,No,0.0,0.0,0,4.0,No,No,"It is a definitional classification based on subjective judgments of 'simple' requirements and the absence of special demands, not on model geometry or semantics."
640,dream,No,0.0,0.0,0,4.0,No,No,It is a difficulty-class definition relying wholly on qualitative assessment of 'exceptionally strict' requirements and exceptional demands on design.
641,dream,No,0.0,0.0,0,4.0,No,No,"It is a definition of 'conventional' resting entirely on qualitative judgments — 'simple' requirements, 'generally accepted' guidelines, 'special demands' — none of which is a model-derivable attribute."
642,dream,,1.0,1.0,0,4.0,Yes,No,"Egress signage is an identifiable object class with an egress-serving association, so the 216.4 provisions can be applied object-by-object as a deterministic scoped check."
643,dream,No,0.0,0.0,0,4.0,No,No,"The exemption hinges on a custodial operating policy about whether occupants are permitted independent egress, which is not building geometry or semantics."
644,dream,No,0.0,0.0,0,4.0,No,No,"It is advisory ('recommended') and 'same location' is undefined, so no pass/fail threshold can be evaluated."
645,dream,,1.0,1.0,0,4.0,Yes,No,"The trigger conditions — door operation type (manual swinging), compliance with 404.2, and shared egress-route assignment — are all model attributes and topology, so the engine can determine deterministically when 404.3.6 need not be applied."
646,dream,,1.0,1.0,0,4.0,Yes,No,"Space dimensions per 305, adjacency to unload areas, count per required transfer device, and non-overlap with egress routes are pure geometric and topological tests on modelled spaces."
647,dream,No,0.0,0.0,0,4.0,No,No,"It is a scoping definition of a facility type resting on tenant occupancy and design intent, with no physical attribute to test."
648,dream,,1.0,1.0,0,4.0,Yes,No,"Slip type attributes and counts allow arithmetic verification that compliant slips are distributed across types, with the cap at the required minimum equally computable."
649,dream,,1.0,1.0,0,4.0,Yes,No,"The 50 percent ramp-connection ratio and the count of at least three distinct connected component types are countable from modelled play components, their type attributes and ramp connectivity."
650,dream,No,0.0,0.0,0,4.0,No,No,"'Comparable' is an evaluative judgment and the listed factors include proximity to external community resources and transportation, which lie outside the model."
651,dream,No,0.0,0.0,0,4.0,No,No,"It is a publication statement about the document, imposing no building attribute to evaluate."
652,dream,No,0.0,0.0,0,4.0,No,No,It is administrative contact information with no building attribute to evaluate.
653,dream,Yes,0.0,0.0,0,4.0,Yes,Yes,Floor surface compliance under 302 and the absolute prohibition of level changes within wheelchair spaces are directly testable from surface geometry and material semantics.
654,dream,No,0.0,0.0,0,4.0,No,No,"It is a permission about device output modality and the security purpose of masked display content, neither of which is represented in a BIM."
655,dream,No,0.0,0.0,0,4.0,No,No,"The exemption depends on concealed wall reinforcement provided to permit a future seat installation, which is neither reliably modelled nor judgeable as 'permitting' installation."
656,dream,No,0.0,0.0,0,4.0,No,No,"Same defect: the condition is the presence and positioning of hidden blocking for possible future grab bars, outside normal model content."
657,dream,No,0.0,0.0,0,4.0,No,No,"It is informational guidance about websites and telephone lines, not a requirement on the building."
658,dream,No,0.0,0.0,0,4.0,No,No,"It packs unmodelled wall reinforcement together with use-based determinations ('private office', 'not for common or public use'), neither checkable from the model."
659,dream,Yes,0.0,0.0,0,4.0,Yes,Yes,"Stairs are an explicit modelled element class and the referenced 504 provisions are dimensional checks on riser, tread, nosing and handrail geometry."
660,dream,Yes,0.0,0.0,0,4.0,Yes,Yes,"Drinking fountains are modelled fixtures whose clear floor space, knee and toe clearance, spout height and reach under 307 and 602 are measurable from geometry."
661,dream,,1.0,1.0,0,4.0,Yes,No,"The cross-reference resolves to determinate button geometry and marking attributes (size, raised characters, arrangement) that a rule engine can evaluate on modelled car control elements."
662,dream,,1.0,1.0,0,4.0,Yes,No,"Both cited sections reduce to model-held attributes of the car floor object — surface material/slip-resistance property, carpet pile height, and vertical change-in-level geometry — so the check is decidable from the model."
663,dream,No,0.0,0.0,0,4.0,No,No,Compliance rests on an external product standard (ASME A18.1) plus operational facts about attendant operation and unassisted entry/exit that are not model geometry or semantics.
664,dream,,1.0,1.0,0,4.0,Yes,No,"Grab bar length, mounting height, wall clearance and diameter per 609, plus the presence of a compliant side-wall bar on each compartment side, are all verifiable from modelled grab bar objects and compartment geometry."
665,dream,No,0.0,0.0,0,4.0,No,No,"It is an open-ended illustrative definition of alterations affecting a primary function, stating no measurable condition on any modelled element."
666,dream,No,0.0,0.0,0,4.0,No,No,A bare section heading carrying no normative requirement.
667,dream,,1.0,1.0,0,4.0,Yes,No,"Section 611 imposes clear floor space, approach direction and operable-part reach-range dimensions checkable against modelled appliance objects and the adjacent floor space."
668,dream,,1.0,1.0,0,4.0,Yes,No,"The engine can test that station spaces contain identification sign objects and that their character height, stroke, spacing, contrast and mounting height satisfy 703.5."
669,dream,,1.0,1.0,0,4.0,Yes,No,"Where sign objects are located in modelled boarding areas, platforms or mezzanines, their visual-character and mounting attributes are directly testable against 703.5."
670,dream,No,0.0,0.0,0,4.0,No,No,The 20% disproportionality test turns on construction cost data wholly external to a building information model.
671,dream,No,0.0,0.0,0,4.0,No,No,"It is a scoping exemption, not a testable requirement, and its triggers depend on tenant and occupancy facts (health care provider office, transit terminal) outside the model."
672,dream,No,0.0,0.0,0,4.0,No,No,A bare section heading with no normative content.
673,dream,No,0.0,0.0,0,4.0,No,No,A bare section heading with no normative content.
674,dream,No,0.0,0.0,0,4.0,No,No,A chapter heading with no normative content.
675,dream,No,0.0,0.0,0,4.0,No,No,A bare section heading with no normative content.
676,dream,No,0.0,0.0,0,4.0,No,No,A bare section heading with no normative content.
677,dream,No,0.0,0.0,0,4.0,No,No,A bare section heading with no normative content.
678,dream,No,0.0,0.0,0,4.0,No,No,A bare section heading with no normative content.
679,dream,No,0.0,0.0,0,4.0,No,No,A classification definition of extract air category that imposes no verifiable condition on modelled elements.
680,dream,No,0.0,0.0,0,4.0,No,No,"It mandates a designer's consideration of an open-ended list of internal loads, a process obligation resolvable only by professional judgment."
681,dream,No,0.0,0.0,0,4.0,No,No,Pure terminological definition of 'support' with no criterion a model could fail.
682,dream,No,0.0,0.0,0,4.0,No,No,"Although corridor-to-exit topology is model-representable, the sentence only defines the term and states no requirement."
683,dream,No,0.0,0.0,0,4.0,No,No,"Defines a valve type by its flow behaviour, imposing no testable condition on the model."
684,dream,No,0.0,0.0,0,4.0,No,No,Definition of a product class with no performance or geometric threshold.
685,dream,No,0.0,0.0,0,4.0,No,No,"Defines an acoustic metric obtained by measurement, with no limit value to evaluate."
686,dream,No,0.0,0.0,0,4.0,No,No,Definition of an installation situation; no requirement is asserted even though the geometry is representable.
687,dream,No,0.0,0.0,0,4.0,No,No,"Definition whose substance is fire-resistance and impact performance established by test, not model data."
688,dream,No,0.0,0.0,0,4.0,No,No,Defines a calculated quantity without stating any threshold to check.
689,dream,No,0.0,0.0,0,4.0,No,No,Section heading fragment containing no requirement.
690,dream,No,0.0,0.0,0,4.0,No,No,"Administrative exemption governing which analyses must be performed, not a model property."
691,dream,No,0.0,0.0,0,4.0,No,No,"Defers acceptable failure limits to building type and external tables, giving no evaluable value."
692,dream,No,0.0,0.0,0,4.0,No,No,"Specifies calculation factors from a referenced standard, external to any model."
693,dream,No,0.0,0.0,0,4.0,No,No,"Depends on organisational access control and the judgement of who is unauthorised, not on model geometry or semantics."
694,dream,No,0.0,0.0,0,4.0,No,No,"Administrative rule about which standard values apply, wholly external to a model."
695,dream,No,0.0,0.0,0,4.0,No,No,Procedural documentation duty placed on a person during construction.
696,dream,No,0.0,0.0,0,4.0,No,No,Conditional on suspicion and requires an on-site cleaning and disinfection process.
697,dream,No,0.0,0.0,0,4.0,No,No,Legislative repeal clause with no technical content.
698,dream,No,0.0,0.0,0,4.0,No,No,Points to external weather data for calculations rather than stating a model-checkable condition.
699,dream,No,0.0,0.0,0,4.0,No,No,"Scope statement referring to an external standard, containing no testable criterion."
700,dream,No,0.0,0.0,0,4.0,No,No,Applicability clause turning on a judgement that the changed use carries higher risk.
