sample_index,method,pass_id,label,confidence
6,annollm,0,amusement,
7,annollm,0,disapproval,
8,annollm,0,disapproval,
9,annollm,0,neutral,
10,annollm,0,neutral,
12,annollm,0,amusement,
13,annollm,0,neutral,
15,annollm,0,joy,
16,annollm,0,excitement,
17,annollm,0,annoyance,
18,annollm,0,neutral,
19,annollm,0,amusement,
20,annollm,0,amusement,
21,annollm,0,disgust,
22,annollm,0,caring,
23,annollm,0,fear,
24,annollm,0,amusement,
26,annollm,0,disapproval,
27,annollm,0,neutral,
28,annollm,0,neutral,
29,annollm,0,disapproval,
30,annollm,0,caring,
31,annollm,0,neutral,
32,annollm,0,gratitude,
33,annollm,0,caring,
34,annollm,0,neutral,
35,annollm,0,caring,
36,annollm,0,disappointment,
37,annollm,0,approval,
38,annollm,0,annoyance,
39,annollm,0,joy,
40,annollm,0,gratitude,
41,annollm,0,gratitude,
42,annollm,0,neutral,
43,annollm,0,amusement,
44,annollm,0,disappointment,
45,annollm,0,disgust,
46,annollm,0,amusement,
47,annollm,0,annoyance,
48,annollm,0,confusion,
49,annollm,0,disapproval,
50,annollm,0,amusement,
51,annollm,0,neutral,
52,annollm,0,disapproval,
53,annollm,0,curiosity,
54,annollm,0,admiration,
55,annollm,0,neutral,
56,annollm,0,confusion,
57,annollm,0,disappointment,
58,annollm,0,gratitude,
59,annollm,0,confusion,
60,annollm,0,caring,
61,annollm,0,admiration,
62,annollm,0,amusement,
63,annollm,0,pride,
64,annollm,0,caring,
65,annollm,0,optimism,
66,annollm,0,approval,
67,annollm,0,excitement,
68,annollm,0,caring,
69,annollm,0,admiration,
70,annollm,0,confusion,
71,annollm,0,disapproval,
72,annollm,0,disappointment,
73,annollm,0,neutral,
74,annollm,0,amusement,
75,annollm,0,admiration,
76,annollm,0,surprise,
77,annollm,0,amusement,
78,annollm,0,annoyance,
79,annollm,0,annoyance,
80,annollm,0,excitement,
81,annollm,0,disapproval,
82,annollm,0,neutral,
83,annollm,0,neutral,
84,annollm,0,fear,
85,annollm,0,optimism,
86,annollm,0,neutral,
87,annollm,0,annoyance,
88,annollm,0,neutral,
89,annollm,0,surprise,
90,annollm,0,disapproval,
91,annollm,0,amusement,
92,annollm,0,admiration,
93,annollm,0,curiosity,
94,annollm,0,curiosity,
95,annollm,0,gratitude,
96,annollm,0,joy,
97,annollm,0,disapproval,
98,annollm,0,neutral,
99,annollm,0,gratitude,
100,annollm,0,disapproval,
101,annollm,0,neutral,
102,annollm,0,optimism,
103,annollm,0,approval,
104,annollm,0,neutral,
105,annollm,0,admiration,
106,annollm,0,gratitude,
107,annollm,0,admiration,
108,annollm,0,amusement,
109,annollm,0,neutral,
110,annollm,0,neutral,
111,annollm,0,optimism,
112,annollm,0,neutral,
113,annollm,0,neutral,
114,annollm,0,curiosity,
115,annollm,0,amusement,
116,annollm,0,neutral,
117,annollm,0,sadness,
118,annollm,0,neutral,
119,annollm,0,disapproval,
120,annollm,0,amusement,
121,annollm,0,amusement,
122,annollm,0,excitement,
123,annollm,0,excitement,
124,annollm,0,annoyance,
125,annollm,0,approval,
126,annollm,0,disapproval,
127,annollm,0,disgust,
128,annollm,0,amusement,
129,annollm,0,love,
130,annollm,0,desire,
131,annollm,0,disapproval,
132,annollm,0,disgust,
133,annollm,0,amusement,
134,annollm,0,amusement,
135,annollm,0,neutral,
136,annollm,0,disapproval,
137,annollm,0,amusement,
138,annollm,0,curiosity,
139,annollm,0,desire,
140,annollm,0,disapproval,
141,annollm,0,admiration,
142,annollm,0,amusement,
143,annollm,0,confusion,
144,annollm,0,optimism,
145,annollm,0,excitement,
146,annollm,0,love,
147,annollm,0,neutral,
148,annollm,0,amusement,
149,annollm,0,embarrassment,
150,annollm,0,sadness,
151,annollm,0,embarrassment,
152,annollm,0,neutral,
153,annollm,0,annoyance,
154,annollm,0,approval,
155,annollm,0,gratitude,
156,annollm,0,disapproval,
157,annollm,0,disgust,
158,annollm,0,approval,
159,annollm,0,caring,
160,annollm,0,sadness,
161,annollm,0,love,
162,annollm,0,amusement,
163,annollm,0,amusement,
164,annollm,0,admiration,
165,annollm,0,neutral,
166,annollm,0,admiration,
167,annollm,0,excitement,
168,annollm,0,neutral,
169,annollm,0,annoyance,
170,annollm,0,approval,
171,annollm,0,neutral,
172,annollm,0,neutral,
173,annollm,0,admiration,
174,annollm,0,amusement,
175,annollm,0,curiosity,
176,annollm,0,disapproval,
177,annollm,0,annoyance,
178,annollm,0,annoyance,
179,annollm,0,neutral,
180,annollm,0,anger,
181,annollm,0,amusement,
182,annollm,0,disapproval,
183,annollm,0,approval,
184,annollm,0,love,
185,annollm,0,excitement,
186,annollm,0,fear,
187,annollm,0,love,
188,annollm,0,disapproval,
189,annollm,0,disapproval,
190,annollm,0,sadness,
191,annollm,0,disapproval,
192,annollm,0,relief,
193,annollm,0,neutral,
194,annollm,0,caring,
195,annollm,0,annoyance,
196,annollm,0,annoyance,
197,annollm,0,admiration,
198,annollm,0,approval,
199,annollm,0,admiration,
200,annollm,0,annoyance,
201,annollm,0,curiosity,
202,annollm,0,desire,
203,annollm,0,amusement,
204,annollm,0,annoyance,
205,annollm,0,joy,
206,annollm,0,neutral,
207,annollm,0,admiration,
208,annollm,0,annoyance,
209,annollm,0,admiration,
210,annollm,0,admiration,
211,annollm,0,fear,
212,annollm,0,amusement,
213,annollm,0,amusement,
214,annollm,0,amusement,
215,annollm,0,annoyance,
216,annollm,0,amusement,
217,annollm,0,caring,
218,annollm,0,approval,
219,annollm,0,neutral,
220,annollm,0,annoyance,
221,annollm,0,neutral,
222,annollm,0,disgust,
223,annollm,0,approval,
224,annollm,0,disappointment,
225,annollm,0,surprise,
226,annollm,0,disapproval,
227,annollm,0,optimism,
228,annollm,0,neutral,
229,annollm,0,neutral,
230,annollm,0,disapproval,
231,annollm,0,caring,
232,annollm,0,curiosity,
233,annollm,0,disapproval,
234,annollm,0,annoyance,
235,annollm,0,neutral,
236,annollm,0,amusement,
237,annollm,0,disgust,
238,annollm,0,disapproval,
239,annollm,0,caring,
240,annollm,0,disapproval,
241,annollm,0,admiration,
242,annollm,0,admiration,
243,annollm,0,disapproval,
244,annollm,0,disapproval,
245,annollm,0,excitement,
246,annollm,0,approval,
247,annollm,0,disapproval,
248,annollm,0,gratitude,
249,annollm,0,gratitude,
250,annollm,0,neutral,
251,annollm,0,neutral,
252,annollm,0,realization,
253,annollm,0,approval,
254,annollm,0,curiosity,
255,annollm,0,neutral,
256,annollm,0,amusement,
257,annollm,0,curiosity,
258,annollm,0,admiration,
259,annollm,0,admiration,
260,annollm,0,amusement,
261,annollm,0,amusement,
262,annollm,0,optimism,
263,annollm,0,neutral,
264,annollm,0,admiration,
265,annollm,0,amusement,
266,annollm,0,disapproval,
267,annollm,0,desire,
268,annollm,0,optimism,
269,annollm,0,disapproval,
270,annollm,0,disapproval,
271,annollm,0,disapproval,
272,annollm,0,neutral,
273,annollm,0,nervousness,
274,annollm,0,neutral,
275,annollm,0,amusement,
276,annollm,0,annoyance,
277,annollm,0,approval,
278,annollm,0,neutral,
279,annollm,0,annoyance,
280,annollm,0,annoyance,
281,annollm,0,excitement,
282,annollm,0,surprise,
283,annollm,0,amusement,
284,annollm,0,fear,
285,annollm,0,embarrassment,
286,annollm,0,annoyance,
287,annollm,0,neutral,
288,annollm,0,surprise,
289,annollm,0,neutral,
290,annollm,0,optimism,
291,annollm,0,neutral,
292,annollm,0,amusement,
293,annollm,0,caring,
294,annollm,0,excitement,
295,annollm,0,disapproval,
296,annollm,0,joy,
297,annollm,0,disapproval,
298,annollm,0,amusement,
299,annollm,0,neutral,
300,annollm,0,amusement,
1,coannotating,0,amusement,
2,coannotating,0,amusement,
3,coannotating,0,neutral,
4,coannotating,0,annoyance,
5,coannotating,0,annoyance,
6,coannotating,0,amusement,
7,coannotating,0,annoyance,
8,coannotating,0,curiosity,
9,coannotating,0,neutral,
10,coannotating,0,neutral,
11,coannotating,0,amusement,
12,coannotating,0,amusement,
13,coannotating,0,neutral,
14,coannotating,0,disapproval,
15,coannotating,0,joy,
16,coannotating,0,neutral,
17,coannotating,0,annoyance,
18,coannotating,0,neutral,
19,coannotating,0,amusement,
20,coannotating,0,neutral,
21,coannotating,0,disapproval,
22,coannotating,0,caring,
23,coannotating,0,fear,
24,coannotating,0,neutral,
25,coannotating,0,neutral,
26,coannotating,0,disapproval,
27,coannotating,0,neutral,
28,coannotating,0,neutral,
29,coannotating,0,disapproval,
30,coannotating,0,caring,
31,coannotating,0,neutral,
32,coannotating,0,gratitude,
33,coannotating,0,caring,
34,coannotating,0,neutral,
35,coannotating,0,neutral,
36,coannotating,0,disappointment,
37,coannotating,0,approval,
38,coannotating,0,annoyance,
39,coannotating,0,joy,
40,coannotating,0,gratitude,
41,coannotating,0,gratitude,
42,coannotating,0,neutral,
43,coannotating,0,amusement,
44,coannotating,0,disappointment,
45,coannotating,0,disgust,
46,coannotating,0,amusement,
47,coannotating,0,annoyance,
48,coannotating,0,confusion,
49,coannotating,0,disapproval,
50,coannotating,0,amusement,
51,coannotating,0,neutral,
52,coannotating,0,curiosity,
53,coannotating,0,curiosity,
54,coannotating,0,admiration,
55,coannotating,0,neutral,
56,coannotating,0,neutral,
57,coannotating,0,disappointment,
58,coannotating,0,gratitude,
59,coannotating,0,curiosity,
60,coannotating,0,caring,
61,coannotating,0,admiration,
62,coannotating,0,amusement,
63,coannotating,0,neutral,
64,coannotating,0,neutral,
65,coannotating,0,optimism,
66,coannotating,0,approval,
67,coannotating,0,excitement,
68,coannotating,0,caring,
69,coannotating,0,admiration,
70,coannotating,0,confusion,
71,coannotating,0,neutral,
72,coannotating,0,disappointment,
73,coannotating,0,neutral,
74,coannotating,0,amusement,
75,coannotating,0,admiration,
76,coannotating,0,confusion,
77,coannotating,0,neutral,
78,coannotating,0,annoyance,
79,coannotating,0,annoyance,
80,coannotating,0,excitement,
81,coannotating,0,disapproval,
82,coannotating,0,neutral,
83,coannotating,0,neutral,
84,coannotating,0,fear,
85,coannotating,0,optimism,
86,coannotating,0,neutral,
87,coannotating,0,annoyance,
88,coannotating,0,neutral,
89,coannotating,0,neutral,
90,coannotating,0,disapproval,
91,coannotating,0,amusement,
92,coannotating,0,admiration,
93,coannotating,0,curiosity,
94,coannotating,0,curiosity,
95,coannotating,0,neutral,
96,coannotating,0,joy,
97,coannotating,0,disapproval,
98,coannotating,0,neutral,
99,coannotating,0,gratitude,
100,coannotating,0,disapproval,
101,coannotating,0,neutral,
102,coannotating,0,optimism,
103,coannotating,0,approval,
104,coannotating,0,neutral,
105,coannotating,0,admiration,
106,coannotating,0,gratitude,
107,coannotating,0,admiration,
108,coannotating,0,amusement,
109,coannotating,0,neutral,
110,coannotating,0,neutral,
111,coannotating,0,optimism,
112,coannotating,0,neutral,
113,coannotating,0,neutral,
114,coannotating,0,curiosity,
115,coannotating,0,amusement,
116,coannotating,0,neutral,
117,coannotating,0,sadness,
118,coannotating,0,neutral,
119,coannotating,0,disapproval,
120,coannotating,0,amusement,
121,coannotating,0,approval,
122,coannotating,0,excitement,
123,coannotating,0,excitement,
124,coannotating,0,annoyance,
125,coannotating,0,approval,
126,coannotating,0,disapproval,
127,coannotating,0,disgust,
128,coannotating,0,neutral,
129,coannotating,0,love,
130,coannotating,0,desire,
131,coannotating,0,disapproval,
132,coannotating,0,fear,
133,coannotating,0,amusement,
134,coannotating,0,amusement,
135,coannotating,0,neutral,
136,coannotating,0,neutral,
137,coannotating,0,disapproval,
138,coannotating,0,curiosity,
139,coannotating,0,desire,
140,coannotating,0,disapproval,
141,coannotating,0,admiration,
142,coannotating,0,amusement,
143,coannotating,0,confusion,
144,coannotating,0,optimism,
145,coannotating,0,excitement,
146,coannotating,0,love,
147,coannotating,0,neutral,
148,coannotating,0,amusement,
149,coannotating,0,embarrassment,
150,coannotating,0,sadness,
151,coannotating,0,embarrassment,
152,coannotating,0,neutral,
153,coannotating,0,annoyance,
154,coannotating,0,approval,
155,coannotating,0,gratitude,
156,coannotating,0,disapproval,
157,coannotating,0,disgust,
158,coannotating,0,approval,
159,coannotating,0,caring,
160,coannotating,0,sadness,
161,coannotating,0,love,
162,coannotating,0,amusement,
163,coannotating,0,neutral,
164,coannotating,0,admiration,
165,coannotating,0,neutral,
166,coannotating,0,admiration,
167,coannotating,0,excitement,
168,coannotating,0,neutral,
169,coannotating,0,annoyance,
170,coannotating,0,neutral,
171,coannotating,0,neutral,
172,coannotating,0,neutral,
173,coannotating,0,admiration,
174,coannotating,0,amusement,
175,coannotating,0,curiosity,
176,coannotating,0,disapproval,
177,coannotating,0,annoyance,
178,coannotating,0,annoyance,
179,coannotating,0,neutral,
180,coannotating,0,anger,
181,coannotating,0,neutral,
182,coannotating,0,disapproval,
183,coannotating,0,approval,
184,coannotating,0,love,
185,coannotating,0,excitement,
186,coannotating,0,fear,
187,coannotating,0,love,
188,coannotating,0,disapproval,
189,coannotating,0,disapproval,
190,coannotating,0,sadness,
191,coannotating,0,disapproval,
192,coannotating,0,relief,
193,coannotating,0,neutral,
194,coannotating,0,optimism,
195,coannotating,0,annoyance,
196,coannotating,0,annoyance,
197,coannotating,0,admiration,
198,coannotating,0,approval,
199,coannotating,0,admiration,
200,coannotating,0,annoyance,
201,coannotating,0,curiosity,
202,coannotating,0,desire,
203,coannotating,0,amusement,
204,coannotating,0,annoyance,
205,coannotating,0,joy,
206,coannotating,0,neutral,
207,coannotating,0,admiration,
208,coannotating,0,annoyance,
209,coannotating,0,admiration,
210,coannotating,0,admiration,
211,coannotating,0,fear,
212,coannotating,0,amusement,
213,coannotating,0,neutral,
214,coannotating,0,amusement,
215,coannotating,0,annoyance,
216,coannotating,0,neutral,
217,coannotating,0,caring,
218,coannotating,0,approval,
219,coannotating,0,neutral,
220,coannotating,0,annoyance,
221,coannotating,0,neutral,
222,coannotating,0,disgust,
223,coannotating,0,approval,
224,coannotating,0,disappointment,
225,coannotating,0,surprise,
226,coannotating,0,disapproval,
227,coannotating,0,optimism,
228,coannotating,0,neutral,
229,coannotating,0,neutral,
230,coannotating,0,disapproval,
231,coannotating,0,joy,
232,coannotating,0,curiosity,
233,coannotating,0,disapproval,
234,coannotating,0,annoyance,
235,coannotating,0,neutral,
236,coannotating,0,amusement,
237,coannotating,0,disgust,
238,coannotating,0,disapproval,
239,coannotating,0,caring,
240,coannotating,0,disapproval,
241,coannotating,0,admiration,
242,coannotating,0,admiration,
243,coannotating,0,neutral,
244,coannotating,0,disapproval,
245,coannotating,0,excitement,
246,coannotating,0,approval,
247,coannotating,0,neutral,
248,coannotating,0,gratitude,
249,coannotating,0,gratitude,
250,coannotating,0,neutral,
251,coannotating,0,neutral,
252,coannotating,0,approval,
253,coannotating,0,approval,
254,coannotating,0,curiosity,
255,coannotating,0,neutral,
256,coannotating,0,neutral,
257,coannotating,0,curiosity,
258,coannotating,0,admiration,
259,coannotating,0,admiration,
260,coannotating,0,amusement,
261,coannotating,0,neutral,
262,coannotating,0,optimism,
263,coannotating,0,neutral,
264,coannotating,0,admiration,
265,coannotating,0,amusement,
266,coannotating,0,disapproval,
267,coannotating,0,desire,
268,coannotating,0,optimism,
269,coannotating,0,disapproval,
270,coannotating,0,disapproval,
271,coannotating,0,disapproval,
272,coannotating,0,neutral,
273,coannotating,0,nervousness,
274,coannotating,0,neutral,
275,coannotating,0,neutral,
276,coannotating,0,annoyance,
277,coannotating,0,approval,
278,coannotating,0,neutral,
279,coannotating,0,annoyance,
280,coannotating,0,annoyance,
281,coannotating,0,approval,
282,coannotating,0,surprise,
283,coannotating,0,amusement,
284,coannotating,0,fear,
285,coannotating,0,embarrassment,
286,coannotating,0,annoyance,
287,coannotating,0,neutral,
288,coannotating,0,surprise,
289,coannotating,0,neutral,
290,coannotating,0,optimism,
291,coannotating,0,neutral,
292,coannotating,0,amusement,
293,coannotating,0,caring,
294,coannotating,0,excitement,
295,coannotating,0,disapproval,
296,coannotating,0,joy,
297,coannotating,0,disapproval,
298,coannotating,0,approval,
299,coannotating,0,neutral,
300,coannotating,0,neutral,
1,coannotating,1,amusement,
2,coannotating,1,amusement,
3,coannotating,1,neutral,
4,coannotating,1,annoyance,
5,coannotating,1,annoyance,
6,coannotating,1,amusement,
7,coannotating,1,annoyance,
8,coannotating,1,confusion,
9,coannotating,1,neutral,
10,coannotating,1,neutral,
11,coannotating,1,amusement,
12,coannotating,1,amusement,
13,coannotating,1,neutral,
14,coannotating,1,neutral,
15,coannotating,1,joy,
16,coannotating,1,neutral,
17,coannotating,1,annoyance,
18,coannotating,1,neutral,
19,coannotating,1,amusement,
20,coannotating,1,amusement,
21,coannotating,1,disgust,
22,coannotating,1,caring,
23,coannotating,1,fear,
24,coannotating,1,neutral,
25,coannotating,1,neutral,
26,coannotating,1,disapproval,
27,coannotating,1,neutral,
28,coannotating,1,neutral,
29,coannotating,1,disapproval,
30,coannotating,1,caring,
31,coannotating,1,neutral,
32,coannotating,1,gratitude,
33,coannotating,1,caring,
34,coannotating,1,neutral,
35,coannotating,1,neutral,
36,coannotating,1,disappointment,
37,coannotating,1,approval,
38,coannotating,1,annoyance,
39,coannotating,1,joy,
40,coannotating,1,gratitude,
41,coannotating,1,gratitude,
42,coannotating,1,neutral,
43,coannotating,1,amusement,
44,coannotating,1,disappointment,
45,coannotating,1,disgust,
46,coannotating,1,amusement,
47,coannotating,1,annoyance,
48,coannotating,1,confusion,
49,coannotating,1,disapproval,
50,coannotating,1,amusement,
51,coannotating,1,neutral,
52,coannotating,1,neutral,
53,coannotating,1,curiosity,
54,coannotating,1,admiration,
55,coannotating,1,neutral,
56,coannotating,1,neutral,
57,coannotating,1,disappointment,
58,coannotating,1,gratitude,
59,coannotating,1,curiosity,
60,coannotating,1,caring,
61,coannotating,1,admiration,
62,coannotating,1,amusement,
63,coannotating,1,neutral,
64,coannotating,1,neutral,
65,coannotating,1,optimism,
66,coannotating,1,approval,
67,coannotating,1,excitement,
68,coannotating,1,caring,
69,coannotating,1,admiration,
70,coannotating,1,confusion,
71,coannotating,1,neutral,
72,coannotating,1,disappointment,
73,coannotating,1,neutral,
74,coannotating,1,neutral,
75,coannotating,1,admiration,
76,coannotating,1,surprise,
77,coannotating,1,neutral,
78,coannotating,1,annoyance,
79,coannotating,1,annoyance,
80,coannotating,1,excitement,
81,coannotating,1,disapproval,
82,coannotating,1,neutral,
83,coannotating,1,neutral,
84,coannotating,1,fear,
85,coannotating,1,optimism,
86,coannotating,1,neutral,
87,coannotating,1,confusion,
88,coannotating,1,neutral,
89,coannotating,1,neutral,
90,coannotating,1,disapproval,
91,coannotating,1,amusement,
92,coannotating,1,admiration,
93,coannotating,1,curiosity,
94,coannotating,1,curiosity,
95,coannotating,1,gratitude,
96,coannotating,1,joy,
97,coannotating,1,disapproval,
98,coannotating,1,neutral,
99,coannotating,1,gratitude,
100,coannotating,1,disapproval,
101,coannotating,1,neutral,
102,coannotating,1,optimism,
103,coannotating,1,approval,
104,coannotating,1,neutral,
105,coannotating,1,admiration,
106,coannotating,1,gratitude,
107,coannotating,1,admiration,
108,coannotating,1,amusement,
109,coannotating,1,neutral,
110,coannotating,1,neutral,
111,coannotating,1,optimism,
112,coannotating,1,neutral,
113,coannotating,1,neutral,
114,coannotating,1,curiosity,
115,coannotating,1,amusement,
116,coannotating,1,neutral,
117,coannotating,1,sadness,
118,coannotating,1,neutral,
119,coannotating,1,disapproval,
120,coannotating,1,amusement,
121,coannotating,1,amusement,
122,coannotating,1,excitement,
123,coannotating,1,excitement,
124,coannotating,1,annoyance,
125,coannotating,1,approval,
126,coannotating,1,disapproval,
127,coannotating,1,disgust,
128,coannotating,1,amusement,
129,coannotating,1,love,
130,coannotating,1,desire,
131,coannotating,1,disapproval,
132,coannotating,1,fear,
133,coannotating,1,amusement,
134,coannotating,1,amusement,
135,coannotating,1,neutral,
136,coannotating,1,disapproval,
137,coannotating,1,amusement,
138,coannotating,1,curiosity,
139,coannotating,1,desire,
140,coannotating,1,disapproval,
141,coannotating,1,admiration,
142,coannotating,1,amusement,
143,coannotating,1,confusion,
144,coannotating,1,optimism,
145,coannotating,1,excitement,
146,coannotating,1,love,
147,coannotating,1,neutral,
148,coannotating,1,amusement,
149,coannotating,1,embarrassment,
150,coannotating,1,sadness,
151,coannotating,1,embarrassment,
152,coannotating,1,neutral,
153,coannotating,1,annoyance,
154,coannotating,1,approval,
155,coannotating,1,gratitude,
156,coannotating,1,disapproval,
157,coannotating,1,disgust,
158,coannotating,1,approval,
159,coannotating,1,caring,
160,coannotating,1,sadness,
161,coannotating,1,love,
162,coannotating,1,amusement,
163,coannotating,1,amusement,
164,coannotating,1,admiration,
165,coannotating,1,neutral,
166,coannotating,1,admiration,
167,coannotating,1,admiration,
168,coannotating,1,neutral,
169,coannotating,1,annoyance,
170,coannotating,1,neutral,
171,coannotating,1,neutral,
172,coannotating,1,neutral,
173,coannotating,1,admiration,
174,coannotating,1,neutral,
175,coannotating,1,curiosity,
176,coannotating,1,disapproval,
177,coannotating,1,annoyance,
178,coannotating,1,annoyance,
179,coannotating,1,neutral,
180,coannotating,1,annoyance,
181,coannotating,1,neutral,
182,coannotating,1,disapproval,
183,coannotating,1,approval,
184,coannotating,1,love,
185,coannotating,1,neutral,
186,coannotating,1,fear,
187,coannotating,1,love,
188,coannotating,1,disapproval,
189,coannotating,1,disapproval,
190,coannotating,1,sadness,
191,coannotating,1,disapproval,
192,coannotating,1,relief,
193,coannotating,1,neutral,
194,coannotating,1,caring,
195,coannotating,1,annoyance,
196,coannotating,1,annoyance,
197,coannotating,1,admiration,
198,coannotating,1,approval,
199,coannotating,1,admiration,
200,coannotating,1,disapproval,
201,coannotating,1,curiosity,
202,coannotating,1,desire,
203,coannotating,1,amusement,
204,coannotating,1,annoyance,
205,coannotating,1,joy,
206,coannotating,1,neutral,
207,coannotating,1,admiration,
208,coannotating,1,annoyance,
209,coannotating,1,admiration,
210,coannotating,1,admiration,
211,coannotating,1,fear,
212,coannotating,1,amusement,
213,coannotating,1,neutral,
214,coannotating,1,amusement,
215,coannotating,1,annoyance,
216,coannotating,1,neutral,
217,coannotating,1,caring,
218,coannotating,1,approval,
219,coannotating,1,neutral,
220,coannotating,1,disapproval,
221,coannotating,1,neutral,
222,coannotating,1,disgust,
223,coannotating,1,approval,
224,coannotating,1,disappointment,
225,coannotating,1,surprise,
226,coannotating,1,disapproval,
227,coannotating,1,optimism,
228,coannotating,1,neutral,
229,coannotating,1,neutral,
230,coannotating,1,disapproval,
231,coannotating,1,caring,
232,coannotating,1,curiosity,
233,coannotating,1,disapproval,
234,coannotating,1,annoyance,
235,coannotating,1,neutral,
236,coannotating,1,amusement,
237,coannotating,1,disgust,
238,coannotating,1,disapproval,
239,coannotating,1,caring,
240,coannotating,1,neutral,
241,coannotating,1,admiration,
242,coannotating,1,admiration,
243,coannotating,1,neutral,
244,coannotating,1,disapproval,
245,coannotating,1,excitement,
246,coannotating,1,approval,
247,coannotating,1,neutral,
248,coannotating,1,gratitude,
249,coannotating,1,gratitude,
250,coannotating,1,neutral,
251,coannotating,1,neutral,
252,coannotating,1,realization,
253,coannotating,1,approval,
254,coannotating,1,curiosity,
255,coannotating,1,neutral,
256,coannotating,1,neutral,
257,coannotating,1,curiosity,
258,coannotating,1,admiration,
259,coannotating,1,admiration,
260,coannotating,1,amusement,
261,coannotating,1,amusement,
262,coannotating,1,optimism,
263,coannotating,1,neutral,
264,coannotating,1,admiration,
265,coannotating,1,fear,
266,coannotating,1,disapproval,
267,coannotating,1,desire,
268,coannotating,1,optimism,
269,coannotating,1,neutral,
270,coannotating,1,disapproval,
271,coannotating,1,disapproval,
272,coannotating,1,neutral,
273,coannotating,1,nervousness,
274,coannotating,1,neutral,
275,coannotating,1,neutral,
276,coannotating,1,annoyance,
277,coannotating,1,approval,
278,coannotating,1,neutral,
279,coannotating,1,annoyance,
280,coannotating,1,annoyance,
281,coannotating,1,approval,
282,coannotating,1,surprise,
283,coannotating,1,amusement,
284,coannotating,1,fear,
285,coannotating,1,embarrassment,
286,coannotating,1,annoyance,
287,coannotating,1,neutral,
288,coannotating,1,surprise,
289,coannotating,1,neutral,
290,coannotating,1,optimism,
291,coannotating,1,approval,
292,coannotating,1,amusement,
293,coannotating,1,caring,
294,coannotating,1,excitement,
295,coannotating,1,disapproval,
296,coannotating,1,joy,
297,coannotating,1,disapproval,
298,coannotating,1,approval,
299,coannotating,1,neutral,
300,coannotating,1,neutral,
1,coannotating,2,amusement,
2,coannotating,2,amusement,
3,coannotating,2,neutral,
4,coannotating,2,annoyance,
5,coannotating,2,annoyance,
6,coannotating,2,excitement,
7,coannotating,2,annoyance,
8,coannotating,2,confusion,
9,coannotating,2,neutral,
10,coannotating,2,neutral,
11,coannotating,2,amusement,
12,coannotating,2,amusement,
13,coannotating,2,neutral,
14,coannotating,2,disapproval,
15,coannotating,2,joy,
16,coannotating,2,excitement,
17,coannotating,2,annoyance,
18,coannotating,2,neutral,
19,coannotating,2,amusement,
20,coannotating,2,neutral,
21,coannotating,2,disgust,
22,coannotating,2,caring,
23,coannotating,2,fear,
24,coannotating,2,amusement,
25,coannotating,2,neutral,
26,coannotating,2,disapproval,
27,coannotating,2,neutral,
28,coannotating,2,neutral,
29,coannotating,2,disapproval,
30,coannotating,2,caring,
31,coannotating,2,neutral,
32,coannotating,2,gratitude,
33,coannotating,2,caring,
34,coannotating,2,neutral,
35,coannotating,2,caring,
36,coannotating,2,disappointment,
37,coannotating,2,approval,
38,coannotating,2,annoyance,
39,coannotating,2,joy,
40,coannotating,2,gratitude,
41,coannotating,2,gratitude,
42,coannotating,2,neutral,
43,coannotating,2,amusement,
44,coannotating,2,disappointment,
45,coannotating,2,disgust,
46,coannotating,2,amusement,
47,coannotating,2,annoyance,
48,coannotating,2,confusion,
49,coannotating,2,disapproval,
50,coannotating,2,amusement,
51,coannotating,2,neutral,
52,coannotating,2,neutral,
53,coannotating,2,curiosity,
54,coannotating,2,admiration,
55,coannotating,2,neutral,
56,coannotating,2,confusion,
57,coannotating,2,disappointment,
58,coannotating,2,gratitude,
59,coannotating,2,confusion,
60,coannotating,2,caring,
61,coannotating,2,admiration,
62,coannotating,2,amusement,
63,coannotating,2,neutral,
64,coannotating,2,neutral,
65,coannotating,2,optimism,
66,coannotating,2,approval,
67,coannotating,2,excitement,
68,coannotating,2,caring,
69,coannotating,2,admiration,
70,coannotating,2,confusion,
71,coannotating,2,neutral,
72,coannotating,2,disappointment,
73,coannotating,2,neutral,
74,coannotating,2,amusement,
75,coannotating,2,admiration,
76,coannotating,2,surprise,
77,coannotating,2,neutral,
78,coannotating,2,annoyance,
79,coannotating,2,annoyance,
80,coannotating,2,excitement,
81,coannotating,2,disapproval,
82,coannotating,2,neutral,
83,coannotating,2,neutral,
84,coannotating,2,fear,
85,coannotating,2,optimism,
86,coannotating,2,neutral,
87,coannotating,2,confusion,
88,coannotating,2,neutral,
89,coannotating,2,surprise,
90,coannotating,2,disapproval,
91,coannotating,2,amusement,
92,coannotating,2,admiration,
93,coannotating,2,curiosity,
94,coannotating,2,curiosity,
95,coannotating,2,gratitude,
96,coannotating,2,joy,
97,coannotating,2,disapproval,
98,coannotating,2,neutral,
99,coannotating,2,gratitude,
100,coannotating,2,disapproval,
101,coannotating,2,neutral,
102,coannotating,2,neutral,
103,coannotating,2,approval,
104,coannotating,2,neutral,
105,coannotating,2,admiration,
106,coannotating,2,gratitude,
107,coannotating,2,admiration,
108,coannotating,2,amusement,
109,coannotating,2,neutral,
110,coannotating,2,neutral,
111,coannotating,2,optimism,
112,coannotating,2,neutral,
113,coannotating,2,neutral,
114,coannotating,2,curiosity,
115,coannotating,2,amusement,
116,coannotating,2,neutral,
117,coannotating,2,sadness,
118,coannotating,2,neutral,
119,coannotating,2,disapproval,
120,coannotating,2,surprise,
121,coannotating,2,approval,
122,coannotating,2,excitement,
123,coannotating,2,excitement,
124,coannotating,2,annoyance,
125,coannotating,2,approval,
126,coannotating,2,disapproval,
127,coannotating,2,disgust,
128,coannotating,2,neutral,
129,coannotating,2,love,
130,coannotating,2,desire,
131,coannotating,2,disapproval,
132,coannotating,2,disgust,
133,coannotating,2,amusement,
134,coannotating,2,amusement,
135,coannotating,2,neutral,
136,coannotating,2,disapproval,
137,coannotating,2,amusement,
138,coannotating,2,curiosity,
139,coannotating,2,desire,
140,coannotating,2,disapproval,
141,coannotating,2,approval,
142,coannotating,2,amusement,
143,coannotating,2,confusion,
144,coannotating,2,optimism,
145,coannotating,2,excitement,
146,coannotating,2,love,
147,coannotating,2,neutral,
148,coannotating,2,amusement,
149,coannotating,2,embarrassment,
150,coannotating,2,sadness,
151,coannotating,2,embarrassment,
152,coannotating,2,neutral,
153,coannotating,2,annoyance,
154,coannotating,2,approval,
155,coannotating,2,gratitude,
156,coannotating,2,disapproval,
157,coannotating,2,disgust,
158,coannotating,2,approval,
159,coannotating,2,caring,
160,coannotating,2,sadness,
161,coannotating,2,love,
162,coannotating,2,amusement,
163,coannotating,2,neutral,
164,coannotating,2,admiration,
165,coannotating,2,neutral,
166,coannotating,2,admiration,
167,coannotating,2,excitement,
168,coannotating,2,neutral,
169,coannotating,2,annoyance,
170,coannotating,2,approval,
171,coannotating,2,neutral,
172,coannotating,2,neutral,
173,coannotating,2,admiration,
174,coannotating,2,neutral,
175,coannotating,2,curiosity,
176,coannotating,2,disapproval,
177,coannotating,2,annoyance,
178,coannotating,2,disapproval,
179,coannotating,2,annoyance,
180,coannotating,2,anger,
181,coannotating,2,amusement,
182,coannotating,2,disapproval,
183,coannotating,2,approval,
184,coannotating,2,love,
185,coannotating,2,excitement,
186,coannotating,2,fear,
187,coannotating,2,love,
188,coannotating,2,disapproval,
189,coannotating,2,disapproval,
190,coannotating,2,sadness,
191,coannotating,2,disapproval,
192,coannotating,2,relief,
193,coannotating,2,neutral,
194,coannotating,2,caring,
195,coannotating,2,annoyance,
196,coannotating,2,annoyance,
197,coannotating,2,admiration,
198,coannotating,2,approval,
199,coannotating,2,admiration,
200,coannotating,2,annoyance,
201,coannotating,2,realization,
202,coannotating,2,desire,
203,coannotating,2,amusement,
204,coannotating,2,annoyance,
205,coannotating,2,joy,
206,coannotating,2,neutral,
207,coannotating,2,admiration,
208,coannotating,2,annoyance,
209,coannotating,2,admiration,
210,coannotating,2,admiration,
211,coannotating,2,fear,
212,coannotating,2,amusement,
213,coannotating,2,neutral,
214,coannotating,2,amusement,
215,coannotating,2,annoyance,
216,coannotating,2,neutral,
217,coannotating,2,caring,
218,coannotating,2,approval,
219,coannotating,2,neutral,
220,coannotating,2,annoyance,
221,coannotating,2,neutral,
222,coannotating,2,disgust,
223,coannotating,2,approval,
224,coannotating,2,disappointment,
225,coannotating,2,surprise,
226,coannotating,2,disapproval,
227,coannotating,2,optimism,
228,coannotating,2,neutral,
229,coannotating,2,neutral,
230,coannotating,2,disapproval,
231,coannotating,2,caring,
232,coannotating,2,curiosity,
233,coannotating,2,disapproval,
234,coannotating,2,annoyance,
235,coannotating,2,neutral,
236,coannotating,2,amusement,
237,coannotating,2,disgust,
238,coannotating,2,disapproval,
239,coannotating,2,caring,
240,coannotating,2,disapproval,
241,coannotating,2,admiration,
242,coannotating,2,admiration,
243,coannotating,2,disapproval,
244,coannotating,2,disapproval,
245,coannotating,2,excitement,
246,coannotating,2,approval,
247,coannotating,2,neutral,
248,coannotating,2,gratitude,
249,coannotating,2,gratitude,
250,coannotating,2,neutral,
251,coannotating,2,neutral,
252,coannotating,2,realization,
253,coannotating,2,approval,
254,coannotating,2,curiosity,
255,coannotating,2,neutral,
256,coannotating,2,neutral,
257,coannotating,2,curiosity,
258,coannotating,2,admiration,
259,coannotating,2,admiration,
260,coannotating,2,amusement,
261,coannotating,2,neutral,
262,coannotating,2,optimism,
263,coannotating,2,neutral,
264,coannotating,2,admiration,
265,coannotating,2,amusement,
266,coannotating,2,disapproval,
267,coannotating,2,desire,
268,coannotating,2,optimism,
269,coannotating,2,neutral,
270,coannotating,2,disapproval,
271,coannotating,2,disapproval,
272,coannotating,2,neutral,
273,coannotating,2,nervousness,
274,coannotating,2,neutral,
275,coannotating,2,amusement,
276,coannotating,2,annoyance,
277,coannotating,2,approval,
278,coannotating,2,neutral,
279,coannotating,2,annoyance,
280,coannotating,2,neutral,
281,coannotating,2,excitement,
282,coannotating,2,surprise,
283,coannotating,2,amusement,
284,coannotating,2,fear,
285,coannotating,2,disgust,
286,coannotating,2,annoyance,
287,coannotating,2,neutral,
288,coannotating,2,surprise,
289,coannotating,2,neutral,
290,coannotating,2,optimism,
291,coannotating,2,neutral,
292,coannotating,2,amusement,
293,coannotating,2,caring,
294,coannotating,2,excitement,
295,coannotating,2,disapproval,
296,coannotating,2,joy,
297,coannotating,2,disapproval,
298,coannotating,2,amusement,
299,coannotating,2,neutral,
300,coannotating,2,amusement,
1,coannotating,3,amusement,
2,coannotating,3,neutral,
3,coannotating,3,neutral,
4,coannotating,3,annoyance,
5,coannotating,3,annoyance,
6,coannotating,3,excitement,
7,coannotating,3,annoyance,
8,coannotating,3,confusion,
9,coannotating,3,neutral,
10,coannotating,3,neutral,
11,coannotating,3,neutral,
12,coannotating,3,amusement,
13,coannotating,3,neutral,
14,coannotating,3,disapproval,
15,coannotating,3,joy,
16,coannotating,3,neutral,
17,coannotating,3,annoyance,
18,coannotating,3,neutral,
19,coannotating,3,amusement,
20,coannotating,3,neutral,
21,coannotating,3,disgust,
22,coannotating,3,caring,
23,coannotating,3,fear,
24,coannotating,3,neutral,
25,coannotating,3,neutral,
26,coannotating,3,disapproval,
27,coannotating,3,neutral,
28,coannotating,3,neutral,
29,coannotating,3,disapproval,
30,coannotating,3,caring,
31,coannotating,3,neutral,
32,coannotating,3,gratitude,
33,coannotating,3,caring,
34,coannotating,3,neutral,
35,coannotating,3,caring,
36,coannotating,3,disappointment,
37,coannotating,3,approval,
38,coannotating,3,annoyance,
39,coannotating,3,joy,
40,coannotating,3,gratitude,
41,coannotating,3,gratitude,
42,coannotating,3,neutral,
43,coannotating,3,amusement,
44,coannotating,3,disappointment,
45,coannotating,3,disgust,
46,coannotating,3,amusement,
47,coannotating,3,annoyance,
48,coannotating,3,confusion,
49,coannotating,3,disapproval,
50,coannotating,3,amusement,
51,coannotating,3,disapproval,
52,coannotating,3,neutral,
53,coannotating,3,curiosity,
54,coannotating,3,admiration,
55,coannotating,3,neutral,
56,coannotating,3,neutral,
57,coannotating,3,disappointment,
58,coannotating,3,gratitude,
59,coannotating,3,curiosity,
60,coannotating,3,caring,
61,coannotating,3,admiration,
62,coannotating,3,amusement,
63,coannotating,3,neutral,
64,coannotating,3,neutral,
65,coannotating,3,optimism,
66,coannotating,3,approval,
67,coannotating,3,excitement,
68,coannotating,3,caring,
69,coannotating,3,admiration,
70,coannotating,3,confusion,
71,coannotating,3,neutral,
72,coannotating,3,disappointment,
73,coannotating,3,neutral,
74,coannotating,3,neutral,
75,coannotating,3,admiration,
76,coannotating,3,surprise,
77,coannotating,3,neutral,
78,coannotating,3,annoyance,
79,coannotating,3,annoyance,
80,coannotating,3,excitement,
81,coannotating,3,disapproval,
82,coannotating,3,neutral,
83,coannotating,3,neutral,
84,coannotating,3,fear,
85,coannotating,3,optimism,
86,coannotating,3,neutral,
87,coannotating,3,confusion,
88,coannotating,3,neutral,
89,coannotating,3,neutral,
90,coannotating,3,disapproval,
91,coannotating,3,amusement,
92,coannotating,3,admiration,
93,coannotating,3,curiosity,
94,coannotating,3,curiosity,
95,coannotating,3,neutral,
96,coannotating,3,joy,
97,coannotating,3,disapproval,
98,coannotating,3,neutral,
99,coannotating,3,gratitude,
100,coannotating,3,disapproval,
101,coannotating,3,neutral,
102,coannotating,3,optimism,
103,coannotating,3,approval,
104,coannotating,3,neutral,
105,coannotating,3,admiration,
106,coannotating,3,gratitude,
107,coannotating,3,admiration,
108,coannotating,3,amusement,
109,coannotating,3,neutral,
110,coannotating,3,neutral,
111,coannotating,3,optimism,
112,coannotating,3,neutral,
113,coannotating,3,neutral,
114,coannotating,3,curiosity,
115,coannotating,3,amusement,
116,coannotating,3,neutral,
117,coannotating,3,sadness,
118,coannotating,3,neutral,
119,coannotating,3,disapproval,
120,coannotating,3,surprise,
121,coannotating,3,amusement,
122,coannotating,3,excitement,
123,coannotating,3,excitement,
124,coannotating,3,annoyance,
125,coannotating,3,approval,
126,coannotating,3,disapproval,
127,coannotating,3,disgust,
128,coannotating,3,neutral,
129,coannotating,3,love,
130,coannotating,3,desire,
131,coannotating,3,disapproval,
132,coannotating,3,fear,
133,coannotating,3,amusement,
134,coannotating,3,amusement,
135,coannotating,3,neutral,
136,coannotating,3,disapproval,
137,coannotating,3,amusement,
138,coannotating,3,curiosity,
139,coannotating,3,desire,
140,coannotating,3,disapproval,
141,coannotating,3,approval,
142,coannotating,3,amusement,
143,coannotating,3,confusion,
144,coannotating,3,optimism,
145,coannotating,3,excitement,
146,coannotating,3,love,
147,coannotating,3,neutral,
148,coannotating,3,amusement,
149,coannotating,3,embarrassment,
150,coannotating,3,sadness,
151,coannotating,3,embarrassment,
152,coannotating,3,neutral,
153,coannotating,3,annoyance,
154,coannotating,3,approval,
155,coannotating,3,gratitude,
156,coannotating,3,disapproval,
157,coannotating,3,disgust,
158,coannotating,3,approval,
159,coannotating,3,caring,
160,coannotating,3,sadness,
161,coannotating,3,love,
162,coannotating,3,amusement,
163,coannotating,3,neutral,
164,coannotating,3,admiration,
165,coannotating,3,neutral,
166,coannotating,3,admiration,
167,coannotating,3,surprise,
168,coannotating,3,neutral,
169,coannotating,3,annoyance,
170,coannotating,3,neutral,
171,coannotating,3,neutral,
172,coannotating,3,neutral,
173,coannotating,3,admiration,
174,coannotating,3,neutral,
175,coannotating,3,curiosity,
176,coannotating,3,disapproval,
177,coannotating,3,annoyance,
178,coannotating,3,disapproval,
179,coannotating,3,neutral,
180,coannotating,3,anger,
181,coannotating,3,neutral,
182,coannotating,3,disapproval,
183,coannotating,3,approval,
184,coannotating,3,love,
185,coannotating,3,neutral,
186,coannotating,3,fear,
187,coannotating,3,love,
188,coannotating,3,disapproval,
189,coannotating,3,disapproval,
190,coannotating,3,sadness,
191,coannotating,3,disapproval,
192,coannotating,3,relief,
193,coannotating,3,neutral,
194,coannotating,3,optimism,
195,coannotating,3,annoyance,
196,coannotating,3,annoyance,
197,coannotating,3,admiration,
198,coannotating,3,approval,
199,coannotating,3,admiration,
200,coannotating,3,disapproval,
201,coannotating,3,realization,
202,coannotating,3,desire,
203,coannotating,3,amusement,
204,coannotating,3,annoyance,
205,coannotating,3,joy,
206,coannotating,3,neutral,
207,coannotating,3,admiration,
208,coannotating,3,annoyance,
209,coannotating,3,admiration,
210,coannotating,3,admiration,
211,coannotating,3,fear,
212,coannotating,3,amusement,
213,coannotating,3,neutral,
214,coannotating,3,confusion,
215,coannotating,3,annoyance,
216,coannotating,3,neutral,
217,coannotating,3,caring,
218,coannotating,3,approval,
219,coannotating,3,disapproval,
220,coannotating,3,annoyance,
221,coannotating,3,neutral,
222,coannotating,3,disgust,
223,coannotating,3,approval,
224,coannotating,3,disappointment,
225,coannotating,3,surprise,
226,coannotating,3,disapproval,
227,coannotating,3,optimism,
228,coannotating,3,neutral,
229,coannotating,3,neutral,
230,coannotating,3,disapproval,
231,coannotating,3,joy,
232,coannotating,3,curiosity,
233,coannotating,3,disapproval,
234,coannotating,3,annoyance,
235,coannotating,3,neutral,
236,coannotating,3,amusement,
237,coannotating,3,disgust,
238,coannotating,3,disapproval,
239,coannotating,3,caring,
240,coannotating,3,disapproval,
241,coannotating,3,admiration,
242,coannotating,3,admiration,
243,coannotating,3,neutral,
244,coannotating,3,disapproval,
245,coannotating,3,excitement,
246,coannotating,3,approval,
247,coannotating,3,disapproval,
248,coannotating,3,gratitude,
249,coannotating,3,gratitude,
250,coannotating,3,neutral,
251,coannotating,3,neutral,
252,coannotating,3,approval,
253,coannotating,3,approval,
254,coannotating,3,curiosity,
255,coannotating,3,neutral,
256,coannotating,3,neutral,
257,coannotating,3,curiosity,
258,coannotating,3,neutral,
259,coannotating,3,admiration,
260,coannotating,3,amusement,
261,coannotating,3,neutral,
262,coannotating,3,optimism,
263,coannotating,3,neutral,
264,coannotating,3,admiration,
265,coannotating,3,neutral,
266,coannotating,3,disapproval,
267,coannotating,3,desire,
268,coannotating,3,optimism,
269,coannotating,3,disapproval,
270,coannotating,3,disapproval,
271,coannotating,3,disapproval,
272,coannotating,3,neutral,
273,coannotating,3,nervousness,
274,coannotating,3,neutral,
275,coannotating,3,neutral,
276,coannotating,3,annoyance,
277,coannotating,3,approval,
278,coannotating,3,neutral,
279,coannotating,3,annoyance,
280,coannotating,3,annoyance,
281,coannotating,3,approval,
282,coannotating,3,surprise,
283,coannotating,3,amusement,
284,coannotating,3,fear,
285,coannotating,3,embarrassment,
286,coannotating,3,annoyance,
287,coannotating,3,annoyance,
288,coannotating,3,surprise,
289,coannotating,3,neutral,
290,coannotating,3,optimism,
291,coannotating,3,approval,
292,coannotating,3,amusement,
293,coannotating,3,caring,
294,coannotating,3,excitement,
295,coannotating,3,disapproval,
296,coannotating,3,joy,
297,coannotating,3,disapproval,
298,coannotating,3,approval,
299,coannotating,3,neutral,
300,coannotating,3,neutral,
1,coannotating,4,amusement,
2,coannotating,4,amusement,
3,coannotating,4,neutral,
4,coannotating,4,annoyance,
5,coannotating,4,annoyance,
6,coannotating,4,amusement,
7,coannotating,4,annoyance,
8,coannotating,4,curiosity,
9,coannotating,4,neutral,
10,coannotating,4,neutral,
11,coannotating,4,neutral,
12,coannotating,4,amusement,
13,coannotating,4,neutral,
14,coannotating,4,disapproval,
15,coannotating,4,joy,
16,coannotating,4,neutral,
17,coannotating,4,annoyance,
18,coannotating,4,neutral,
19,coannotating,4,amusement,
20,coannotating,4,neutral,
21,coannotating,4,disapproval,
22,coannotating,4,caring,
23,coannotating,4,fear,
24,coannotating,4,neutral,
25,coannotating,4,neutral,
26,coannotating,4,disapproval,
27,coannotating,4,neutral,
28,coannotating,4,neutral,
29,coannotating,4,disapproval,
30,coannotating,4,caring,
31,coannotating,4,neutral,
32,coannotating,4,gratitude,
33,coannotating,4,caring,
34,coannotating,4,neutral,
35,coannotating,4,caring,
36,coannotating,4,disappointment,
37,coannotating,4,approval,
38,coannotating,4,annoyance,
39,coannotating,4,joy,
40,coannotating,4,gratitude,
41,coannotating,4,gratitude,
42,coannotating,4,neutral,
43,coannotating,4,amusement,
44,coannotating,4,disappointment,
45,coannotating,4,disgust,
46,coannotating,4,amusement,
47,coannotating,4,annoyance,
48,coannotating,4,confusion,
49,coannotating,4,disapproval,
50,coannotating,4,amusement,
51,coannotating,4,neutral,
52,coannotating,4,neutral,
53,coannotating,4,curiosity,
54,coannotating,4,admiration,
55,coannotating,4,neutral,
56,coannotating,4,neutral,
57,coannotating,4,disappointment,
58,coannotating,4,gratitude,
59,coannotating,4,curiosity,
60,coannotating,4,caring,
61,coannotating,4,admiration,
62,coannotating,4,amusement,
63,coannotating,4,neutral,
64,coannotating,4,neutral,
65,coannotating,4,optimism,
66,coannotating,4,approval,
67,coannotating,4,excitement,
68,coannotating,4,caring,
69,coannotating,4,admiration,
70,coannotating,4,confusion,
71,coannotating,4,neutral,
72,coannotating,4,disappointment,
73,coannotating,4,neutral,
74,coannotating,4,neutral,
75,coannotating,4,admiration,
76,coannotating,4,surprise,
77,coannotating,4,neutral,
78,coannotating,4,annoyance,
79,coannotating,4,annoyance,
80,coannotating,4,excitement,
81,coannotating,4,disapproval,
82,coannotating,4,neutral,
83,coannotating,4,neutral,
84,coannotating,4,fear,
85,coannotating,4,optimism,
86,coannotating,4,neutral,
87,coannotating,4,annoyance,
88,coannotating,4,neutral,
89,coannotating,4,surprise,
90,coannotating,4,disapproval,
91,coannotating,4,amusement,
92,coannotating,4,admiration,
93,coannotating,4,curiosity,
94,coannotating,4,curiosity,
95,coannotating,4,relief,
96,coannotating,4,joy,
97,coannotating,4,disapproval,
98,coannotating,4,neutral,
99,coannotating,4,gratitude,
100,coannotating,4,disapproval,
101,coannotating,4,neutral,
102,coannotating,4,optimism,
103,coannotating,4,approval,
104,coannotating,4,neutral,
105,coannotating,4,admiration,
106,coannotating,4,gratitude,
107,coannotating,4,admiration,
108,coannotating,4,amusement,
109,coannotating,4,neutral,
110,coannotating,4,neutral,
111,coannotating,4,optimism,
112,coannotating,4,neutral,
113,coannotating,4,neutral,
114,coannotating,4,curiosity,
115,coannotating,4,amusement,
116,coannotating,4,neutral,
117,coannotating,4,sadness,
118,coannotating,4,neutral,
119,coannotating,4,disapproval,
120,coannotating,4,amusement,
121,coannotating,4,amusement,
122,coannotating,4,excitement,
123,coannotating,4,excitement,
124,coannotating,4,annoyance,
125,coannotating,4,approval,
126,coannotating,4,disapproval,
127,coannotating,4,disgust,
128,coannotating,4,neutral,
129,coannotating,4,love,
130,coannotating,4,desire,
131,coannotating,4,disapproval,
132,coannotating,4,disgust,
133,coannotating,4,amusement,
134,coannotating,4,amusement,
135,coannotating,4,neutral,
136,coannotating,4,neutral,
137,coannotating,4,disapproval,
138,coannotating,4,curiosity,
139,coannotating,4,desire,
140,coannotating,4,disapproval,
141,coannotating,4,admiration,
142,coannotating,4,amusement,
143,coannotating,4,confusion,
144,coannotating,4,optimism,
145,coannotating,4,excitement,
146,coannotating,4,love,
147,coannotating,4,neutral,
148,coannotating,4,amusement,
149,coannotating,4,embarrassment,
150,coannotating,4,sadness,
151,coannotating,4,embarrassment,
152,coannotating,4,neutral,
153,coannotating,4,annoyance,
154,coannotating,4,approval,
155,coannotating,4,gratitude,
156,coannotating,4,disapproval,
157,coannotating,4,disgust,
158,coannotating,4,approval,
159,coannotating,4,caring,
160,coannotating,4,sadness,
161,coannotating,4,love,
162,coannotating,4,amusement,
163,coannotating,4,neutral,
164,coannotating,4,admiration,
165,coannotating,4,neutral,
166,coannotating,4,admiration,
167,coannotating,4,excitement,
168,coannotating,4,neutral,
169,coannotating,4,annoyance,
170,coannotating,4,neutral,
171,coannotating,4,neutral,
172,coannotating,4,neutral,
173,coannotating,4,admiration,
174,coannotating,4,neutral,
175,coannotating,4,curiosity,
176,coannotating,4,disapproval,
177,coannotating,4,annoyance,
178,coannotating,4,annoyance,
179,coannotating,4,neutral,
180,coannotating,4,anger,
181,coannotating,4,amusement,
182,coannotating,4,disapproval,
183,coannotating,4,approval,
184,coannotating,4,love,
185,coannotating,4,excitement,
186,coannotating,4,fear,
187,coannotating,4,love,
188,coannotating,4,disapproval,
189,coannotating,4,disapproval,
190,coannotating,4,sadness,
191,coannotating,4,disapproval,
192,coannotating,4,relief,
193,coannotating,4,neutral,
194,coannotating,4,caring,
195,coannotating,4,annoyance,
196,coannotating,4,annoyance,
197,coannotating,4,admiration,
198,coannotating,4,approval,
199,coannotating,4,admiration,
200,coannotating,4,annoyance,
201,coannotating,4,curiosity,
202,coannotating,4,desire,
203,coannotating,4,amusement,
204,coannotating,4,annoyance,
205,coannotating,4,joy,
206,coannotating,4,neutral,
207,coannotating,4,admiration,
208,coannotating,4,annoyance,
209,coannotating,4,admiration,
210,coannotating,4,admiration,
211,coannotating,4,fear,
212,coannotating,4,amusement,
213,coannotating,4,neutral,
214,coannotating,4,confusion,
215,coannotating,4,annoyance,
216,coannotating,4,neutral,
217,coannotating,4,caring,
218,coannotating,4,approval,
219,coannotating,4,neutral,
220,coannotating,4,annoyance,
221,coannotating,4,neutral,
222,coannotating,4,disgust,
223,coannotating,4,approval,
224,coannotating,4,disappointment,
225,coannotating,4,surprise,
226,coannotating,4,disapproval,
227,coannotating,4,optimism,
228,coannotating,4,neutral,
229,coannotating,4,neutral,
230,coannotating,4,disapproval,
231,coannotating,4,caring,
232,coannotating,4,curiosity,
233,coannotating,4,disapproval,
234,coannotating,4,annoyance,
235,coannotating,4,neutral,
236,coannotating,4,amusement,
237,coannotating,4,disgust,
238,coannotating,4,disapproval,
239,coannotating,4,caring,
240,coannotating,4,disapproval,
241,coannotating,4,admiration,
242,coannotating,4,admiration,
243,coannotating,4,neutral,
244,coannotating,4,neutral,
245,coannotating,4,excitement,
246,coannotating,4,approval,
247,coannotating,4,neutral,
248,coannotating,4,gratitude,
249,coannotating,4,gratitude,
250,coannotating,4,neutral,
251,coannotating,4,neutral,
252,coannotating,4,approval,
253,coannotating,4,approval,
254,coannotating,4,curiosity,
255,coannotating,4,neutral,
256,coannotating,4,neutral,
257,coannotating,4,curiosity,
258,coannotating,4,admiration,
259,coannotating,4,admiration,
260,coannotating,4,amusement,
261,coannotating,4,neutral,
262,coannotating,4,optimism,
263,coannotating,4,neutral,
264,coannotating,4,admiration,
265,coannotating,4,neutral,
266,coannotating,4,disapproval,
267,coannotating,4,fear,
268,coannotating,4,optimism,
269,coannotating,4,neutral,
270,coannotating,4,disapproval,
271,coannotating,4,disapproval,
272,coannotating,4,neutral,
273,coannotating,4,nervousness,
274,coannotating,4,neutral,
275,coannotating,4,neutral,
276,coannotating,4,annoyance,
277,coannotating,4,approval,
278,coannotating,4,neutral,
279,coannotating,4,annoyance,
280,coannotating,4,annoyance,
281,coannotating,4,excitement,
282,coannotating,4,surprise,
283,coannotating,4,amusement,
284,coannotating,4,fear,
285,coannotating,4,embarrassment,
286,coannotating,4,annoyance,
287,coannotating,4,neutral,
288,coannotating,4,surprise,
289,coannotating,4,neutral,
290,coannotating,4,optimism,
291,coannotating,4,neutral,
292,coannotating,4,amusement,
293,coannotating,4,caring,
294,coannotating,4,excitement,
295,coannotating,4,disapproval,
296,coannotating,4,joy,
297,coannotating,4,disapproval,
298,coannotating,4,approval,
299,coannotating,4,neutral,
300,coannotating,4,neutral,
1,tavakoli_zamani,0,neutral,45
2,tavakoli_zamani,0,amusement,45
3,tavakoli_zamani,0,neutral,90
4,tavakoli_zamani,0,annoyance,60
5,tavakoli_zamani,0,annoyance,50
6,tavakoli_zamani,0,amusement,40
7,tavakoli_zamani,0,annoyance,40
8,tavakoli_zamani,0,curiosity,35
9,tavakoli_zamani,0,neutral,60
10,tavakoli_zamani,0,neutral,70
11,tavakoli_zamani,0,amusement,40
12,tavakoli_zamani,0,amusement,60
13,tavakoli_zamani,0,neutral,50
14,tavakoli_zamani,0,disapproval,35
15,tavakoli_zamani,0,joy,40
16,tavakoli_zamani,0,neutral,35
17,tavakoli_zamani,0,annoyance,50
18,tavakoli_zamani,0,neutral,55
19,tavakoli_zamani,0,amusement,55
20,tavakoli_zamani,0,neutral,35
21,tavakoli_zamani,0,disapproval,40
22,tavakoli_zamani,0,caring,65
23,tavakoli_zamani,0,fear,45
24,tavakoli_zamani,0,amusement,35
25,tavakoli_zamani,0,neutral,45
26,tavakoli_zamani,0,disapproval,45
27,tavakoli_zamani,0,neutral,85
28,tavakoli_zamani,0,neutral,85
29,tavakoli_zamani,0,disapproval,45
30,tavakoli_zamani,0,caring,45
31,tavakoli_zamani,0,neutral,55
32,tavakoli_zamani,0,gratitude,75
33,tavakoli_zamani,0,caring,55
34,tavakoli_zamani,0,neutral,60
35,tavakoli_zamani,0,neutral,45
36,tavakoli_zamani,0,disappointment,45
37,tavakoli_zamani,0,approval,40
38,tavakoli_zamani,0,disapproval,45
39,tavakoli_zamani,0,joy,30
40,tavakoli_zamani,0,gratitude,55
41,tavakoli_zamani,0,gratitude,60
42,tavakoli_zamani,0,neutral,45
43,tavakoli_zamani,0,amusement,45
44,tavakoli_zamani,0,disappointment,50
45,tavakoli_zamani,0,disgust,35
46,tavakoli_zamani,0,amusement,60
47,tavakoli_zamani,0,annoyance,40
48,tavakoli_zamani,0,confusion,80
49,tavakoli_zamani,0,disapproval,50
50,tavakoli_zamani,0,amusement,35
51,tavakoli_zamani,0,neutral,45
52,tavakoli_zamani,0,curiosity,35
53,tavakoli_zamani,0,curiosity,85
54,tavakoli_zamani,0,admiration,50
55,tavakoli_zamani,0,neutral,75
56,tavakoli_zamani,0,amusement,30
57,tavakoli_zamani,0,disappointment,35
58,tavakoli_zamani,0,gratitude,70
59,tavakoli_zamani,0,curiosity,35
60,tavakoli_zamani,0,caring,45
61,tavakoli_zamani,0,admiration,55
62,tavakoli_zamani,0,amusement,55
63,tavakoli_zamani,0,neutral,45
64,tavakoli_zamani,0,neutral,40
65,tavakoli_zamani,0,optimism,60
66,tavakoli_zamani,0,admiration,40
67,tavakoli_zamani,0,excitement,45
68,tavakoli_zamani,0,caring,45
69,tavakoli_zamani,0,admiration,70
70,tavakoli_zamani,0,confusion,55
71,tavakoli_zamani,0,neutral,40
72,tavakoli_zamani,0,disappointment,60
73,tavakoli_zamani,0,neutral,40
74,tavakoli_zamani,0,amusement,40
75,tavakoli_zamani,0,admiration,65
76,tavakoli_zamani,0,curiosity,40
77,tavakoli_zamani,0,neutral,40
78,tavakoli_zamani,0,annoyance,45
79,tavakoli_zamani,0,annoyance,60
80,tavakoli_zamani,0,excitement,55
81,tavakoli_zamani,0,disapproval,40
82,tavakoli_zamani,0,neutral,60
83,tavakoli_zamani,0,neutral,55
84,tavakoli_zamani,0,fear,80
85,tavakoli_zamani,0,optimism,45
86,tavakoli_zamani,0,neutral,85
87,tavakoli_zamani,0,confusion,45
88,tavakoli_zamani,0,neutral,55
89,tavakoli_zamani,0,neutral,35
90,tavakoli_zamani,0,disapproval,50
91,tavakoli_zamani,0,amusement,45
92,tavakoli_zamani,0,admiration,40
93,tavakoli_zamani,0,curiosity,55
94,tavakoli_zamani,0,curiosity,80
95,tavakoli_zamani,0,gratitude,45
96,tavakoli_zamani,0,joy,60
97,tavakoli_zamani,0,disapproval,40
98,tavakoli_zamani,0,neutral,70
99,tavakoli_zamani,0,gratitude,85
100,tavakoli_zamani,0,disapproval,55
101,tavakoli_zamani,0,neutral,65
102,tavakoli_zamani,0,neutral,35
103,tavakoli_zamani,0,approval,50
104,tavakoli_zamani,0,neutral,85
105,tavakoli_zamani,0,admiration,90
106,tavakoli_zamani,0,gratitude,55
107,tavakoli_zamani,0,admiration,85
108,tavakoli_zamani,0,amusement,40
109,tavakoli_zamani,0,neutral,50
110,tavakoli_zamani,0,neutral,70
111,tavakoli_zamani,0,optimism,35
112,tavakoli_zamani,0,neutral,60
113,tavakoli_zamani,0,neutral,45
114,tavakoli_zamani,0,curiosity,65
115,tavakoli_zamani,0,amusement,60
116,tavakoli_zamani,0,neutral,45
117,tavakoli_zamani,0,sadness,40
118,tavakoli_zamani,0,neutral,40
119,tavakoli_zamani,0,disapproval,55
120,tavakoli_zamani,0,amusement,35
121,tavakoli_zamani,0,approval,35
122,tavakoli_zamani,0,excitement,35
123,tavakoli_zamani,0,excitement,90
124,tavakoli_zamani,0,annoyance,50
125,tavakoli_zamani,0,approval,50
126,tavakoli_zamani,0,disapproval,40
127,tavakoli_zamani,0,disgust,50
128,tavakoli_zamani,0,neutral,35
129,tavakoli_zamani,0,love,50
130,tavakoli_zamani,0,desire,50
131,tavakoli_zamani,0,disapproval,50
132,tavakoli_zamani,0,disgust,35
133,tavakoli_zamani,0,amusement,55
134,tavakoli_zamani,0,amusement,45
135,tavakoli_zamani,0,neutral,50
136,tavakoli_zamani,0,disapproval,40
137,tavakoli_zamani,0,amusement,35
138,tavakoli_zamani,0,curiosity,70
139,tavakoli_zamani,0,desire,45
140,tavakoli_zamani,0,disapproval,40
141,tavakoli_zamani,0,admiration,55
142,tavakoli_zamani,0,amusement,55
143,tavakoli_zamani,0,confusion,35
144,tavakoli_zamani,0,optimism,75
145,tavakoli_zamani,0,excitement,45
146,tavakoli_zamani,0,love,50
147,tavakoli_zamani,0,neutral,75
148,tavakoli_zamani,0,amusement,40
149,tavakoli_zamani,0,embarrassment,45
150,tavakoli_zamani,0,sadness,45
151,tavakoli_zamani,0,embarrassment,55
152,tavakoli_zamani,0,neutral,50
153,tavakoli_zamani,0,disapproval,40
154,tavakoli_zamani,0,approval,50
155,tavakoli_zamani,0,gratitude,90
156,tavakoli_zamani,0,disapproval,55
157,tavakoli_zamani,0,disgust,85
158,tavakoli_zamani,0,approval,45
159,tavakoli_zamani,0,caring,35
160,tavakoli_zamani,0,sadness,55
161,tavakoli_zamani,0,love,40
162,tavakoli_zamani,0,amusement,70
163,tavakoli_zamani,0,neutral,35
164,tavakoli_zamani,0,admiration,50
165,tavakoli_zamani,0,neutral,90
166,tavakoli_zamani,0,admiration,75
167,tavakoli_zamani,0,surprise,35
168,tavakoli_zamani,0,neutral,80
169,tavakoli_zamani,0,annoyance,35
170,tavakoli_zamani,0,neutral,35
171,tavakoli_zamani,0,neutral,50
172,tavakoli_zamani,0,neutral,40
173,tavakoli_zamani,0,admiration,60
174,tavakoli_zamani,0,neutral,35
175,tavakoli_zamani,0,curiosity,55
176,tavakoli_zamani,0,disapproval,55
177,tavakoli_zamani,0,annoyance,35
178,tavakoli_zamani,0,disapproval,50
179,tavakoli_zamani,0,neutral,40
180,tavakoli_zamani,0,annoyance,30
181,tavakoli_zamani,0,amusement,35
182,tavakoli_zamani,0,disapproval,55
183,tavakoli_zamani,0,approval,70
184,tavakoli_zamani,0,love,45
185,tavakoli_zamani,0,neutral,40
186,tavakoli_zamani,0,fear,65
187,tavakoli_zamani,0,love,50
188,tavakoli_zamani,0,disapproval,55
189,tavakoli_zamani,0,disapproval,40
190,tavakoli_zamani,0,sadness,45
191,tavakoli_zamani,0,disapproval,60
192,tavakoli_zamani,0,relief,55
193,tavakoli_zamani,0,neutral,90
194,tavakoli_zamani,0,caring,40
195,tavakoli_zamani,0,annoyance,85
196,tavakoli_zamani,0,annoyance,40
197,tavakoli_zamani,0,admiration,75
198,tavakoli_zamani,0,approval,45
199,tavakoli_zamani,0,admiration,55
200,tavakoli_zamani,0,disapproval,60
201,tavakoli_zamani,0,realization,35
202,tavakoli_zamani,0,desire,45
203,tavakoli_zamani,0,amusement,50
204,tavakoli_zamani,0,neutral,35
205,tavakoli_zamani,0,joy,70
206,tavakoli_zamani,0,neutral,80
207,tavakoli_zamani,0,admiration,55
208,tavakoli_zamani,0,annoyance,40
209,tavakoli_zamani,0,admiration,80
210,tavakoli_zamani,0,admiration,70
211,tavakoli_zamani,0,fear,50
212,tavakoli_zamani,0,amusement,40
213,tavakoli_zamani,0,neutral,45
214,tavakoli_zamani,0,confusion,35
215,tavakoli_zamani,0,annoyance,50
216,tavakoli_zamani,0,neutral,40
217,tavakoli_zamani,0,caring,45
218,tavakoli_zamani,0,approval,55
219,tavakoli_zamani,0,disapproval,40
220,tavakoli_zamani,0,annoyance,40
221,tavakoli_zamani,0,neutral,55
222,tavakoli_zamani,0,disgust,55
223,tavakoli_zamani,0,approval,65
224,tavakoli_zamani,0,disappointment,45
225,tavakoli_zamani,0,surprise,35
226,tavakoli_zamani,0,disapproval,50
227,tavakoli_zamani,0,optimism,50
228,tavakoli_zamani,0,neutral,65
229,tavakoli_zamani,0,neutral,45
230,tavakoli_zamani,0,disapproval,55
231,tavakoli_zamani,0,caring,40
232,tavakoli_zamani,0,curiosity,70
233,tavakoli_zamani,0,disapproval,55
234,tavakoli_zamani,0,annoyance,40
235,tavakoli_zamani,0,neutral,50
236,tavakoli_zamani,0,amusement,55
237,tavakoli_zamani,0,disgust,80
238,tavakoli_zamani,0,disapproval,45
239,tavakoli_zamani,0,neutral,40
240,tavakoli_zamani,0,disapproval,40
241,tavakoli_zamani,0,admiration,55
242,tavakoli_zamani,0,admiration,75
243,tavakoli_zamani,0,disapproval,35
244,tavakoli_zamani,0,neutral,40
245,tavakoli_zamani,0,excitement,40
246,tavakoli_zamani,0,approval,90
247,tavakoli_zamani,0,neutral,50
248,tavakoli_zamani,0,gratitude,90
249,tavakoli_zamani,0,gratitude,90
250,tavakoli_zamani,0,neutral,55
251,tavakoli_zamani,0,neutral,55
252,tavakoli_zamani,0,realization,35
253,tavakoli_zamani,0,approval,55
254,tavakoli_zamani,0,curiosity,45
255,tavakoli_zamani,0,neutral,80
256,tavakoli_zamani,0,neutral,35
257,tavakoli_zamani,0,curiosity,80
258,tavakoli_zamani,0,admiration,30
259,tavakoli_zamani,0,admiration,80
260,tavakoli_zamani,0,amusement,35
261,tavakoli_zamani,0,neutral,40
262,tavakoli_zamani,0,neutral,35
263,tavakoli_zamani,0,neutral,60
264,tavakoli_zamani,0,admiration,65
265,tavakoli_zamani,0,neutral,35
266,tavakoli_zamani,0,disapproval,65
267,tavakoli_zamani,0,desire,40
268,tavakoli_zamani,0,optimism,45
269,tavakoli_zamani,0,neutral,40
270,tavakoli_zamani,0,disapproval,45
271,tavakoli_zamani,0,disapproval,35
272,tavakoli_zamani,0,neutral,55
273,tavakoli_zamani,0,nervousness,45
274,tavakoli_zamani,0,neutral,75
275,tavakoli_zamani,0,neutral,40
276,tavakoli_zamani,0,annoyance,45
277,tavakoli_zamani,0,approval,92
278,tavakoli_zamani,0,neutral,55
279,tavakoli_zamani,0,neutral,40
280,tavakoli_zamani,0,neutral,40
281,tavakoli_zamani,0,approval,40
282,tavakoli_zamani,0,surprise,60
283,tavakoli_zamani,0,amusement,35
284,tavakoli_zamani,0,fear,75
285,tavakoli_zamani,0,embarrassment,40
286,tavakoli_zamani,0,annoyance,40
287,tavakoli_zamani,0,neutral,50
288,tavakoli_zamani,0,surprise,85
289,tavakoli_zamani,0,neutral,45
290,tavakoli_zamani,0,optimism,65
291,tavakoli_zamani,0,neutral,35
292,tavakoli_zamani,0,amusement,40
293,tavakoli_zamani,0,caring,40
294,tavakoli_zamani,0,excitement,40
295,tavakoli_zamani,0,disapproval,70
296,tavakoli_zamani,0,joy,50
297,tavakoli_zamani,0,disapproval,45
298,tavakoli_zamani,0,approval,35
299,tavakoli_zamani,0,neutral,45
300,tavakoli_zamani,0,neutral,40
1,tavakoli_zamani,1,amusement,45
2,tavakoli_zamani,1,amusement,35
3,tavakoli_zamani,1,neutral,95
4,tavakoli_zamani,1,annoyance,58
5,tavakoli_zamani,1,annoyance,50
6,tavakoli_zamani,1,excitement,30
7,tavakoli_zamani,1,annoyance,35
8,tavakoli_zamani,1,disapproval,35
9,tavakoli_zamani,1,neutral,50
10,tavakoli_zamani,1,neutral,65
11,tavakoli_zamani,1,neutral,35
12,tavakoli_zamani,1,amusement,52
13,tavakoli_zamani,1,neutral,55
14,tavakoli_zamani,1,disapproval,35
15,tavakoli_zamani,1,admiration,40
16,tavakoli_zamani,1,neutral,40
17,tavakoli_zamani,1,annoyance,47
18,tavakoli_zamani,1,neutral,60
19,tavakoli_zamani,1,amusement,48
20,tavakoli_zamani,1,neutral,30
21,tavakoli_zamani,1,disgust,32
22,tavakoli_zamani,1,caring,70
23,tavakoli_zamani,1,fear,50
24,tavakoli_zamani,1,neutral,35
25,tavakoli_zamani,1,neutral,40
26,tavakoli_zamani,1,disapproval,45
27,tavakoli_zamani,1,neutral,85
28,tavakoli_zamani,1,neutral,85
29,tavakoli_zamani,1,disapproval,42
30,tavakoli_zamani,1,caring,45
31,tavakoli_zamani,1,neutral,55
32,tavakoli_zamani,1,gratitude,75
33,tavakoli_zamani,1,caring,55
34,tavakoli_zamani,1,neutral,60
35,tavakoli_zamani,1,caring,35
36,tavakoli_zamani,1,disappointment,45
37,tavakoli_zamani,1,approval,40
38,tavakoli_zamani,1,annoyance,45
39,tavakoli_zamani,1,joy,32
40,tavakoli_zamani,1,gratitude,80
41,tavakoli_zamani,1,gratitude,62
42,tavakoli_zamani,1,neutral,45
43,tavakoli_zamani,1,amusement,45
44,tavakoli_zamani,1,disappointment,50
45,tavakoli_zamani,1,disgust,33
46,tavakoli_zamani,1,amusement,55
47,tavakoli_zamani,1,annoyance,45
48,tavakoli_zamani,1,confusion,85
49,tavakoli_zamani,1,disapproval,48
50,tavakoli_zamani,1,amusement,35
51,tavakoli_zamani,1,neutral,45
52,tavakoli_zamani,1,neutral,35
53,tavakoli_zamani,1,curiosity,85
54,tavakoli_zamani,1,admiration,55
55,tavakoli_zamani,1,neutral,70
56,tavakoli_zamani,1,neutral,35
57,tavakoli_zamani,1,disappointment,40
58,tavakoli_zamani,1,gratitude,72
59,tavakoli_zamani,1,admiration,35
60,tavakoli_zamani,1,caring,45
61,tavakoli_zamani,1,admiration,52
62,tavakoli_zamani,1,amusement,55
63,tavakoli_zamani,1,neutral,45
64,tavakoli_zamani,1,neutral,40
65,tavakoli_zamani,1,optimism,60
66,tavakoli_zamani,1,approval,40
67,tavakoli_zamani,1,excitement,50
68,tavakoli_zamani,1,caring,40
69,tavakoli_zamani,1,admiration,65
70,tavakoli_zamani,1,confusion,50
71,tavakoli_zamani,1,neutral,40
72,tavakoli_zamani,1,disappointment,60
73,tavakoli_zamani,1,neutral,40
74,tavakoli_zamani,1,amusement,35
75,tavakoli_zamani,1,admiration,60
76,tavakoli_zamani,1,surprise,35
77,tavakoli_zamani,1,neutral,50
78,tavakoli_zamani,1,annoyance,45
79,tavakoli_zamani,1,annoyance,65
80,tavakoli_zamani,1,excitement,55
81,tavakoli_zamani,1,disapproval,45
82,tavakoli_zamani,1,neutral,60
83,tavakoli_zamani,1,neutral,45
84,tavakoli_zamani,1,fear,80
85,tavakoli_zamani,1,optimism,45
86,tavakoli_zamani,1,neutral,85
87,tavakoli_zamani,1,annoyance,40
88,tavakoli_zamani,1,neutral,55
89,tavakoli_zamani,1,neutral,40
90,tavakoli_zamani,1,disapproval,50
91,tavakoli_zamani,1,amusement,45
92,tavakoli_zamani,1,admiration,45
93,tavakoli_zamani,1,curiosity,50
94,tavakoli_zamani,1,curiosity,80
95,tavakoli_zamani,1,neutral,35
96,tavakoli_zamani,1,joy,55
97,tavakoli_zamani,1,disapproval,35
98,tavakoli_zamani,1,neutral,70
99,tavakoli_zamani,1,gratitude,90
100,tavakoli_zamani,1,disapproval,60
101,tavakoli_zamani,1,neutral,55
102,tavakoli_zamani,1,optimism,33
103,tavakoli_zamani,1,approval,55
104,tavakoli_zamani,1,neutral,90
105,tavakoli_zamani,1,admiration,90
106,tavakoli_zamani,1,gratitude,55
107,tavakoli_zamani,1,admiration,85
108,tavakoli_zamani,1,amusement,40
109,tavakoli_zamani,1,neutral,65
110,tavakoli_zamani,1,neutral,70
111,tavakoli_zamani,1,optimism,35
112,tavakoli_zamani,1,neutral,60
113,tavakoli_zamani,1,neutral,45
114,tavakoli_zamani,1,curiosity,50
115,tavakoli_zamani,1,amusement,55
116,tavakoli_zamani,1,neutral,45
117,tavakoli_zamani,1,sadness,40
118,tavakoli_zamani,1,neutral,45
119,tavakoli_zamani,1,disapproval,50
120,tavakoli_zamani,1,surprise,35
121,tavakoli_zamani,1,approval,30
122,tavakoli_zamani,1,excitement,40
123,tavakoli_zamani,1,excitement,90
124,tavakoli_zamani,1,annoyance,50
125,tavakoli_zamani,1,approval,50
126,tavakoli_zamani,1,disapproval,35
127,tavakoli_zamani,1,disgust,55
128,tavakoli_zamani,1,neutral,50
129,tavakoli_zamani,1,love,60
130,tavakoli_zamani,1,desire,50
131,tavakoli_zamani,1,disapproval,45
132,tavakoli_zamani,1,fear,35
133,tavakoli_zamani,1,amusement,55
134,tavakoli_zamani,1,amusement,40
135,tavakoli_zamani,1,neutral,60
136,tavakoli_zamani,1,disapproval,35
137,tavakoli_zamani,1,amusement,32
138,tavakoli_zamani,1,curiosity,75
139,tavakoli_zamani,1,desire,38
140,tavakoli_zamani,1,disapproval,40
141,tavakoli_zamani,1,admiration,50
142,tavakoli_zamani,1,amusement,50
143,tavakoli_zamani,1,confusion,35
144,tavakoli_zamani,1,optimism,75
145,tavakoli_zamani,1,excitement,40
146,tavakoli_zamani,1,love,60
147,tavakoli_zamani,1,neutral,80
148,tavakoli_zamani,1,amusement,35
149,tavakoli_zamani,1,embarrassment,45
150,tavakoli_zamani,1,sadness,45
151,tavakoli_zamani,1,embarrassment,45
152,tavakoli_zamani,1,neutral,45
153,tavakoli_zamani,1,annoyance,40
154,tavakoli_zamani,1,approval,45
155,tavakoli_zamani,1,gratitude,90
156,tavakoli_zamani,1,disapproval,45
157,tavakoli_zamani,1,disgust,85
158,tavakoli_zamani,1,approval,40
159,tavakoli_zamani,1,caring,35
160,tavakoli_zamani,1,sadness,60
161,tavakoli_zamani,1,love,45
162,tavakoli_zamani,1,amusement,70
163,tavakoli_zamani,1,neutral,40
164,tavakoli_zamani,1,admiration,50
165,tavakoli_zamani,1,neutral,90
166,tavakoli_zamani,1,admiration,70
167,tavakoli_zamani,1,excitement,32
168,tavakoli_zamani,1,neutral,85
169,tavakoli_zamani,1,annoyance,35
170,tavakoli_zamani,1,neutral,40
171,tavakoli_zamani,1,neutral,50
172,tavakoli_zamani,1,neutral,45
173,tavakoli_zamani,1,admiration,60
174,tavakoli_zamani,1,neutral,40
175,tavakoli_zamani,1,curiosity,50
176,tavakoli_zamani,1,disapproval,50
177,tavakoli_zamani,1,neutral,40
178,tavakoli_zamani,1,annoyance,50
179,tavakoli_zamani,1,neutral,40
180,tavakoli_zamani,1,annoyance,35
181,tavakoli_zamani,1,amusement,35
182,tavakoli_zamani,1,disapproval,45
183,tavakoli_zamani,1,approval,70
184,tavakoli_zamani,1,love,45
185,tavakoli_zamani,1,neutral,40
186,tavakoli_zamani,1,fear,70
187,tavakoli_zamani,1,love,55
188,tavakoli_zamani,1,disapproval,50
189,tavakoli_zamani,1,disgust,35
190,tavakoli_zamani,1,sadness,45
191,tavakoli_zamani,1,disapproval,55
192,tavakoli_zamani,1,relief,50
193,tavakoli_zamani,1,neutral,90
194,tavakoli_zamani,1,caring,45
195,tavakoli_zamani,1,annoyance,80
196,tavakoli_zamani,1,annoyance,40
197,tavakoli_zamani,1,admiration,75
198,tavakoli_zamani,1,approval,45
199,tavakoli_zamani,1,admiration,55
200,tavakoli_zamani,1,disapproval,60
201,tavakoli_zamani,1,neutral,40
202,tavakoli_zamani,1,desire,45
203,tavakoli_zamani,1,amusement,50
204,tavakoli_zamani,1,annoyance,35
205,tavakoli_zamani,1,joy,70
206,tavakoli_zamani,1,neutral,85
207,tavakoli_zamani,1,admiration,45
208,tavakoli_zamani,1,annoyance,40
209,tavakoli_zamani,1,admiration,75
210,tavakoli_zamani,1,admiration,70
211,tavakoli_zamani,1,fear,50
212,tavakoli_zamani,1,amusement,35
213,tavakoli_zamani,1,neutral,40
214,tavakoli_zamani,1,confusion,35
215,tavakoli_zamani,1,annoyance,50
216,tavakoli_zamani,1,neutral,45
217,tavakoli_zamani,1,caring,55
218,tavakoli_zamani,1,approval,50
219,tavakoli_zamani,1,neutral,40
220,tavakoli_zamani,1,disapproval,40
221,tavakoli_zamani,1,neutral,60
222,tavakoli_zamani,1,disgust,60
223,tavakoli_zamani,1,approval,60
224,tavakoli_zamani,1,disappointment,45
225,tavakoli_zamani,1,surprise,35
226,tavakoli_zamani,1,disapproval,45
227,tavakoli_zamani,1,optimism,55
228,tavakoli_zamani,1,neutral,65
229,tavakoli_zamani,1,neutral,55
230,tavakoli_zamani,1,disapproval,50
231,tavakoli_zamani,1,caring,40
232,tavakoli_zamani,1,curiosity,70
233,tavakoli_zamani,1,disapproval,50
234,tavakoli_zamani,1,annoyance,38
235,tavakoli_zamani,1,neutral,55
236,tavakoli_zamani,1,amusement,55
237,tavakoli_zamani,1,disgust,80
238,tavakoli_zamani,1,disapproval,42
239,tavakoli_zamani,1,caring,38
240,tavakoli_zamani,1,disapproval,35
241,tavakoli_zamani,1,admiration,50
242,tavakoli_zamani,1,admiration,70
243,tavakoli_zamani,1,disapproval,35
244,tavakoli_zamani,1,neutral,40
245,tavakoli_zamani,1,excitement,40
246,tavakoli_zamani,1,approval,90
247,tavakoli_zamani,1,neutral,45
248,tavakoli_zamani,1,gratitude,85
249,tavakoli_zamani,1,gratitude,88
250,tavakoli_zamani,1,neutral,55
251,tavakoli_zamani,1,neutral,50
252,tavakoli_zamani,1,realization,40
253,tavakoli_zamani,1,approval,45
254,tavakoli_zamani,1,curiosity,45
255,tavakoli_zamani,1,neutral,75
256,tavakoli_zamani,1,neutral,40
257,tavakoli_zamani,1,curiosity,70
258,tavakoli_zamani,1,disapproval,30
259,tavakoli_zamani,1,admiration,75
260,tavakoli_zamani,1,amusement,40
261,tavakoli_zamani,1,amusement,33
262,tavakoli_zamani,1,optimism,33
263,tavakoli_zamani,1,neutral,50
264,tavakoli_zamani,1,admiration,55
265,tavakoli_zamani,1,amusement,35
266,tavakoli_zamani,1,disapproval,60
267,tavakoli_zamani,1,desire,45
268,tavakoli_zamani,1,optimism,50
269,tavakoli_zamani,1,disapproval,35
270,tavakoli_zamani,1,disapproval,55
271,tavakoli_zamani,1,disapproval,33
272,tavakoli_zamani,1,neutral,55
273,tavakoli_zamani,1,nervousness,45
274,tavakoli_zamani,1,neutral,70
275,tavakoli_zamani,1,neutral,40
276,tavakoli_zamani,1,annoyance,50
277,tavakoli_zamani,1,approval,92
278,tavakoli_zamani,1,neutral,65
279,tavakoli_zamani,1,annoyance,38
280,tavakoli_zamani,1,neutral,40
281,tavakoli_zamani,1,excitement,38
282,tavakoli_zamani,1,surprise,55
283,tavakoli_zamani,1,amusement,35
284,tavakoli_zamani,1,fear,70
285,tavakoli_zamani,1,disgust,38
286,tavakoli_zamani,1,annoyance,45
287,tavakoli_zamani,1,neutral,55
288,tavakoli_zamani,1,surprise,80
289,tavakoli_zamani,1,neutral,45
290,tavakoli_zamani,1,optimism,60
291,tavakoli_zamani,1,neutral,40
292,tavakoli_zamani,1,amusement,40
293,tavakoli_zamani,1,caring,40
294,tavakoli_zamani,1,excitement,40
295,tavakoli_zamani,1,disapproval,65
296,tavakoli_zamani,1,joy,60
297,tavakoli_zamani,1,disapproval,40
298,tavakoli_zamani,1,amusement,40
299,tavakoli_zamani,1,neutral,45
300,tavakoli_zamani,1,neutral,45
1,tavakoli_zamani,2,amusement,45
2,tavakoli_zamani,2,amusement,40
3,tavakoli_zamani,2,neutral,92
4,tavakoli_zamani,2,annoyance,55
5,tavakoli_zamani,2,annoyance,50
6,tavakoli_zamani,2,amusement,33
7,tavakoli_zamani,2,disapproval,35
8,tavakoli_zamani,2,curiosity,40
9,tavakoli_zamani,2,neutral,50
10,tavakoli_zamani,2,neutral,65
11,tavakoli_zamani,2,disapproval,35
12,tavakoli_zamani,2,amusement,55
13,tavakoli_zamani,2,neutral,55
14,tavakoli_zamani,2,disapproval,40
15,tavakoli_zamani,2,joy,50
16,tavakoli_zamani,2,neutral,40
17,tavakoli_zamani,2,annoyance,45
18,tavakoli_zamani,2,neutral,65
19,tavakoli_zamani,2,amusement,55
20,tavakoli_zamani,2,neutral,35
21,tavakoli_zamani,2,disapproval,35
22,tavakoli_zamani,2,caring,70
23,tavakoli_zamani,2,fear,55
24,tavakoli_zamani,2,amusement,35
25,tavakoli_zamani,2,neutral,50
26,tavakoli_zamani,2,disapproval,50
27,tavakoli_zamani,2,neutral,85
28,tavakoli_zamani,2,neutral,85
29,tavakoli_zamani,2,disapproval,55
30,tavakoli_zamani,2,caring,50
31,tavakoli_zamani,2,neutral,55
32,tavakoli_zamani,2,gratitude,70
33,tavakoli_zamani,2,caring,55
34,tavakoli_zamani,2,neutral,60
35,tavakoli_zamani,2,caring,35
36,tavakoli_zamani,2,disappointment,45
37,tavakoli_zamani,2,approval,40
38,tavakoli_zamani,2,disapproval,45
39,tavakoli_zamani,2,joy,30
40,tavakoli_zamani,2,gratitude,70
41,tavakoli_zamani,2,gratitude,55
42,tavakoli_zamani,2,neutral,45
43,tavakoli_zamani,2,amusement,40
44,tavakoli_zamani,2,disappointment,50
45,tavakoli_zamani,2,disgust,40
46,tavakoli_zamani,2,amusement,60
47,tavakoli_zamani,2,annoyance,50
48,tavakoli_zamani,2,confusion,80
49,tavakoli_zamani,2,disapproval,45
50,tavakoli_zamani,2,amusement,35
51,tavakoli_zamani,2,neutral,45
52,tavakoli_zamani,2,neutral,35
53,tavakoli_zamani,2,curiosity,85
54,tavakoli_zamani,2,admiration,50
55,tavakoli_zamani,2,neutral,75
56,tavakoli_zamani,2,neutral,35
57,tavakoli_zamani,2,disappointment,40
58,tavakoli_zamani,2,gratitude,75
59,tavakoli_zamani,2,curiosity,35
60,tavakoli_zamani,2,caring,50
61,tavakoli_zamani,2,admiration,55
62,tavakoli_zamani,2,amusement,55
63,tavakoli_zamani,2,neutral,50
64,tavakoli_zamani,2,neutral,40
65,tavakoli_zamani,2,optimism,60
66,tavakoli_zamani,2,approval,50
67,tavakoli_zamani,2,excitement,55
68,tavakoli_zamani,2,caring,45
69,tavakoli_zamani,2,admiration,65
70,tavakoli_zamani,2,confusion,50
71,tavakoli_zamani,2,neutral,40
72,tavakoli_zamani,2,disappointment,60
73,tavakoli_zamani,2,neutral,40
74,tavakoli_zamani,2,amusement,35
75,tavakoli_zamani,2,admiration,65
76,tavakoli_zamani,2,curiosity,40
77,tavakoli_zamani,2,neutral,45
78,tavakoli_zamani,2,annoyance,45
79,tavakoli_zamani,2,annoyance,60
80,tavakoli_zamani,2,excitement,55
81,tavakoli_zamani,2,disapproval,45
82,tavakoli_zamani,2,neutral,60
83,tavakoli_zamani,2,neutral,50
84,tavakoli_zamani,2,fear,80
85,tavakoli_zamani,2,optimism,45
86,tavakoli_zamani,2,neutral,85
87,tavakoli_zamani,2,annoyance,45
88,tavakoli_zamani,2,neutral,60
89,tavakoli_zamani,2,neutral,40
90,tavakoli_zamani,2,disapproval,55
91,tavakoli_zamani,2,amusement,45
92,tavakoli_zamani,2,admiration,40
93,tavakoli_zamani,2,curiosity,60
94,tavakoli_zamani,2,curiosity,80
95,tavakoli_zamani,2,neutral,40
96,tavakoli_zamani,2,joy,55
97,tavakoli_zamani,2,disapproval,40
98,tavakoli_zamani,2,neutral,70
99,tavakoli_zamani,2,gratitude,85
100,tavakoli_zamani,2,disapproval,55
101,tavakoli_zamani,2,neutral,50
102,tavakoli_zamani,2,optimism,32
103,tavakoli_zamani,2,approval,55
104,tavakoli_zamani,2,neutral,88
105,tavakoli_zamani,2,admiration,85
106,tavakoli_zamani,2,gratitude,55
107,tavakoli_zamani,2,admiration,85
108,tavakoli_zamani,2,amusement,40
109,tavakoli_zamani,2,neutral,70
110,tavakoli_zamani,2,neutral,75
111,tavakoli_zamani,2,optimism,35
112,tavakoli_zamani,2,neutral,60
113,tavakoli_zamani,2,neutral,45
114,tavakoli_zamani,2,curiosity,60
115,tavakoli_zamani,2,amusement,55
116,tavakoli_zamani,2,neutral,45
117,tavakoli_zamani,2,sadness,38
118,tavakoli_zamani,2,neutral,42
119,tavakoli_zamani,2,disapproval,50
120,tavakoli_zamani,2,amusement,45
121,tavakoli_zamani,2,amusement,30
122,tavakoli_zamani,2,excitement,40
123,tavakoli_zamani,2,excitement,88
124,tavakoli_zamani,2,annoyance,45
125,tavakoli_zamani,2,approval,55
126,tavakoli_zamani,2,disapproval,40
127,tavakoli_zamani,2,disgust,55
128,tavakoli_zamani,2,neutral,40
129,tavakoli_zamani,2,love,55
130,tavakoli_zamani,2,desire,45
131,tavakoli_zamani,2,disapproval,50
132,tavakoli_zamani,2,disgust,33
133,tavakoli_zamani,2,amusement,55
134,tavakoli_zamani,2,amusement,40
135,tavakoli_zamani,2,neutral,50
136,tavakoli_zamani,2,disapproval,40
137,tavakoli_zamani,2,amusement,33
138,tavakoli_zamani,2,curiosity,70
139,tavakoli_zamani,2,desire,40
140,tavakoli_zamani,2,disapproval,40
141,tavakoli_zamani,2,approval,60
142,tavakoli_zamani,2,amusement,55
143,tavakoli_zamani,2,confusion,35
144,tavakoli_zamani,2,optimism,70
145,tavakoli_zamani,2,excitement,40
146,tavakoli_zamani,2,love,55
147,tavakoli_zamani,2,neutral,80
148,tavakoli_zamani,2,amusement,38
149,tavakoli_zamani,2,embarrassment,45
150,tavakoli_zamani,2,sadness,45
151,tavakoli_zamani,2,embarrassment,50
152,tavakoli_zamani,2,neutral,50
153,tavakoli_zamani,2,annoyance,40
154,tavakoli_zamani,2,approval,45
155,tavakoli_zamani,2,gratitude,90
156,tavakoli_zamani,2,disapproval,50
157,tavakoli_zamani,2,disgust,85
158,tavakoli_zamani,2,approval,45
159,tavakoli_zamani,2,caring,38
160,tavakoli_zamani,2,sadness,65
161,tavakoli_zamani,2,love,45
162,tavakoli_zamani,2,amusement,75
163,tavakoli_zamani,2,neutral,33
164,tavakoli_zamani,2,admiration,42
165,tavakoli_zamani,2,neutral,92
166,tavakoli_zamani,2,admiration,70
167,tavakoli_zamani,2,excitement,35
168,tavakoli_zamani,2,neutral,85
169,tavakoli_zamani,2,annoyance,40
170,tavakoli_zamani,2,neutral,40
171,tavakoli_zamani,2,neutral,42
172,tavakoli_zamani,2,neutral,42
173,tavakoli_zamani,2,admiration,55
174,tavakoli_zamani,2,amusement,33
175,tavakoli_zamani,2,curiosity,58
176,tavakoli_zamani,2,disapproval,50
177,tavakoli_zamani,2,annoyance,38
178,tavakoli_zamani,2,annoyance,42
179,tavakoli_zamani,2,neutral,45
180,tavakoli_zamani,2,anger,35
181,tavakoli_zamani,2,amusement,38
182,tavakoli_zamani,2,disapproval,50
183,tavakoli_zamani,2,approval,70
184,tavakoli_zamani,2,love,45
185,tavakoli_zamani,2,neutral,38
186,tavakoli_zamani,2,fear,75
187,tavakoli_zamani,2,love,60
188,tavakoli_zamani,2,disapproval,50
189,tavakoli_zamani,2,disapproval,40
190,tavakoli_zamani,2,sadness,45
191,tavakoli_zamani,2,disapproval,55
192,tavakoli_zamani,2,relief,55
193,tavakoli_zamani,2,neutral,90
194,tavakoli_zamani,2,optimism,45
195,tavakoli_zamani,2,annoyance,85
196,tavakoli_zamani,2,annoyance,45
197,tavakoli_zamani,2,admiration,80
198,tavakoli_zamani,2,approval,48
199,tavakoli_zamani,2,admiration,55
200,tavakoli_zamani,2,disapproval,60
201,tavakoli_zamani,2,curiosity,40
202,tavakoli_zamani,2,desire,50
203,tavakoli_zamani,2,amusement,55
204,tavakoli_zamani,2,annoyance,35
205,tavakoli_zamani,2,joy,75
206,tavakoli_zamani,2,neutral,88
207,tavakoli_zamani,2,admiration,45
208,tavakoli_zamani,2,annoyance,40
209,tavakoli_zamani,2,admiration,75
210,tavakoli_zamani,2,admiration,70
211,tavakoli_zamani,2,fear,50
212,tavakoli_zamani,2,amusement,35
213,tavakoli_zamani,2,neutral,42
214,tavakoli_zamani,2,amusement,35
215,tavakoli_zamani,2,annoyance,45
216,tavakoli_zamani,2,neutral,42
217,tavakoli_zamani,2,caring,50
218,tavakoli_zamani,2,approval,55
219,tavakoli_zamani,2,disapproval,40
220,tavakoli_zamani,2,disapproval,45
221,tavakoli_zamani,2,neutral,60
222,tavakoli_zamani,2,disgust,55
223,tavakoli_zamani,2,approval,55
224,tavakoli_zamani,2,disappointment,45
225,tavakoli_zamani,2,surprise,38
226,tavakoli_zamani,2,disapproval,45
227,tavakoli_zamani,2,optimism,60
228,tavakoli_zamani,2,neutral,60
229,tavakoli_zamani,2,neutral,50
230,tavakoli_zamani,2,disapproval,50
231,tavakoli_zamani,2,caring,42
232,tavakoli_zamani,2,curiosity,75
233,tavakoli_zamani,2,disapproval,50
234,tavakoli_zamani,2,annoyance,40
235,tavakoli_zamani,2,neutral,50
236,tavakoli_zamani,2,amusement,55
237,tavakoli_zamani,2,disgust,80
238,tavakoli_zamani,2,disapproval,45
239,tavakoli_zamani,2,caring,38
240,tavakoli_zamani,2,disapproval,38
241,tavakoli_zamani,2,admiration,50
242,tavakoli_zamani,2,admiration,75
243,tavakoli_zamani,2,disapproval,38
244,tavakoli_zamani,2,neutral,42
245,tavakoli_zamani,2,joy,42
246,tavakoli_zamani,2,approval,88
247,tavakoli_zamani,2,neutral,48
248,tavakoli_zamani,2,gratitude,88
249,tavakoli_zamani,2,gratitude,88
250,tavakoli_zamani,2,neutral,50
251,tavakoli_zamani,2,neutral,55
252,tavakoli_zamani,2,realization,40
253,tavakoli_zamani,2,approval,45
254,tavakoli_zamani,2,curiosity,50
255,tavakoli_zamani,2,neutral,75
256,tavakoli_zamani,2,neutral,40
257,tavakoli_zamani,2,curiosity,75
258,tavakoli_zamani,2,admiration,30
259,tavakoli_zamani,2,admiration,60
260,tavakoli_zamani,2,amusement,40
261,tavakoli_zamani,2,neutral,45
262,tavakoli_zamani,2,optimism,35
263,tavakoli_zamani,2,neutral,52
264,tavakoli_zamani,2,admiration,55
265,tavakoli_zamani,2,neutral,40
266,tavakoli_zamani,2,disapproval,60
267,tavakoli_zamani,2,desire,42
268,tavakoli_zamani,2,caring,45
269,tavakoli_zamani,2,neutral,45
270,tavakoli_zamani,2,disapproval,60
271,tavakoli_zamani,2,disapproval,35
272,tavakoli_zamani,2,neutral,65
273,tavakoli_zamani,2,nervousness,45
274,tavakoli_zamani,2,neutral,75
275,tavakoli_zamani,2,amusement,33
276,tavakoli_zamani,2,annoyance,50
277,tavakoli_zamani,2,approval,90
278,tavakoli_zamani,2,neutral,65
279,tavakoli_zamani,2,annoyance,45
280,tavakoli_zamani,2,annoyance,35
281,tavakoli_zamani,2,excitement,38
282,tavakoli_zamani,2,surprise,55
283,tavakoli_zamani,2,amusement,38
284,tavakoli_zamani,2,fear,75
285,tavakoli_zamani,2,disapproval,35
286,tavakoli_zamani,2,annoyance,45
287,tavakoli_zamani,2,neutral,65
288,tavakoli_zamani,2,surprise,85
289,tavakoli_zamani,2,neutral,45
290,tavakoli_zamani,2,optimism,60
291,tavakoli_zamani,2,approval,38
292,tavakoli_zamani,2,amusement,45
293,tavakoli_zamani,2,caring,40
294,tavakoli_zamani,2,excitement,42
295,tavakoli_zamani,2,disapproval,65
296,tavakoli_zamani,2,joy,60
297,tavakoli_zamani,2,disapproval,45
298,tavakoli_zamani,2,approval,38
299,tavakoli_zamani,2,neutral,45
300,tavakoli_zamani,2,amusement,33
1,dream,lit_r0,amusement,
2,dream,lit_r0,amusement,
3,dream,lit_r0,neutral,
4,dream,lit_r0,annoyance,
5,dream,lit_r0,annoyance,
6,dream,lit_r0,excitement,
7,dream,lit_r0,disapproval,
8,dream,lit_r0,disapproval,
9,dream,lit_r0,neutral,
10,dream,lit_r0,neutral,
11,dream,lit_r0,disapproval,
12,dream,lit_r0,amusement,
13,dream,lit_r0,neutral,
14,dream,lit_r0,disapproval,
15,dream,lit_r0,joy,
16,dream,lit_r0,excitement,
17,dream,lit_r0,disapproval,
18,dream,lit_r0,neutral,
19,dream,lit_r0,amusement,
20,dream,lit_r0,neutral,
21,dream,lit_r0,disapproval,
22,dream,lit_r0,caring,
23,dream,lit_r0,fear,
24,dream,lit_r0,amusement,
25,dream,lit_r0,neutral,
26,dream,lit_r0,disapproval,
27,dream,lit_r0,neutral,
28,dream,lit_r0,neutral,
29,dream,lit_r0,disapproval,
30,dream,lit_r0,caring,
31,dream,lit_r0,neutral,
32,dream,lit_r0,gratitude,
33,dream,lit_r0,caring,
34,dream,lit_r0,neutral,
35,dream,lit_r0,caring,
36,dream,lit_r0,disappointment,
37,dream,lit_r0,approval,
38,dream,lit_r0,annoyance,
39,dream,lit_r0,joy,
40,dream,lit_r0,gratitude,
41,dream,lit_r0,gratitude,
42,dream,lit_r0,neutral,
43,dream,lit_r0,amusement,
44,dream,lit_r0,annoyance,
45,dream,lit_r0,disgust,
46,dream,lit_r0,amusement,
47,dream,lit_r0,annoyance,
48,dream,lit_r0,confusion,
49,dream,lit_r0,disapproval,
50,dream,lit_r0,amusement,
51,dream,lit_r0,admiration,
52,dream,lit_r0,curiosity,
53,dream,lit_r0,curiosity,
54,dream,lit_r0,admiration,
55,dream,lit_r0,neutral,
56,dream,lit_r0,disapproval,
57,dream,lit_r0,disappointment,
58,dream,lit_r0,gratitude,
59,dream,lit_r0,admiration,
60,dream,lit_r0,caring,
61,dream,lit_r0,admiration,
62,dream,lit_r0,amusement,
63,dream,lit_r0,neutral,
64,dream,lit_r0,neutral,
65,dream,lit_r0,optimism,
66,dream,lit_r0,approval,
67,dream,lit_r0,excitement,
68,dream,lit_r0,caring,
69,dream,lit_r0,admiration,
70,dream,lit_r0,confusion,
71,dream,lit_r0,disapproval,
72,dream,lit_r0,disappointment,
73,dream,lit_r0,neutral,
74,dream,lit_r0,amusement,
75,dream,lit_r0,admiration,
76,dream,lit_r0,surprise,
77,dream,lit_r0,neutral,
78,dream,lit_r0,annoyance,
79,dream,lit_r0,annoyance,
80,dream,lit_r0,excitement,
81,dream,lit_r0,disapproval,
82,dream,lit_r0,neutral,
83,dream,lit_r0,neutral,
84,dream,lit_r0,fear,
85,dream,lit_r0,optimism,
86,dream,lit_r0,neutral,
87,dream,lit_r0,confusion,
88,dream,lit_r0,neutral,
89,dream,lit_r0,surprise,
90,dream,lit_r0,disapproval,
91,dream,lit_r0,amusement,
92,dream,lit_r0,admiration,
93,dream,lit_r0,curiosity,
94,dream,lit_r0,curiosity,
95,dream,lit_r0,gratitude,
96,dream,lit_r0,joy,
97,dream,lit_r0,disapproval,
98,dream,lit_r0,neutral,
99,dream,lit_r0,gratitude,
100,dream,lit_r0,disapproval,
101,dream,lit_r0,neutral,
102,dream,lit_r0,optimism,
103,dream,lit_r0,approval,
104,dream,lit_r0,neutral,
105,dream,lit_r0,admiration,
106,dream,lit_r0,gratitude,
107,dream,lit_r0,admiration,
108,dream,lit_r0,amusement,
109,dream,lit_r0,neutral,
110,dream,lit_r0,neutral,
111,dream,lit_r0,optimism,
112,dream,lit_r0,neutral,
113,dream,lit_r0,neutral,
114,dream,lit_r0,curiosity,
115,dream,lit_r0,amusement,
116,dream,lit_r0,disapproval,
117,dream,lit_r0,caring,
118,dream,lit_r0,neutral,
119,dream,lit_r0,disapproval,
120,dream,lit_r0,surprise,
121,dream,lit_r0,annoyance,
122,dream,lit_r0,excitement,
123,dream,lit_r0,excitement,
124,dream,lit_r0,annoyance,
125,dream,lit_r0,approval,
126,dream,lit_r0,disapproval,
127,dream,lit_r0,disgust,
128,dream,lit_r0,neutral,
129,dream,lit_r0,love,
130,dream,lit_r0,desire,
131,dream,lit_r0,disapproval,
132,dream,lit_r0,fear,
133,dream,lit_r0,amusement,
134,dream,lit_r0,amusement,
135,dream,lit_r0,neutral,
136,dream,lit_r0,disapproval,
137,dream,lit_r0,disapproval,
138,dream,lit_r0,curiosity,
139,dream,lit_r0,desire,
140,dream,lit_r0,disapproval,
141,dream,lit_r0,admiration,
142,dream,lit_r0,amusement,
143,dream,lit_r0,confusion,
144,dream,lit_r0,optimism,
145,dream,lit_r0,excitement,
146,dream,lit_r0,love,
147,dream,lit_r0,neutral,
148,dream,lit_r0,disapproval,
149,dream,lit_r0,embarrassment,
150,dream,lit_r0,sadness,
151,dream,lit_r0,embarrassment,
152,dream,lit_r0,disapproval,
153,dream,lit_r0,disapproval,
154,dream,lit_r0,approval,
155,dream,lit_r0,gratitude,
156,dream,lit_r0,disapproval,
157,dream,lit_r0,disgust,
158,dream,lit_r0,approval,
159,dream,lit_r0,caring,
160,dream,lit_r0,sadness,
161,dream,lit_r0,love,
162,dream,lit_r0,amusement,
163,dream,lit_r0,neutral,
164,dream,lit_r0,admiration,
165,dream,lit_r0,neutral,
166,dream,lit_r0,admiration,
167,dream,lit_r0,excitement,
168,dream,lit_r0,neutral,
169,dream,lit_r0,annoyance,
170,dream,lit_r0,approval,
171,dream,lit_r0,disappointment,
172,dream,lit_r0,neutral,
173,dream,lit_r0,admiration,
174,dream,lit_r0,amusement,
175,dream,lit_r0,curiosity,
176,dream,lit_r0,disapproval,
177,dream,lit_r0,annoyance,
178,dream,lit_r0,disapproval,
179,dream,lit_r0,annoyance,
180,dream,lit_r0,anger,
181,dream,lit_r0,amusement,
182,dream,lit_r0,disapproval,
183,dream,lit_r0,approval,
184,dream,lit_r0,love,
185,dream,lit_r0,excitement,
186,dream,lit_r0,fear,
187,dream,lit_r0,love,
188,dream,lit_r0,disapproval,
189,dream,lit_r0,disapproval,
190,dream,lit_r0,sadness,
191,dream,lit_r0,disapproval,
192,dream,lit_r0,relief,
193,dream,lit_r0,neutral,
194,dream,lit_r0,caring,
195,dream,lit_r0,annoyance,
196,dream,lit_r0,annoyance,
197,dream,lit_r0,admiration,
198,dream,lit_r0,approval,
199,dream,lit_r0,admiration,
200,dream,lit_r0,disapproval,
201,dream,lit_r0,realization,
202,dream,lit_r0,desire,
203,dream,lit_r0,amusement,
204,dream,lit_r0,annoyance,
205,dream,lit_r0,joy,
206,dream,lit_r0,neutral,
207,dream,lit_r0,admiration,
208,dream,lit_r0,annoyance,
209,dream,lit_r0,admiration,
210,dream,lit_r0,admiration,
211,dream,lit_r0,fear,
212,dream,lit_r0,amusement,
213,dream,lit_r0,neutral,
214,dream,lit_r0,confusion,
215,dream,lit_r0,annoyance,
216,dream,lit_r0,amusement,
217,dream,lit_r0,caring,
218,dream,lit_r0,approval,
219,dream,lit_r0,disapproval,
220,dream,lit_r0,disapproval,
221,dream,lit_r0,neutral,
222,dream,lit_r0,disgust,
223,dream,lit_r0,approval,
224,dream,lit_r0,disapproval,
225,dream,lit_r0,surprise,
226,dream,lit_r0,disapproval,
227,dream,lit_r0,optimism,
228,dream,lit_r0,neutral,
229,dream,lit_r0,amusement,
230,dream,lit_r0,disapproval,
231,dream,lit_r0,joy,
232,dream,lit_r0,curiosity,
233,dream,lit_r0,disapproval,
234,dream,lit_r0,annoyance,
235,dream,lit_r0,neutral,
236,dream,lit_r0,amusement,
237,dream,lit_r0,disgust,
238,dream,lit_r0,disapproval,
239,dream,lit_r0,caring,
240,dream,lit_r0,disapproval,
241,dream,lit_r0,admiration,
242,dream,lit_r0,admiration,
243,dream,lit_r0,disapproval,
244,dream,lit_r0,disapproval,
245,dream,lit_r0,excitement,
246,dream,lit_r0,approval,
247,dream,lit_r0,disapproval,
248,dream,lit_r0,gratitude,
249,dream,lit_r0,gratitude,
250,dream,lit_r0,neutral,
251,dream,lit_r0,neutral,
252,dream,lit_r0,approval,
253,dream,lit_r0,approval,
254,dream,lit_r0,curiosity,
255,dream,lit_r0,neutral,
256,dream,lit_r0,disapproval,
257,dream,lit_r0,curiosity,
258,dream,lit_r0,admiration,
259,dream,lit_r0,admiration,
260,dream,lit_r0,amusement,
261,dream,lit_r0,amusement,
262,dream,lit_r0,optimism,
263,dream,lit_r0,neutral,
264,dream,lit_r0,admiration,
265,dream,lit_r0,amusement,
266,dream,lit_r0,disapproval,
267,dream,lit_r0,desire,
268,dream,lit_r0,caring,
269,dream,lit_r0,disapproval,
270,dream,lit_r0,disapproval,
271,dream,lit_r0,disapproval,
272,dream,lit_r0,neutral,
273,dream,lit_r0,nervousness,
274,dream,lit_r0,neutral,
275,dream,lit_r0,amusement,
276,dream,lit_r0,annoyance,
277,dream,lit_r0,approval,
278,dream,lit_r0,neutral,
279,dream,lit_r0,annoyance,
280,dream,lit_r0,neutral,
281,dream,lit_r0,approval,
282,dream,lit_r0,surprise,
283,dream,lit_r0,amusement,
284,dream,lit_r0,fear,
285,dream,lit_r0,disapproval,
286,dream,lit_r0,annoyance,
287,dream,lit_r0,annoyance,
288,dream,lit_r0,surprise,
289,dream,lit_r0,neutral,
290,dream,lit_r0,optimism,
291,dream,lit_r0,approval,
292,dream,lit_r0,amusement,
293,dream,lit_r0,caring,
294,dream,lit_r0,excitement,
295,dream,lit_r0,disapproval,
296,dream,lit_r0,joy,
297,dream,lit_r0,disapproval,
298,dream,lit_r0,approval,
299,dream,lit_r0,neutral,
300,dream,lit_r0,amusement,
1,dream,lit_r1,curiosity,
2,dream,lit_r1,neutral,
3,dream,lit_r1,neutral,
4,dream,lit_r1,annoyance,
5,dream,lit_r1,annoyance,
6,dream,lit_r1,excitement,
7,dream,lit_r1,annoyance,
8,dream,lit_r1,curiosity,
9,dream,lit_r1,neutral,
10,dream,lit_r1,neutral,
11,dream,lit_r1,disapproval,
12,dream,lit_r1,amusement,
13,dream,lit_r1,neutral,
14,dream,lit_r1,disapproval,
15,dream,lit_r1,joy,
16,dream,lit_r1,excitement,
17,dream,lit_r1,disapproval,
18,dream,lit_r1,neutral,
19,dream,lit_r1,amusement,
20,dream,lit_r1,neutral,
21,dream,lit_r1,disgust,
22,dream,lit_r1,caring,
23,dream,lit_r1,fear,
24,dream,lit_r1,amusement,
25,dream,lit_r1,neutral,
26,dream,lit_r1,disapproval,
27,dream,lit_r1,neutral,
28,dream,lit_r1,neutral,
29,dream,lit_r1,disapproval,
30,dream,lit_r1,caring,
31,dream,lit_r1,neutral,
32,dream,lit_r1,gratitude,
33,dream,lit_r1,caring,
34,dream,lit_r1,neutral,
35,dream,lit_r1,caring,
36,dream,lit_r1,disappointment,
37,dream,lit_r1,approval,
38,dream,lit_r1,annoyance,
39,dream,lit_r1,joy,
40,dream,lit_r1,gratitude,
41,dream,lit_r1,gratitude,
42,dream,lit_r1,excitement,
43,dream,lit_r1,amusement,
44,dream,lit_r1,annoyance,
45,dream,lit_r1,disgust,
46,dream,lit_r1,amusement,
47,dream,lit_r1,annoyance,
48,dream,lit_r1,confusion,
49,dream,lit_r1,disapproval,
50,dream,lit_r1,amusement,
51,dream,lit_r1,disapproval,
52,dream,lit_r1,curiosity,
53,dream,lit_r1,curiosity,
54,dream,lit_r1,admiration,
55,dream,lit_r1,neutral,
56,dream,lit_r1,amusement,
57,dream,lit_r1,disappointment,
58,dream,lit_r1,gratitude,
59,dream,lit_r1,curiosity,
60,dream,lit_r1,caring,
61,dream,lit_r1,admiration,
62,dream,lit_r1,amusement,
63,dream,lit_r1,neutral,
64,dream,lit_r1,caring,
65,dream,lit_r1,optimism,
66,dream,lit_r1,approval,
67,dream,lit_r1,excitement,
68,dream,lit_r1,caring,
69,dream,lit_r1,admiration,
70,dream,lit_r1,confusion,
71,dream,lit_r1,disapproval,
72,dream,lit_r1,disappointment,
73,dream,lit_r1,neutral,
74,dream,lit_r1,amusement,
75,dream,lit_r1,admiration,
76,dream,lit_r1,surprise,
77,dream,lit_r1,neutral,
78,dream,lit_r1,annoyance,
79,dream,lit_r1,annoyance,
80,dream,lit_r1,excitement,
81,dream,lit_r1,disapproval,
82,dream,lit_r1,neutral,
83,dream,lit_r1,neutral,
84,dream,lit_r1,fear,
85,dream,lit_r1,optimism,
86,dream,lit_r1,neutral,
87,dream,lit_r1,annoyance,
88,dream,lit_r1,neutral,
89,dream,lit_r1,surprise,
90,dream,lit_r1,disapproval,
91,dream,lit_r1,amusement,
92,dream,lit_r1,admiration,
93,dream,lit_r1,excitement,
94,dream,lit_r1,curiosity,
95,dream,lit_r1,gratitude,
96,dream,lit_r1,joy,
97,dream,lit_r1,disapproval,
98,dream,lit_r1,neutral,
99,dream,lit_r1,gratitude,
100,dream,lit_r1,disapproval,
101,dream,lit_r1,neutral,
102,dream,lit_r1,optimism,
103,dream,lit_r1,approval,
104,dream,lit_r1,neutral,
105,dream,lit_r1,admiration,
106,dream,lit_r1,gratitude,
107,dream,lit_r1,admiration,
108,dream,lit_r1,amusement,
109,dream,lit_r1,neutral,
110,dream,lit_r1,neutral,
111,dream,lit_r1,optimism,
112,dream,lit_r1,neutral,
113,dream,lit_r1,neutral,
114,dream,lit_r1,curiosity,
115,dream,lit_r1,amusement,
116,dream,lit_r1,disapproval,
117,dream,lit_r1,caring,
118,dream,lit_r1,amusement,
119,dream,lit_r1,disapproval,
120,dream,lit_r1,surprise,
121,dream,lit_r1,admiration,
122,dream,lit_r1,excitement,
123,dream,lit_r1,excitement,
124,dream,lit_r1,annoyance,
125,dream,lit_r1,approval,
126,dream,lit_r1,disapproval,
127,dream,lit_r1,disgust,
128,dream,lit_r1,amusement,
129,dream,lit_r1,love,
130,dream,lit_r1,desire,
131,dream,lit_r1,disapproval,
132,dream,lit_r1,fear,
133,dream,lit_r1,amusement,
134,dream,lit_r1,amusement,
135,dream,lit_r1,annoyance,
136,dream,lit_r1,disapproval,
137,dream,lit_r1,amusement,
138,dream,lit_r1,curiosity,
139,dream,lit_r1,desire,
140,dream,lit_r1,disapproval,
141,dream,lit_r1,admiration,
142,dream,lit_r1,amusement,
143,dream,lit_r1,confusion,
144,dream,lit_r1,optimism,
145,dream,lit_r1,excitement,
146,dream,lit_r1,love,
147,dream,lit_r1,neutral,
148,dream,lit_r1,amusement,
149,dream,lit_r1,embarrassment,
150,dream,lit_r1,sadness,
151,dream,lit_r1,embarrassment,
152,dream,lit_r1,annoyance,
153,dream,lit_r1,disapproval,
154,dream,lit_r1,approval,
155,dream,lit_r1,gratitude,
156,dream,lit_r1,disapproval,
157,dream,lit_r1,disgust,
158,dream,lit_r1,approval,
159,dream,lit_r1,caring,
160,dream,lit_r1,sadness,
161,dream,lit_r1,love,
162,dream,lit_r1,amusement,
163,dream,lit_r1,neutral,
164,dream,lit_r1,admiration,
165,dream,lit_r1,neutral,
166,dream,lit_r1,admiration,
167,dream,lit_r1,excitement,
168,dream,lit_r1,neutral,
169,dream,lit_r1,annoyance,
170,dream,lit_r1,approval,
171,dream,lit_r1,disappointment,
172,dream,lit_r1,neutral,
173,dream,lit_r1,admiration,
174,dream,lit_r1,amusement,
175,dream,lit_r1,curiosity,
176,dream,lit_r1,disapproval,
177,dream,lit_r1,annoyance,
178,dream,lit_r1,annoyance,
179,dream,lit_r1,neutral,
180,dream,lit_r1,anger,
181,dream,lit_r1,amusement,
182,dream,lit_r1,disapproval,
183,dream,lit_r1,approval,
184,dream,lit_r1,love,
185,dream,lit_r1,excitement,
186,dream,lit_r1,fear,
187,dream,lit_r1,love,
188,dream,lit_r1,disapproval,
189,dream,lit_r1,disapproval,
190,dream,lit_r1,sadness,
191,dream,lit_r1,disapproval,
192,dream,lit_r1,relief,
193,dream,lit_r1,neutral,
194,dream,lit_r1,caring,
195,dream,lit_r1,annoyance,
196,dream,lit_r1,annoyance,
197,dream,lit_r1,admiration,
198,dream,lit_r1,approval,
199,dream,lit_r1,admiration,
200,dream,lit_r1,disapproval,
201,dream,lit_r1,realization,
202,dream,lit_r1,desire,
203,dream,lit_r1,amusement,
204,dream,lit_r1,annoyance,
205,dream,lit_r1,joy,
206,dream,lit_r1,neutral,
207,dream,lit_r1,admiration,
208,dream,lit_r1,annoyance,
209,dream,lit_r1,admiration,
210,dream,lit_r1,admiration,
211,dream,lit_r1,fear,
212,dream,lit_r1,amusement,
213,dream,lit_r1,amusement,
214,dream,lit_r1,amusement,
215,dream,lit_r1,annoyance,
216,dream,lit_r1,amusement,
217,dream,lit_r1,caring,
218,dream,lit_r1,approval,
219,dream,lit_r1,disapproval,
220,dream,lit_r1,disapproval,
221,dream,lit_r1,neutral,
222,dream,lit_r1,disgust,
223,dream,lit_r1,approval,
224,dream,lit_r1,disapproval,
225,dream,lit_r1,surprise,
226,dream,lit_r1,disapproval,
227,dream,lit_r1,optimism,
228,dream,lit_r1,neutral,
229,dream,lit_r1,neutral,
230,dream,lit_r1,disapproval,
231,dream,lit_r1,caring,
232,dream,lit_r1,curiosity,
233,dream,lit_r1,disapproval,
234,dream,lit_r1,annoyance,
235,dream,lit_r1,curiosity,
236,dream,lit_r1,amusement,
237,dream,lit_r1,disgust,
238,dream,lit_r1,disapproval,
239,dream,lit_r1,caring,
240,dream,lit_r1,disapproval,
241,dream,lit_r1,admiration,
242,dream,lit_r1,admiration,
243,dream,lit_r1,disapproval,
244,dream,lit_r1,disapproval,
245,dream,lit_r1,excitement,
246,dream,lit_r1,approval,
247,dream,lit_r1,disapproval,
248,dream,lit_r1,gratitude,
249,dream,lit_r1,gratitude,
250,dream,lit_r1,neutral,
251,dream,lit_r1,neutral,
252,dream,lit_r1,realization,
253,dream,lit_r1,approval,
254,dream,lit_r1,curiosity,
255,dream,lit_r1,neutral,
256,dream,lit_r1,amusement,
257,dream,lit_r1,curiosity,
258,dream,lit_r1,disapproval,
259,dream,lit_r1,admiration,
260,dream,lit_r1,amusement,
261,dream,lit_r1,amusement,
262,dream,lit_r1,optimism,
263,dream,lit_r1,annoyance,
264,dream,lit_r1,admiration,
265,dream,lit_r1,amusement,
266,dream,lit_r1,disapproval,
267,dream,lit_r1,desire,
268,dream,lit_r1,optimism,
269,dream,lit_r1,disapproval,
270,dream,lit_r1,disapproval,
271,dream,lit_r1,disapproval,
272,dream,lit_r1,neutral,
273,dream,lit_r1,nervousness,
274,dream,lit_r1,neutral,
275,dream,lit_r1,amusement,
276,dream,lit_r1,annoyance,
277,dream,lit_r1,approval,
278,dream,lit_r1,amusement,
279,dream,lit_r1,disapproval,
280,dream,lit_r1,annoyance,
281,dream,lit_r1,excitement,
282,dream,lit_r1,surprise,
283,dream,lit_r1,amusement,
284,dream,lit_r1,fear,
285,dream,lit_r1,embarrassment,
286,dream,lit_r1,annoyance,
287,dream,lit_r1,annoyance,
288,dream,lit_r1,surprise,
289,dream,lit_r1,amusement,
290,dream,lit_r1,optimism,
291,dream,lit_r1,approval,
292,dream,lit_r1,amusement,
293,dream,lit_r1,caring,
294,dream,lit_r1,excitement,
295,dream,lit_r1,disapproval,
296,dream,lit_r1,joy,
297,dream,lit_r1,disapproval,
298,dream,lit_r1,approval,
299,dream,lit_r1,neutral,
300,dream,lit_r1,amusement,
1,dream,prag_r0,amusement,
2,dream,prag_r0,amusement,
3,dream,prag_r0,neutral,
4,dream,prag_r0,annoyance,
5,dream,prag_r0,annoyance,
6,dream,prag_r0,excitement,
7,dream,prag_r0,annoyance,
8,dream,prag_r0,disapproval,
9,dream,prag_r0,neutral,
10,dream,prag_r0,neutral,
11,dream,prag_r0,disapproval,
12,dream,prag_r0,amusement,
13,dream,prag_r0,amusement,
14,dream,prag_r0,disapproval,
15,dream,prag_r0,joy,
16,dream,prag_r0,excitement,
17,dream,prag_r0,disapproval,
18,dream,prag_r0,neutral,
19,dream,prag_r0,amusement,
20,dream,prag_r0,amusement,
21,dream,prag_r0,disgust,
22,dream,prag_r0,caring,
23,dream,prag_r0,fear,
24,dream,prag_r0,amusement,
25,dream,prag_r0,neutral,
26,dream,prag_r0,disapproval,
27,dream,prag_r0,neutral,
28,dream,prag_r0,neutral,
29,dream,prag_r0,disapproval,
30,dream,prag_r0,caring,
31,dream,prag_r0,neutral,
32,dream,prag_r0,gratitude,
33,dream,prag_r0,caring,
34,dream,prag_r0,neutral,
35,dream,prag_r0,caring,
36,dream,prag_r0,disappointment,
37,dream,prag_r0,approval,
38,dream,prag_r0,annoyance,
39,dream,prag_r0,joy,
40,dream,prag_r0,gratitude,
41,dream,prag_r0,gratitude,
42,dream,prag_r0,excitement,
43,dream,prag_r0,amusement,
44,dream,prag_r0,disappointment,
45,dream,prag_r0,disgust,
46,dream,prag_r0,amusement,
47,dream,prag_r0,annoyance,
48,dream,prag_r0,confusion,
49,dream,prag_r0,disapproval,
50,dream,prag_r0,amusement,
51,dream,prag_r0,disapproval,
52,dream,prag_r0,disapproval,
53,dream,prag_r0,curiosity,
54,dream,prag_r0,admiration,
55,dream,prag_r0,neutral,
56,dream,prag_r0,amusement,
57,dream,prag_r0,disappointment,
58,dream,prag_r0,gratitude,
59,dream,prag_r0,curiosity,
60,dream,prag_r0,caring,
61,dream,prag_r0,admiration,
62,dream,prag_r0,amusement,
63,dream,prag_r0,pride,
64,dream,prag_r0,caring,
65,dream,prag_r0,optimism,
66,dream,prag_r0,admiration,
67,dream,prag_r0,excitement,
68,dream,prag_r0,caring,
69,dream,prag_r0,admiration,
70,dream,prag_r0,confusion,
71,dream,prag_r0,disapproval,
72,dream,prag_r0,disappointment,
73,dream,prag_r0,caring,
74,dream,prag_r0,amusement,
75,dream,prag_r0,admiration,
76,dream,prag_r0,surprise,
77,dream,prag_r0,amusement,
78,dream,prag_r0,annoyance,
79,dream,prag_r0,annoyance,
80,dream,prag_r0,excitement,
81,dream,prag_r0,disapproval,
82,dream,prag_r0,neutral,
83,dream,prag_r0,neutral,
84,dream,prag_r0,fear,
85,dream,prag_r0,optimism,
86,dream,prag_r0,neutral,
87,dream,prag_r0,annoyance,
88,dream,prag_r0,neutral,
89,dream,prag_r0,surprise,
90,dream,prag_r0,disapproval,
91,dream,prag_r0,amusement,
92,dream,prag_r0,admiration,
93,dream,prag_r0,excitement,
94,dream,prag_r0,curiosity,
95,dream,prag_r0,gratitude,
96,dream,prag_r0,joy,
97,dream,prag_r0,disapproval,
98,dream,prag_r0,neutral,
99,dream,prag_r0,gratitude,
100,dream,prag_r0,disapproval,
101,dream,prag_r0,disapproval,
102,dream,prag_r0,optimism,
103,dream,prag_r0,approval,
104,dream,prag_r0,neutral,
105,dream,prag_r0,admiration,
106,dream,prag_r0,gratitude,
107,dream,prag_r0,admiration,
108,dream,prag_r0,amusement,
109,dream,prag_r0,neutral,
110,dream,prag_r0,neutral,
111,dream,prag_r0,optimism,
112,dream,prag_r0,neutral,
113,dream,prag_r0,neutral,
114,dream,prag_r0,curiosity,
115,dream,prag_r0,amusement,
116,dream,prag_r0,disapproval,
117,dream,prag_r0,caring,
118,dream,prag_r0,amusement,
119,dream,prag_r0,disapproval,
120,dream,prag_r0,surprise,
121,dream,prag_r0,admiration,
122,dream,prag_r0,excitement,
123,dream,prag_r0,excitement,
124,dream,prag_r0,annoyance,
125,dream,prag_r0,approval,
126,dream,prag_r0,disapproval,
127,dream,prag_r0,disgust,
128,dream,prag_r0,amusement,
129,dream,prag_r0,love,
130,dream,prag_r0,desire,
131,dream,prag_r0,disapproval,
132,dream,prag_r0,fear,
133,dream,prag_r0,amusement,
134,dream,prag_r0,amusement,
135,dream,prag_r0,annoyance,
136,dream,prag_r0,disapproval,
137,dream,prag_r0,amusement,
138,dream,prag_r0,curiosity,
139,dream,prag_r0,desire,
140,dream,prag_r0,disapproval,
141,dream,prag_r0,admiration,
142,dream,prag_r0,amusement,
143,dream,prag_r0,confusion,
144,dream,prag_r0,optimism,
145,dream,prag_r0,excitement,
146,dream,prag_r0,love,
147,dream,prag_r0,neutral,
148,dream,prag_r0,amusement,
149,dream,prag_r0,embarrassment,
150,dream,prag_r0,caring,
151,dream,prag_r0,embarrassment,
152,dream,prag_r0,annoyance,
153,dream,prag_r0,disapproval,
154,dream,prag_r0,approval,
155,dream,prag_r0,gratitude,
156,dream,prag_r0,disapproval,
157,dream,prag_r0,disgust,
158,dream,prag_r0,approval,
159,dream,prag_r0,caring,
160,dream,prag_r0,sadness,
161,dream,prag_r0,love,
162,dream,prag_r0,amusement,
163,dream,prag_r0,amusement,
164,dream,prag_r0,admiration,
165,dream,prag_r0,neutral,
166,dream,prag_r0,admiration,
167,dream,prag_r0,excitement,
168,dream,prag_r0,neutral,
169,dream,prag_r0,annoyance,
170,dream,prag_r0,approval,
171,dream,prag_r0,disappointment,
172,dream,prag_r0,neutral,
173,dream,prag_r0,admiration,
174,dream,prag_r0,amusement,
175,dream,prag_r0,curiosity,
176,dream,prag_r0,disapproval,
177,dream,prag_r0,annoyance,
178,dream,prag_r0,annoyance,
179,dream,prag_r0,neutral,
180,dream,prag_r0,anger,
181,dream,prag_r0,amusement,
182,dream,prag_r0,disapproval,
183,dream,prag_r0,approval,
184,dream,prag_r0,love,
185,dream,prag_r0,excitement,
186,dream,prag_r0,fear,
187,dream,prag_r0,love,
188,dream,prag_r0,disapproval,
189,dream,prag_r0,disapproval,
190,dream,prag_r0,sadness,
191,dream,prag_r0,disapproval,
192,dream,prag_r0,relief,
193,dream,prag_r0,neutral,
194,dream,prag_r0,caring,
195,dream,prag_r0,annoyance,
196,dream,prag_r0,annoyance,
197,dream,prag_r0,admiration,
198,dream,prag_r0,approval,
199,dream,prag_r0,admiration,
200,dream,prag_r0,disapproval,
201,dream,prag_r0,realization,
202,dream,prag_r0,desire,
203,dream,prag_r0,amusement,
204,dream,prag_r0,annoyance,
205,dream,prag_r0,joy,
206,dream,prag_r0,neutral,
207,dream,prag_r0,admiration,
208,dream,prag_r0,annoyance,
209,dream,prag_r0,admiration,
210,dream,prag_r0,admiration,
211,dream,prag_r0,fear,
212,dream,prag_r0,amusement,
213,dream,prag_r0,amusement,
214,dream,prag_r0,amusement,
215,dream,prag_r0,annoyance,
216,dream,prag_r0,amusement,
217,dream,prag_r0,caring,
218,dream,prag_r0,approval,
219,dream,prag_r0,disapproval,
220,dream,prag_r0,disapproval,
221,dream,prag_r0,neutral,
222,dream,prag_r0,disgust,
223,dream,prag_r0,approval,
224,dream,prag_r0,disappointment,
225,dream,prag_r0,surprise,
226,dream,prag_r0,disapproval,
227,dream,prag_r0,optimism,
228,dream,prag_r0,neutral,
229,dream,prag_r0,neutral,
230,dream,prag_r0,disapproval,
231,dream,prag_r0,caring,
232,dream,prag_r0,curiosity,
233,dream,prag_r0,disapproval,
234,dream,prag_r0,annoyance,
235,dream,prag_r0,neutral,
236,dream,prag_r0,amusement,
237,dream,prag_r0,disgust,
238,dream,prag_r0,disapproval,
239,dream,prag_r0,caring,
240,dream,prag_r0,disapproval,
241,dream,prag_r0,admiration,
242,dream,prag_r0,admiration,
243,dream,prag_r0,disapproval,
244,dream,prag_r0,disapproval,
245,dream,prag_r0,excitement,
246,dream,prag_r0,approval,
247,dream,prag_r0,disapproval,
248,dream,prag_r0,gratitude,
249,dream,prag_r0,gratitude,
250,dream,prag_r0,neutral,
251,dream,prag_r0,neutral,
252,dream,prag_r0,realization,
253,dream,prag_r0,approval,
254,dream,prag_r0,disapproval,
255,dream,prag_r0,neutral,
256,dream,prag_r0,amusement,
257,dream,prag_r0,curiosity,
258,dream,prag_r0,disapproval,
259,dream,prag_r0,admiration,
260,dream,prag_r0,amusement,
261,dream,prag_r0,amusement,
262,dream,prag_r0,optimism,
263,dream,prag_r0,annoyance,
264,dream,prag_r0,admiration,
265,dream,prag_r0,amusement,
266,dream,prag_r0,disapproval,
267,dream,prag_r0,desire,
268,dream,prag_r0,optimism,
269,dream,prag_r0,disapproval,
270,dream,prag_r0,disapproval,
271,dream,prag_r0,disapproval,
272,dream,prag_r0,neutral,
273,dream,prag_r0,nervousness,
274,dream,prag_r0,neutral,
275,dream,prag_r0,amusement,
276,dream,prag_r0,annoyance,
277,dream,prag_r0,approval,
278,dream,prag_r0,amusement,
279,dream,prag_r0,disapproval,
280,dream,prag_r0,annoyance,
281,dream,prag_r0,excitement,
282,dream,prag_r0,surprise,
283,dream,prag_r0,amusement,
284,dream,prag_r0,fear,
285,dream,prag_r0,embarrassment,
286,dream,prag_r0,annoyance,
287,dream,prag_r0,annoyance,
288,dream,prag_r0,surprise,
289,dream,prag_r0,amusement,
290,dream,prag_r0,optimism,
291,dream,prag_r0,approval,
292,dream,prag_r0,amusement,
293,dream,prag_r0,caring,
294,dream,prag_r0,excitement,
295,dream,prag_r0,disapproval,
296,dream,prag_r0,joy,
297,dream,prag_r0,disapproval,
298,dream,prag_r0,approval,
299,dream,prag_r0,neutral,
300,dream,prag_r0,amusement,
1,dream,prag_r1,curiosity,
2,dream,prag_r1,amusement,
3,dream,prag_r1,neutral,
4,dream,prag_r1,annoyance,
5,dream,prag_r1,annoyance,
6,dream,prag_r1,excitement,
7,dream,prag_r1,disapproval,
8,dream,prag_r1,disapproval,
9,dream,prag_r1,neutral,
10,dream,prag_r1,neutral,
11,dream,prag_r1,disapproval,
12,dream,prag_r1,amusement,
13,dream,prag_r1,neutral,
14,dream,prag_r1,disapproval,
15,dream,prag_r1,joy,
16,dream,prag_r1,excitement,
17,dream,prag_r1,disapproval,
18,dream,prag_r1,neutral,
19,dream,prag_r1,amusement,
20,dream,prag_r1,amusement,
21,dream,prag_r1,disgust,
22,dream,prag_r1,caring,
23,dream,prag_r1,fear,
24,dream,prag_r1,amusement,
25,dream,prag_r1,neutral,
26,dream,prag_r1,disapproval,
27,dream,prag_r1,neutral,
28,dream,prag_r1,neutral,
29,dream,prag_r1,disapproval,
30,dream,prag_r1,caring,
31,dream,prag_r1,neutral,
32,dream,prag_r1,gratitude,
33,dream,prag_r1,caring,
34,dream,prag_r1,approval,
35,dream,prag_r1,caring,
36,dream,prag_r1,disappointment,
37,dream,prag_r1,approval,
38,dream,prag_r1,annoyance,
39,dream,prag_r1,joy,
40,dream,prag_r1,gratitude,
41,dream,prag_r1,gratitude,
42,dream,prag_r1,neutral,
43,dream,prag_r1,amusement,
44,dream,prag_r1,annoyance,
45,dream,prag_r1,disgust,
46,dream,prag_r1,amusement,
47,dream,prag_r1,annoyance,
48,dream,prag_r1,confusion,
49,dream,prag_r1,disapproval,
50,dream,prag_r1,amusement,
51,dream,prag_r1,admiration,
52,dream,prag_r1,disapproval,
53,dream,prag_r1,curiosity,
54,dream,prag_r1,admiration,
55,dream,prag_r1,neutral,
56,dream,prag_r1,disapproval,
57,dream,prag_r1,disappointment,
58,dream,prag_r1,gratitude,
59,dream,prag_r1,confusion,
60,dream,prag_r1,caring,
61,dream,prag_r1,admiration,
62,dream,prag_r1,amusement,
63,dream,prag_r1,neutral,
64,dream,prag_r1,neutral,
65,dream,prag_r1,optimism,
66,dream,prag_r1,admiration,
67,dream,prag_r1,excitement,
68,dream,prag_r1,caring,
69,dream,prag_r1,admiration,
70,dream,prag_r1,confusion,
71,dream,prag_r1,disapproval,
72,dream,prag_r1,disappointment,
73,dream,prag_r1,caring,
74,dream,prag_r1,amusement,
75,dream,prag_r1,admiration,
76,dream,prag_r1,surprise,
77,dream,prag_r1,neutral,
78,dream,prag_r1,annoyance,
79,dream,prag_r1,annoyance,
80,dream,prag_r1,excitement,
81,dream,prag_r1,disapproval,
82,dream,prag_r1,neutral,
83,dream,prag_r1,neutral,
84,dream,prag_r1,fear,
85,dream,prag_r1,optimism,
86,dream,prag_r1,neutral,
87,dream,prag_r1,annoyance,
88,dream,prag_r1,neutral,
89,dream,prag_r1,surprise,
90,dream,prag_r1,disapproval,
91,dream,prag_r1,amusement,
92,dream,prag_r1,admiration,
93,dream,prag_r1,excitement,
94,dream,prag_r1,curiosity,
95,dream,prag_r1,gratitude,
96,dream,prag_r1,joy,
97,dream,prag_r1,disapproval,
98,dream,prag_r1,neutral,
99,dream,prag_r1,gratitude,
100,dream,prag_r1,disapproval,
101,dream,prag_r1,disapproval,
102,dream,prag_r1,optimism,
103,dream,prag_r1,approval,
104,dream,prag_r1,neutral,
105,dream,prag_r1,admiration,
106,dream,prag_r1,gratitude,
107,dream,prag_r1,admiration,
108,dream,prag_r1,amusement,
109,dream,prag_r1,neutral,
110,dream,prag_r1,neutral,
111,dream,prag_r1,optimism,
112,dream,prag_r1,neutral,
113,dream,prag_r1,neutral,
114,dream,prag_r1,curiosity,
115,dream,prag_r1,amusement,
116,dream,prag_r1,disapproval,
117,dream,prag_r1,caring,
118,dream,prag_r1,amusement,
119,dream,prag_r1,disapproval,
120,dream,prag_r1,surprise,
121,dream,prag_r1,approval,
122,dream,prag_r1,excitement,
123,dream,prag_r1,excitement,
124,dream,prag_r1,annoyance,
125,dream,prag_r1,approval,
126,dream,prag_r1,disapproval,
127,dream,prag_r1,disgust,
128,dream,prag_r1,amusement,
129,dream,prag_r1,love,
130,dream,prag_r1,desire,
131,dream,prag_r1,disapproval,
132,dream,prag_r1,disgust,
133,dream,prag_r1,amusement,
134,dream,prag_r1,amusement,
135,dream,prag_r1,neutral,
136,dream,prag_r1,disapproval,
137,dream,prag_r1,disapproval,
138,dream,prag_r1,curiosity,
139,dream,prag_r1,desire,
140,dream,prag_r1,disapproval,
141,dream,prag_r1,admiration,
142,dream,prag_r1,amusement,
143,dream,prag_r1,confusion,
144,dream,prag_r1,optimism,
145,dream,prag_r1,excitement,
146,dream,prag_r1,love,
147,dream,prag_r1,neutral,
148,dream,prag_r1,amusement,
149,dream,prag_r1,embarrassment,
150,dream,prag_r1,sadness,
151,dream,prag_r1,embarrassment,
152,dream,prag_r1,disapproval,
153,dream,prag_r1,disapproval,
154,dream,prag_r1,approval,
155,dream,prag_r1,gratitude,
156,dream,prag_r1,disapproval,
157,dream,prag_r1,disgust,
158,dream,prag_r1,approval,
159,dream,prag_r1,caring,
160,dream,prag_r1,sadness,
161,dream,prag_r1,love,
162,dream,prag_r1,amusement,
163,dream,prag_r1,amusement,
164,dream,prag_r1,admiration,
165,dream,prag_r1,neutral,
166,dream,prag_r1,admiration,
167,dream,prag_r1,excitement,
168,dream,prag_r1,neutral,
169,dream,prag_r1,annoyance,
170,dream,prag_r1,approval,
171,dream,prag_r1,disappointment,
172,dream,prag_r1,neutral,
173,dream,prag_r1,admiration,
174,dream,prag_r1,amusement,
175,dream,prag_r1,curiosity,
176,dream,prag_r1,disapproval,
177,dream,prag_r1,annoyance,
178,dream,prag_r1,annoyance,
179,dream,prag_r1,annoyance,
180,dream,prag_r1,anger,
181,dream,prag_r1,amusement,
182,dream,prag_r1,disapproval,
183,dream,prag_r1,approval,
184,dream,prag_r1,love,
185,dream,prag_r1,excitement,
186,dream,prag_r1,fear,
187,dream,prag_r1,love,
188,dream,prag_r1,disapproval,
189,dream,prag_r1,disapproval,
190,dream,prag_r1,sadness,
191,dream,prag_r1,disapproval,
192,dream,prag_r1,relief,
193,dream,prag_r1,neutral,
194,dream,prag_r1,caring,
195,dream,prag_r1,annoyance,
196,dream,prag_r1,annoyance,
197,dream,prag_r1,admiration,
198,dream,prag_r1,approval,
199,dream,prag_r1,admiration,
200,dream,prag_r1,disapproval,
201,dream,prag_r1,realization,
202,dream,prag_r1,desire,
203,dream,prag_r1,amusement,
204,dream,prag_r1,annoyance,
205,dream,prag_r1,joy,
206,dream,prag_r1,neutral,
207,dream,prag_r1,admiration,
208,dream,prag_r1,annoyance,
209,dream,prag_r1,admiration,
210,dream,prag_r1,admiration,
211,dream,prag_r1,fear,
212,dream,prag_r1,amusement,
213,dream,prag_r1,amusement,
214,dream,prag_r1,amusement,
215,dream,prag_r1,annoyance,
216,dream,prag_r1,amusement,
217,dream,prag_r1,caring,
218,dream,prag_r1,approval,
219,dream,prag_r1,disapproval,
220,dream,prag_r1,disapproval,
221,dream,prag_r1,neutral,
222,dream,prag_r1,disgust,
223,dream,prag_r1,approval,
224,dream,prag_r1,disappointment,
225,dream,prag_r1,surprise,
226,dream,prag_r1,disapproval,
227,dream,prag_r1,optimism,
228,dream,prag_r1,neutral,
229,dream,prag_r1,neutral,
230,dream,prag_r1,disapproval,
231,dream,prag_r1,caring,
232,dream,prag_r1,curiosity,
233,dream,prag_r1,disapproval,
234,dream,prag_r1,annoyance,
235,dream,prag_r1,neutral,
236,dream,prag_r1,amusement,
237,dream,prag_r1,disgust,
238,dream,prag_r1,anger,
239,dream,prag_r1,caring,
240,dream,prag_r1,disapproval,
241,dream,prag_r1,admiration,
242,dream,prag_r1,admiration,
243,dream,prag_r1,disapproval,
244,dream,prag_r1,disapproval,
245,dream,prag_r1,excitement,
246,dream,prag_r1,approval,
247,dream,prag_r1,disapproval,
248,dream,prag_r1,gratitude,
249,dream,prag_r1,gratitude,
250,dream,prag_r1,neutral,
251,dream,prag_r1,neutral,
252,dream,prag_r1,approval,
253,dream,prag_r1,approval,
254,dream,prag_r1,disapproval,
255,dream,prag_r1,neutral,
256,dream,prag_r1,disapproval,
257,dream,prag_r1,curiosity,
258,dream,prag_r1,disapproval,
259,dream,prag_r1,admiration,
260,dream,prag_r1,amusement,
261,dream,prag_r1,amusement,
262,dream,prag_r1,optimism,
263,dream,prag_r1,neutral,
264,dream,prag_r1,admiration,
265,dream,prag_r1,amusement,
266,dream,prag_r1,disapproval,
267,dream,prag_r1,fear,
268,dream,prag_r1,caring,
269,dream,prag_r1,disapproval,
270,dream,prag_r1,disapproval,
271,dream,prag_r1,disapproval,
272,dream,prag_r1,neutral,
273,dream,prag_r1,nervousness,
274,dream,prag_r1,neutral,
275,dream,prag_r1,amusement,
276,dream,prag_r1,annoyance,
277,dream,prag_r1,approval,
278,dream,prag_r1,neutral,
279,dream,prag_r1,annoyance,
280,dream,prag_r1,annoyance,
281,dream,prag_r1,approval,
282,dream,prag_r1,surprise,
283,dream,prag_r1,amusement,
284,dream,prag_r1,fear,
285,dream,prag_r1,disapproval,
286,dream,prag_r1,annoyance,
287,dream,prag_r1,annoyance,
288,dream,prag_r1,surprise,
289,dream,prag_r1,neutral,
290,dream,prag_r1,optimism,
291,dream,prag_r1,approval,
292,dream,prag_r1,amusement,
293,dream,prag_r1,caring,
294,dream,prag_r1,excitement,
295,dream,prag_r1,disapproval,
296,dream,prag_r1,joy,
297,dream,prag_r1,disapproval,
298,dream,prag_r1,approval,
299,dream,prag_r1,neutral,
300,dream,prag_r1,amusement,
